-- Generated Utah Club Water Polo Data (SQLite)

INSERT INTO clubs (club_id, name, city, state) VALUES (1, 'Club 1', 'City 1', 'Utah');
INSERT INTO clubs (club_id, name, city, state) VALUES (2, 'Club 2', 'City 2', 'Utah');
INSERT INTO clubs (club_id, name, city, state) VALUES (3, 'Club 3', 'City 3', 'Utah');
INSERT INTO clubs (club_id, name, city, state) VALUES (4, 'Club 4', 'City 4', 'Utah');
INSERT INTO clubs (club_id, name, city, state) VALUES (5, 'Club 5', 'City 5', 'Utah');
INSERT INTO persons (person_id, first_name, last_name, birth_date, gender) VALUES (1, 'F3759', 'L628', '2012-04-23', 'Male');
INSERT INTO persons (person_id, first_name, last_name, birth_date, gender) VALUES (2, 'F5364', 'L318', '2008-06-03', 'Male');
INSERT INTO persons (person_id, first_name, last_name, birth_date, gender) VALUES (3, 'F9358', 'L3613', '2013-04-02', 'Female');
INSERT INTO persons (person_id, first_name, last_name, birth_date, gender) VALUES (4, 'F4481', 'L4110', '2010-03-03', 'Female');
INSERT INTO persons (person_id, first_name, last_name, birth_date, gender) VALUES (5, 'F8177', 'L9138', '2009-01-01', 'Female');
INSERT INTO persons (person_id, first_name, last_name, birth_date, gender) VALUES (6, 'F6257', 'L9381', '2015-04-14', 'Female');
INSERT INTO persons (person_id, first_name, last_name, birth_date, gender) VALUES (7, 'F5917', 'L4981', '2006-04-15', 'Female');
INSERT INTO persons (person_id, first_name, last_name, birth_date, gender) VALUES (8, 'F7410', 'L1524', '2015-08-01', 'Male');
INSERT INTO persons (person_id, first_name, last_name, birth_date, gender) VALUES (9, 'F9216', 'L3031', '2011-02-12', 'Male');
INSERT INTO persons (person_id, first_name, last_name, birth_date, gender) VALUES (10, 'F9573', 'L7663', '2015-11-30', 'Female');
INSERT INTO persons (person_id, first_name, last_name, birth_date, gender) VALUES (11, 'F2229', 'L1788', '2012-08-15', 'Female');
INSERT INTO persons (person_id, first_name, last_name, birth_date, gender) VALUES (12, 'F2626', 'L958', '2014-12-24', 'Male');
INSERT INTO persons (person_id, first_name, last_name, birth_date, gender) VALUES (13, 'F6788', 'L8525', '2012-09-23', 'Male');
INSERT INTO persons (person_id, first_name, last_name, birth_date, gender) VALUES (14, 'F4791', 'L933', '2006-08-12', 'Female');
INSERT INTO persons (person_id, first_name, last_name, birth_date, gender) VALUES (15, 'F1452', 'L168', '2008-11-20', 'Female');
INSERT INTO persons (person_id, first_name, last_name, birth_date, gender) VALUES (16, 'F7168', 'L8634', '2009-07-10', 'Female');
INSERT INTO persons (person_id, first_name, last_name, birth_date, gender) VALUES (17, 'F5144', 'L8397', '2014-10-17', 'Male');
INSERT INTO persons (person_id, first_name, last_name, birth_date, gender) VALUES (18, 'F3696', 'L7103', '2007-03-29', 'Female');
INSERT INTO persons (person_id, first_name, last_name, birth_date, gender) VALUES (19, 'F8180', 'L2043', '2005-11-12', 'Male');
INSERT INTO persons (person_id, first_name, last_name, birth_date, gender) VALUES (20, 'F5095', 'L8564', '2005-03-21', 'Female');
INSERT INTO persons (person_id, first_name, last_name, birth_date, gender) VALUES (21, 'F3042', 'L2257', '2013-03-28', 'Female');
INSERT INTO persons (person_id, first_name, last_name, birth_date, gender) VALUES (22, 'F1784', 'L985', '2013-06-02', 'Other');
INSERT INTO persons (person_id, first_name, last_name, birth_date, gender) VALUES (23, 'F8337', 'L3593', '2015-10-06', 'Female');
INSERT INTO persons (person_id, first_name, last_name, birth_date, gender) VALUES (24, 'F1051', 'L689', '2015-09-12', 'Other');
INSERT INTO persons (person_id, first_name, last_name, birth_date, gender) VALUES (25, 'F6324', 'L4247', '2014-12-06', 'Other');
INSERT INTO persons (person_id, first_name, last_name, birth_date, gender) VALUES (26, 'F705', 'L9087', '2015-07-27', 'Male');
INSERT INTO persons (person_id, first_name, last_name, birth_date, gender) VALUES (27, 'F1017', 'L1882', '2013-03-30', 'Female');
INSERT INTO persons (person_id, first_name, last_name, birth_date, gender) VALUES (28, 'F7585', 'L3057', '2013-03-31', 'Female');
INSERT INTO persons (person_id, first_name, last_name, birth_date, gender) VALUES (29, 'F5098', 'L3851', '2005-08-10', 'Male');
INSERT INTO persons (person_id, first_name, last_name, birth_date, gender) VALUES (30, 'F9958', 'L2815', '2008-01-14', 'Other');
INSERT INTO persons (person_id, first_name, last_name, birth_date, gender) VALUES (31, 'F1172', 'L5715', '2007-01-03', 'Female');
INSERT INTO persons (person_id, first_name, last_name, birth_date, gender) VALUES (32, 'F9801', 'L6475', '2014-12-20', 'Male');
INSERT INTO persons (person_id, first_name, last_name, birth_date, gender) VALUES (33, 'F2383', 'L5942', '2012-02-15', 'Other');
INSERT INTO persons (person_id, first_name, last_name, birth_date, gender) VALUES (34, 'F3422', 'L696', '2011-01-26', 'Other');
INSERT INTO persons (person_id, first_name, last_name, birth_date, gender) VALUES (35, 'F528', 'L4813', '2013-06-05', 'Other');
INSERT INTO persons (person_id, first_name, last_name, birth_date, gender) VALUES (36, 'F7775', 'L4807', '2010-06-27', 'Female');
INSERT INTO persons (person_id, first_name, last_name, birth_date, gender) VALUES (37, 'F7373', 'L4947', '2005-12-10', 'Male');
INSERT INTO persons (person_id, first_name, last_name, birth_date, gender) VALUES (38, 'F2025', 'L7486', '2008-12-18', 'Female');
INSERT INTO persons (person_id, first_name, last_name, birth_date, gender) VALUES (39, 'F6913', 'L1164', '2011-02-06', 'Female');
INSERT INTO persons (person_id, first_name, last_name, birth_date, gender) VALUES (40, 'F4419', 'L1407', '2010-04-30', 'Other');
INSERT INTO persons (person_id, first_name, last_name, birth_date, gender) VALUES (41, 'F2736', 'L574', '2014-11-24', 'Male');
INSERT INTO persons (person_id, first_name, last_name, birth_date, gender) VALUES (42, 'F7375', 'L7921', '2014-01-06', 'Male');
INSERT INTO persons (person_id, first_name, last_name, birth_date, gender) VALUES (43, 'F2582', 'L6315', '2010-06-16', 'Male');
INSERT INTO persons (person_id, first_name, last_name, birth_date, gender) VALUES (44, 'F6912', 'L5322', '2013-06-03', 'Male');
INSERT INTO persons (person_id, first_name, last_name, birth_date, gender) VALUES (45, 'F4050', 'L6061', '2006-09-08', 'Other');
INSERT INTO persons (person_id, first_name, last_name, birth_date, gender) VALUES (46, 'F6236', 'L1926', '2013-01-04', 'Female');
INSERT INTO persons (person_id, first_name, last_name, birth_date, gender) VALUES (47, 'F3049', 'L5479', '2005-03-01', 'Male');
INSERT INTO persons (person_id, first_name, last_name, birth_date, gender) VALUES (48, 'F55', 'L6819', '2014-09-28', 'Other');
INSERT INTO persons (person_id, first_name, last_name, birth_date, gender) VALUES (49, 'F9264', 'L4000', '2014-06-08', 'Male');
INSERT INTO persons (person_id, first_name, last_name, birth_date, gender) VALUES (50, 'F9403', 'L8250', '2013-03-22', 'Other');
INSERT INTO persons (person_id, first_name, last_name, birth_date, gender) VALUES (51, 'F5493', 'L8214', '2008-08-24', 'Male');
INSERT INTO persons (person_id, first_name, last_name, birth_date, gender) VALUES (52, 'F9312', 'L1157', '2012-04-18', 'Female');
INSERT INTO persons (person_id, first_name, last_name, birth_date, gender) VALUES (53, 'F3532', 'L1199', '2005-10-12', 'Male');
INSERT INTO persons (person_id, first_name, last_name, birth_date, gender) VALUES (54, 'F4181', 'L4861', '2013-07-22', 'Other');
INSERT INTO persons (person_id, first_name, last_name, birth_date, gender) VALUES (55, 'F405', 'L3236', '2005-11-06', 'Other');
INSERT INTO persons (person_id, first_name, last_name, birth_date, gender) VALUES (56, 'F6099', 'L3316', '2009-12-23', 'Male');
INSERT INTO persons (person_id, first_name, last_name, birth_date, gender) VALUES (57, 'F5737', 'L4026', '2005-12-19', 'Male');
INSERT INTO persons (person_id, first_name, last_name, birth_date, gender) VALUES (58, 'F3942', 'L590', '2010-08-20', 'Male');
INSERT INTO persons (person_id, first_name, last_name, birth_date, gender) VALUES (59, 'F9656', 'L2051', '2014-08-21', 'Female');
INSERT INTO persons (person_id, first_name, last_name, birth_date, gender) VALUES (60, 'F6716', 'L9474', '2008-11-29', 'Male');
INSERT INTO persons (person_id, first_name, last_name, birth_date, gender) VALUES (61, 'F7213', 'L3300', '2010-06-01', 'Male');
INSERT INTO persons (person_id, first_name, last_name, birth_date, gender) VALUES (62, 'F7036', 'L4386', '2012-03-05', 'Other');
INSERT INTO persons (person_id, first_name, last_name, birth_date, gender) VALUES (63, 'F3969', 'L9019', '2011-03-22', 'Male');
INSERT INTO persons (person_id, first_name, last_name, birth_date, gender) VALUES (64, 'F8306', 'L6634', '2006-12-23', 'Other');
INSERT INTO persons (person_id, first_name, last_name, birth_date, gender) VALUES (65, 'F2354', 'L1046', '2010-01-06', 'Female');
INSERT INTO persons (person_id, first_name, last_name, birth_date, gender) VALUES (66, 'F7009', 'L484', '2005-05-20', 'Male');
INSERT INTO persons (person_id, first_name, last_name, birth_date, gender) VALUES (67, 'F2984', 'L7898', '2015-07-01', 'Male');
INSERT INTO persons (person_id, first_name, last_name, birth_date, gender) VALUES (68, 'F3648', 'L8104', '2013-05-25', 'Male');
INSERT INTO persons (person_id, first_name, last_name, birth_date, gender) VALUES (69, 'F3012', 'L5466', '2006-11-27', 'Other');
INSERT INTO persons (person_id, first_name, last_name, birth_date, gender) VALUES (70, 'F923', 'L3716', '2015-04-02', 'Other');
INSERT INTO persons (person_id, first_name, last_name, birth_date, gender) VALUES (71, 'F4393', 'L5970', '2006-04-11', 'Other');
INSERT INTO persons (person_id, first_name, last_name, birth_date, gender) VALUES (72, 'F1247', 'L2409', '2010-01-30', 'Female');
INSERT INTO persons (person_id, first_name, last_name, birth_date, gender) VALUES (73, 'F9682', 'L5983', '2007-02-06', 'Female');
INSERT INTO persons (person_id, first_name, last_name, birth_date, gender) VALUES (74, 'F8458', 'L2367', '2014-06-25', 'Female');
INSERT INTO persons (person_id, first_name, last_name, birth_date, gender) VALUES (75, 'F3946', 'L1060', '2015-04-22', 'Male');
INSERT INTO persons (person_id, first_name, last_name, birth_date, gender) VALUES (76, 'F5213', 'L3207', '2011-11-13', 'Female');
INSERT INTO persons (person_id, first_name, last_name, birth_date, gender) VALUES (77, 'F1065', 'L5728', '2007-09-07', 'Other');
INSERT INTO persons (person_id, first_name, last_name, birth_date, gender) VALUES (78, 'F9249', 'L2225', '2013-03-27', 'Male');
INSERT INTO persons (person_id, first_name, last_name, birth_date, gender) VALUES (79, 'F6240', 'L8969', '2010-12-08', 'Other');
INSERT INTO persons (person_id, first_name, last_name, birth_date, gender) VALUES (80, 'F5638', 'L1068', '2010-09-25', 'Female');
INSERT INTO persons (person_id, first_name, last_name, birth_date, gender) VALUES (81, 'F524', 'L1627', '2006-05-16', 'Other');
INSERT INTO persons (person_id, first_name, last_name, birth_date, gender) VALUES (82, 'F7017', 'L7760', '2013-03-19', 'Other');
INSERT INTO persons (person_id, first_name, last_name, birth_date, gender) VALUES (83, 'F5204', 'L5035', '2012-08-08', 'Other');
INSERT INTO persons (person_id, first_name, last_name, birth_date, gender) VALUES (84, 'F7928', 'L4623', '2011-09-21', 'Other');
INSERT INTO persons (person_id, first_name, last_name, birth_date, gender) VALUES (85, 'F7637', 'L1871', '2008-06-22', 'Male');
INSERT INTO persons (person_id, first_name, last_name, birth_date, gender) VALUES (86, 'F3362', 'L6324', '2014-07-05', 'Other');
INSERT INTO persons (person_id, first_name, last_name, birth_date, gender) VALUES (87, 'F8912', 'L6233', '2005-01-03', 'Male');
INSERT INTO persons (person_id, first_name, last_name, birth_date, gender) VALUES (88, 'F8168', 'L7037', '2005-01-21', 'Other');
INSERT INTO persons (person_id, first_name, last_name, birth_date, gender) VALUES (89, 'F9899', 'L2040', '2006-03-06', 'Male');
INSERT INTO persons (person_id, first_name, last_name, birth_date, gender) VALUES (90, 'F6844', 'L7654', '2010-05-12', 'Male');
INSERT INTO persons (person_id, first_name, last_name, birth_date, gender) VALUES (91, 'F2810', 'L8171', '2005-11-29', 'Male');
INSERT INTO persons (person_id, first_name, last_name, birth_date, gender) VALUES (92, 'F2507', 'L1215', '2011-09-28', 'Male');
INSERT INTO persons (person_id, first_name, last_name, birth_date, gender) VALUES (93, 'F7549', 'L3409', '2011-11-21', 'Male');
INSERT INTO persons (person_id, first_name, last_name, birth_date, gender) VALUES (94, 'F5850', 'L5394', '2010-02-28', 'Other');
INSERT INTO persons (person_id, first_name, last_name, birth_date, gender) VALUES (95, 'F5577', 'L2198', '2010-12-26', 'Male');
INSERT INTO persons (person_id, first_name, last_name, birth_date, gender) VALUES (96, 'F5440', 'L2604', '2014-11-03', 'Other');
INSERT INTO persons (person_id, first_name, last_name, birth_date, gender) VALUES (97, 'F2900', 'L9207', '2008-04-21', 'Other');
INSERT INTO persons (person_id, first_name, last_name, birth_date, gender) VALUES (98, 'F4054', 'L8660', '2009-11-15', 'Male');
INSERT INTO persons (person_id, first_name, last_name, birth_date, gender) VALUES (99, 'F2210', 'L4710', '2005-08-06', 'Other');
INSERT INTO persons (person_id, first_name, last_name, birth_date, gender) VALUES (100, 'F10', 'L7643', '2012-10-31', 'Male');
INSERT INTO persons (person_id, first_name, last_name, birth_date, gender) VALUES (101, 'F3793', 'L5058', '2008-12-27', 'Male');
INSERT INTO persons (person_id, first_name, last_name, birth_date, gender) VALUES (102, 'F9258', 'L9963', '2007-10-09', 'Other');
INSERT INTO persons (person_id, first_name, last_name, birth_date, gender) VALUES (103, 'F3587', 'L6183', '2012-04-19', 'Female');
INSERT INTO persons (person_id, first_name, last_name, birth_date, gender) VALUES (104, 'F8906', 'L7031', '2012-09-30', 'Female');
INSERT INTO persons (person_id, first_name, last_name, birth_date, gender) VALUES (105, 'F5450', 'L5274', '2005-02-17', 'Other');
INSERT INTO persons (person_id, first_name, last_name, birth_date, gender) VALUES (106, 'F5829', 'L5791', '2005-01-03', 'Other');
INSERT INTO persons (person_id, first_name, last_name, birth_date, gender) VALUES (107, 'F9270', 'L2275', '2009-06-21', 'Other');
INSERT INTO persons (person_id, first_name, last_name, birth_date, gender) VALUES (108, 'F3355', 'L1181', '2015-10-31', 'Other');
INSERT INTO persons (person_id, first_name, last_name, birth_date, gender) VALUES (109, 'F287', 'L5761', '2010-06-06', 'Other');
INSERT INTO persons (person_id, first_name, last_name, birth_date, gender) VALUES (110, 'F5646', 'L26', '2005-08-10', 'Female');
INSERT INTO persons (person_id, first_name, last_name, birth_date, gender) VALUES (111, 'F686', 'L210', '2008-06-10', 'Female');
INSERT INTO persons (person_id, first_name, last_name, birth_date, gender) VALUES (112, 'F3060', 'L7815', '2009-04-29', 'Female');
INSERT INTO persons (person_id, first_name, last_name, birth_date, gender) VALUES (113, 'F689', 'L9042', '2014-06-12', 'Female');
INSERT INTO persons (person_id, first_name, last_name, birth_date, gender) VALUES (114, 'F4315', 'L8310', '2005-12-23', 'Male');
INSERT INTO persons (person_id, first_name, last_name, birth_date, gender) VALUES (115, 'F5422', 'L564', '2014-03-01', 'Other');
INSERT INTO persons (person_id, first_name, last_name, birth_date, gender) VALUES (116, 'F3178', 'L4649', '2015-04-08', 'Other');
INSERT INTO persons (person_id, first_name, last_name, birth_date, gender) VALUES (117, 'F3185', 'L9931', '2015-03-17', 'Male');
INSERT INTO persons (person_id, first_name, last_name, birth_date, gender) VALUES (118, 'F9718', 'L5509', '2012-04-27', 'Other');
INSERT INTO persons (person_id, first_name, last_name, birth_date, gender) VALUES (119, 'F19', 'L2597', '2007-07-28', 'Other');
INSERT INTO persons (person_id, first_name, last_name, birth_date, gender) VALUES (120, 'F5599', 'L7676', '2013-09-26', 'Male');
INSERT INTO persons (person_id, first_name, last_name, birth_date, gender) VALUES (121, 'F1764', 'L4257', '2009-09-05', 'Female');
INSERT INTO persons (person_id, first_name, last_name, birth_date, gender) VALUES (122, 'F1373', 'L1390', '2005-09-16', 'Male');
INSERT INTO persons (person_id, first_name, last_name, birth_date, gender) VALUES (123, 'F3691', 'L6141', '2015-12-23', 'Female');
INSERT INTO persons (person_id, first_name, last_name, birth_date, gender) VALUES (124, 'F880', 'L9671', '2015-06-30', 'Male');
INSERT INTO persons (person_id, first_name, last_name, birth_date, gender) VALUES (125, 'F1604', 'L8117', '2006-06-21', 'Female');
INSERT INTO persons (person_id, first_name, last_name, birth_date, gender) VALUES (126, 'F1755', 'L1522', '2010-03-02', 'Other');
INSERT INTO persons (person_id, first_name, last_name, birth_date, gender) VALUES (127, 'F240', 'L6907', '2012-12-02', 'Other');
INSERT INTO persons (person_id, first_name, last_name, birth_date, gender) VALUES (128, 'F254', 'L6009', '2010-12-11', 'Male');
INSERT INTO persons (person_id, first_name, last_name, birth_date, gender) VALUES (129, 'F7667', 'L2138', '2010-12-27', 'Other');
INSERT INTO persons (person_id, first_name, last_name, birth_date, gender) VALUES (130, 'F6540', 'L3251', '2010-03-12', 'Other');
INSERT INTO persons (person_id, first_name, last_name, birth_date, gender) VALUES (131, 'F4256', 'L1955', '2013-10-09', 'Female');
INSERT INTO persons (person_id, first_name, last_name, birth_date, gender) VALUES (132, 'F5554', 'L8592', '2005-09-27', 'Other');
INSERT INTO persons (person_id, first_name, last_name, birth_date, gender) VALUES (133, 'F970', 'L8546', '2014-08-10', 'Other');
INSERT INTO persons (person_id, first_name, last_name, birth_date, gender) VALUES (134, 'F1770', 'L2781', '2010-11-18', 'Other');
INSERT INTO persons (person_id, first_name, last_name, birth_date, gender) VALUES (135, 'F6520', 'L5406', '2013-02-19', 'Female');
INSERT INTO persons (person_id, first_name, last_name, birth_date, gender) VALUES (136, 'F6454', 'L98', '2010-11-05', 'Other');
INSERT INTO persons (person_id, first_name, last_name, birth_date, gender) VALUES (137, 'F5201', 'L9968', '2012-03-08', 'Female');
INSERT INTO persons (person_id, first_name, last_name, birth_date, gender) VALUES (138, 'F660', 'L7193', '2008-10-19', 'Female');
INSERT INTO persons (person_id, first_name, last_name, birth_date, gender) VALUES (139, 'F1357', 'L7458', '2012-04-17', 'Other');
INSERT INTO persons (person_id, first_name, last_name, birth_date, gender) VALUES (140, 'F1483', 'L5437', '2007-06-18', 'Female');
INSERT INTO persons (person_id, first_name, last_name, birth_date, gender) VALUES (141, 'F1092', 'L4815', '2009-07-21', 'Other');
INSERT INTO persons (person_id, first_name, last_name, birth_date, gender) VALUES (142, 'F4860', 'L4754', '2005-01-08', 'Female');
INSERT INTO persons (person_id, first_name, last_name, birth_date, gender) VALUES (143, 'F3598', 'L2474', '2008-12-13', 'Male');
INSERT INTO persons (person_id, first_name, last_name, birth_date, gender) VALUES (144, 'F9747', 'L6875', '2005-07-03', 'Male');
INSERT INTO persons (person_id, first_name, last_name, birth_date, gender) VALUES (145, 'F2466', 'L9184', '2010-12-13', 'Female');
INSERT INTO persons (person_id, first_name, last_name, birth_date, gender) VALUES (146, 'F6328', 'L6060', '2008-11-23', 'Male');
INSERT INTO persons (person_id, first_name, last_name, birth_date, gender) VALUES (147, 'F4356', 'L9733', '2006-09-11', 'Female');
INSERT INTO persons (person_id, first_name, last_name, birth_date, gender) VALUES (148, 'F3444', 'L9857', '2013-06-01', 'Female');
INSERT INTO persons (person_id, first_name, last_name, birth_date, gender) VALUES (149, 'F727', 'L4993', '2005-09-27', 'Other');
INSERT INTO persons (person_id, first_name, last_name, birth_date, gender) VALUES (150, 'F5975', 'L7571', '2011-12-09', 'Other');
INSERT INTO persons (person_id, first_name, last_name, birth_date, gender) VALUES (151, 'F6581', 'L127', '2009-12-10', 'Male');
INSERT INTO persons (person_id, first_name, last_name, birth_date, gender) VALUES (152, 'F1867', 'L6200', '2008-11-17', 'Female');
INSERT INTO persons (person_id, first_name, last_name, birth_date, gender) VALUES (153, 'F8529', 'L5332', '2007-10-08', 'Male');
INSERT INTO persons (person_id, first_name, last_name, birth_date, gender) VALUES (154, 'F7098', 'L1950', '2006-12-07', 'Male');
INSERT INTO persons (person_id, first_name, last_name, birth_date, gender) VALUES (155, 'F9125', 'L2847', '2006-02-13', 'Other');
INSERT INTO persons (person_id, first_name, last_name, birth_date, gender) VALUES (156, 'F8664', 'L6491', '2009-05-28', 'Other');
INSERT INTO persons (person_id, first_name, last_name, birth_date, gender) VALUES (157, 'F2177', 'L6351', '2015-03-17', 'Male');
INSERT INTO persons (person_id, first_name, last_name, birth_date, gender) VALUES (158, 'F6090', 'L6278', '2010-10-17', 'Male');
INSERT INTO persons (person_id, first_name, last_name, birth_date, gender) VALUES (159, 'F6479', 'L768', '2014-06-08', 'Male');
INSERT INTO persons (person_id, first_name, last_name, birth_date, gender) VALUES (160, 'F5690', 'L5508', '2012-11-05', 'Male');
INSERT INTO persons (person_id, first_name, last_name, birth_date, gender) VALUES (161, 'F2580', 'L1911', '2006-05-25', 'Male');
INSERT INTO persons (person_id, first_name, last_name, birth_date, gender) VALUES (162, 'F104', 'L2602', '2011-07-01', 'Other');
INSERT INTO persons (person_id, first_name, last_name, birth_date, gender) VALUES (163, 'F1496', 'L6544', '2011-08-09', 'Male');
INSERT INTO persons (person_id, first_name, last_name, birth_date, gender) VALUES (164, 'F129', 'L7703', '2012-06-27', 'Female');
INSERT INTO persons (person_id, first_name, last_name, birth_date, gender) VALUES (165, 'F4207', 'L5392', '2008-04-18', 'Male');
INSERT INTO persons (person_id, first_name, last_name, birth_date, gender) VALUES (166, 'F225', 'L4600', '2011-10-30', 'Male');
INSERT INTO persons (person_id, first_name, last_name, birth_date, gender) VALUES (167, 'F6573', 'L3326', '2009-02-13', 'Female');
INSERT INTO persons (person_id, first_name, last_name, birth_date, gender) VALUES (168, 'F669', 'L1953', '2012-08-24', 'Other');
INSERT INTO persons (person_id, first_name, last_name, birth_date, gender) VALUES (169, 'F46', 'L4888', '2013-12-12', 'Other');
INSERT INTO persons (person_id, first_name, last_name, birth_date, gender) VALUES (170, 'F246', 'L6739', '2014-11-15', 'Other');
INSERT INTO persons (person_id, first_name, last_name, birth_date, gender) VALUES (171, 'F7967', 'L7110', '2007-07-23', 'Other');
INSERT INTO persons (person_id, first_name, last_name, birth_date, gender) VALUES (172, 'F5207', 'L6111', '2013-09-09', 'Male');
INSERT INTO persons (person_id, first_name, last_name, birth_date, gender) VALUES (173, 'F1909', 'L1199', '2008-01-10', 'Other');
INSERT INTO persons (person_id, first_name, last_name, birth_date, gender) VALUES (174, 'F1284', 'L4951', '2012-07-31', 'Female');
INSERT INTO persons (person_id, first_name, last_name, birth_date, gender) VALUES (175, 'F1991', 'L4859', '2007-02-14', 'Other');
INSERT INTO persons (person_id, first_name, last_name, birth_date, gender) VALUES (176, 'F8921', 'L3102', '2007-04-01', 'Male');
INSERT INTO persons (person_id, first_name, last_name, birth_date, gender) VALUES (177, 'F5645', 'L2824', '2012-02-16', 'Female');
INSERT INTO persons (person_id, first_name, last_name, birth_date, gender) VALUES (178, 'F7822', 'L5014', '2011-12-11', 'Female');
INSERT INTO persons (person_id, first_name, last_name, birth_date, gender) VALUES (179, 'F6320', 'L2831', '2010-04-21', 'Other');
INSERT INTO persons (person_id, first_name, last_name, birth_date, gender) VALUES (180, 'F1198', 'L109', '2010-01-03', 'Female');
INSERT INTO persons (person_id, first_name, last_name, birth_date, gender) VALUES (181, 'F6305', 'L429', '2010-06-13', 'Other');
INSERT INTO persons (person_id, first_name, last_name, birth_date, gender) VALUES (182, 'F8451', 'L3285', '2013-09-27', 'Male');
INSERT INTO persons (person_id, first_name, last_name, birth_date, gender) VALUES (183, 'F5045', 'L7031', '2009-08-26', 'Other');
INSERT INTO persons (person_id, first_name, last_name, birth_date, gender) VALUES (184, 'F1078', 'L9976', '2015-12-06', 'Other');
INSERT INTO persons (person_id, first_name, last_name, birth_date, gender) VALUES (185, 'F9301', 'L7663', '2006-12-19', 'Male');
INSERT INTO persons (person_id, first_name, last_name, birth_date, gender) VALUES (186, 'F1646', 'L1731', '2006-12-19', 'Male');
INSERT INTO persons (person_id, first_name, last_name, birth_date, gender) VALUES (187, 'F3543', 'L9114', '2012-04-07', 'Female');
INSERT INTO persons (person_id, first_name, last_name, birth_date, gender) VALUES (188, 'F1853', 'L4498', '2006-02-19', 'Female');
INSERT INTO persons (person_id, first_name, last_name, birth_date, gender) VALUES (189, 'F4491', 'L9624', '2005-05-19', 'Male');
INSERT INTO persons (person_id, first_name, last_name, birth_date, gender) VALUES (190, 'F4405', 'L20', '2007-06-01', 'Female');
INSERT INTO persons (person_id, first_name, last_name, birth_date, gender) VALUES (191, 'F7942', 'L9535', '2010-03-12', 'Other');
INSERT INTO persons (person_id, first_name, last_name, birth_date, gender) VALUES (192, 'F3693', 'L7861', '2013-01-29', 'Male');
INSERT INTO persons (person_id, first_name, last_name, birth_date, gender) VALUES (193, 'F622', 'L606', '2009-10-10', 'Male');
INSERT INTO persons (person_id, first_name, last_name, birth_date, gender) VALUES (194, 'F9983', 'L9530', '2009-12-04', 'Male');
INSERT INTO persons (person_id, first_name, last_name, birth_date, gender) VALUES (195, 'F1849', 'L5716', '2005-06-29', 'Other');
INSERT INTO persons (person_id, first_name, last_name, birth_date, gender) VALUES (196, 'F1699', 'L320', '2012-10-10', 'Other');
INSERT INTO persons (person_id, first_name, last_name, birth_date, gender) VALUES (197, 'F5716', 'L4450', '2006-01-18', 'Male');
INSERT INTO persons (person_id, first_name, last_name, birth_date, gender) VALUES (198, 'F758', 'L8489', '2013-07-18', 'Female');
INSERT INTO persons (person_id, first_name, last_name, birth_date, gender) VALUES (199, 'F6543', 'L5710', '2005-03-13', 'Female');
INSERT INTO persons (person_id, first_name, last_name, birth_date, gender) VALUES (200, 'F6551', 'L2939', '2010-04-03', 'Female');
INSERT INTO persons (person_id, first_name, last_name, birth_date, gender) VALUES (201, 'F101', 'L996', '2015-04-29', 'Male');
INSERT INTO persons (person_id, first_name, last_name, birth_date, gender) VALUES (202, 'F1938', 'L8105', '2010-11-25', 'Male');
INSERT INTO persons (person_id, first_name, last_name, birth_date, gender) VALUES (203, 'F2129', 'L2152', '2012-06-06', 'Male');
INSERT INTO persons (person_id, first_name, last_name, birth_date, gender) VALUES (204, 'F1525', 'L6761', '2011-07-22', 'Male');
INSERT INTO persons (person_id, first_name, last_name, birth_date, gender) VALUES (205, 'F2181', 'L9237', '2012-12-26', 'Other');
INSERT INTO persons (person_id, first_name, last_name, birth_date, gender) VALUES (206, 'F1915', 'L2023', '2009-10-23', 'Other');
INSERT INTO persons (person_id, first_name, last_name, birth_date, gender) VALUES (207, 'F4524', 'L260', '2013-10-31', 'Female');
INSERT INTO persons (person_id, first_name, last_name, birth_date, gender) VALUES (208, 'F6679', 'L3639', '2012-02-15', 'Female');
INSERT INTO persons (person_id, first_name, last_name, birth_date, gender) VALUES (209, 'F4294', 'L8603', '2005-05-19', 'Female');
INSERT INTO persons (person_id, first_name, last_name, birth_date, gender) VALUES (210, 'F5390', 'L5665', '2015-06-01', 'Female');
INSERT INTO persons (person_id, first_name, last_name, birth_date, gender) VALUES (211, 'F7995', 'L1566', '2015-11-10', 'Male');
INSERT INTO persons (person_id, first_name, last_name, birth_date, gender) VALUES (212, 'F8607', 'L6323', '2013-03-03', 'Other');
INSERT INTO persons (person_id, first_name, last_name, birth_date, gender) VALUES (213, 'F2831', 'L8212', '2007-05-03', 'Male');
INSERT INTO persons (person_id, first_name, last_name, birth_date, gender) VALUES (214, 'F1978', 'L1679', '2010-01-02', 'Other');
INSERT INTO persons (person_id, first_name, last_name, birth_date, gender) VALUES (215, 'F3012', 'L1901', '2010-02-06', 'Other');
INSERT INTO persons (person_id, first_name, last_name, birth_date, gender) VALUES (216, 'F9198', 'L3249', '2010-03-03', 'Male');
INSERT INTO persons (person_id, first_name, last_name, birth_date, gender) VALUES (217, 'F1357', 'L9780', '2005-04-18', 'Female');
INSERT INTO persons (person_id, first_name, last_name, birth_date, gender) VALUES (218, 'F2494', 'L4146', '2013-10-08', 'Other');
INSERT INTO persons (person_id, first_name, last_name, birth_date, gender) VALUES (219, 'F8573', 'L101', '2013-09-21', 'Other');
INSERT INTO persons (person_id, first_name, last_name, birth_date, gender) VALUES (220, 'F5736', 'L3445', '2009-09-28', 'Other');
INSERT INTO persons (person_id, first_name, last_name, birth_date, gender) VALUES (221, 'F8224', 'L7279', '2013-10-25', 'Female');
INSERT INTO persons (person_id, first_name, last_name, birth_date, gender) VALUES (222, 'F6633', 'L2816', '2011-11-03', 'Male');
INSERT INTO persons (person_id, first_name, last_name, birth_date, gender) VALUES (223, 'F5731', 'L8080', '2012-04-20', 'Female');
INSERT INTO persons (person_id, first_name, last_name, birth_date, gender) VALUES (224, 'F6156', 'L7002', '2005-06-20', 'Male');
INSERT INTO persons (person_id, first_name, last_name, birth_date, gender) VALUES (225, 'F5582', 'L5651', '2005-08-10', 'Male');
INSERT INTO persons (person_id, first_name, last_name, birth_date, gender) VALUES (226, 'F9462', 'L4623', '2010-06-21', 'Male');
INSERT INTO persons (person_id, first_name, last_name, birth_date, gender) VALUES (227, 'F398', 'L5305', '2014-11-07', 'Other');
INSERT INTO persons (person_id, first_name, last_name, birth_date, gender) VALUES (228, 'F8982', 'L2799', '2008-06-24', 'Female');
INSERT INTO persons (person_id, first_name, last_name, birth_date, gender) VALUES (229, 'F8459', 'L4112', '2009-03-06', 'Female');
INSERT INTO persons (person_id, first_name, last_name, birth_date, gender) VALUES (230, 'F9220', 'L7757', '2007-03-06', 'Other');
INSERT INTO persons (person_id, first_name, last_name, birth_date, gender) VALUES (231, 'F5301', 'L157', '2013-11-30', 'Other');
INSERT INTO persons (person_id, first_name, last_name, birth_date, gender) VALUES (232, 'F6726', 'L9005', '2011-03-28', 'Male');
INSERT INTO persons (person_id, first_name, last_name, birth_date, gender) VALUES (233, 'F7807', 'L2055', '2011-11-27', 'Female');
INSERT INTO persons (person_id, first_name, last_name, birth_date, gender) VALUES (234, 'F3137', 'L5753', '2010-08-02', 'Female');
INSERT INTO persons (person_id, first_name, last_name, birth_date, gender) VALUES (235, 'F9854', 'L7719', '2010-06-01', 'Female');
INSERT INTO persons (person_id, first_name, last_name, birth_date, gender) VALUES (236, 'F5660', 'L3125', '2012-05-19', 'Male');
INSERT INTO persons (person_id, first_name, last_name, birth_date, gender) VALUES (237, 'F7598', 'L6847', '2013-06-12', 'Male');
INSERT INTO persons (person_id, first_name, last_name, birth_date, gender) VALUES (238, 'F1577', 'L4545', '2011-04-28', 'Female');
INSERT INTO persons (person_id, first_name, last_name, birth_date, gender) VALUES (239, 'F2451', 'L2283', '2010-12-27', 'Male');
INSERT INTO persons (person_id, first_name, last_name, birth_date, gender) VALUES (240, 'F2908', 'L6779', '2008-01-07', 'Female');
INSERT INTO persons (person_id, first_name, last_name, birth_date, gender) VALUES (241, 'F8129', 'L8388', '2013-03-27', 'Other');
INSERT INTO persons (person_id, first_name, last_name, birth_date, gender) VALUES (242, 'F4953', 'L1705', '2007-02-27', 'Male');
INSERT INTO persons (person_id, first_name, last_name, birth_date, gender) VALUES (243, 'F4765', 'L8335', '2006-02-27', 'Female');
INSERT INTO persons (person_id, first_name, last_name, birth_date, gender) VALUES (244, 'F1831', 'L5943', '2005-11-20', 'Female');
INSERT INTO persons (person_id, first_name, last_name, birth_date, gender) VALUES (245, 'F2283', 'L542', '2006-10-02', 'Male');
INSERT INTO persons (person_id, first_name, last_name, birth_date, gender) VALUES (246, 'F7627', 'L4222', '2006-09-10', 'Other');
INSERT INTO persons (person_id, first_name, last_name, birth_date, gender) VALUES (247, 'F2921', 'L4811', '2008-05-01', 'Female');
INSERT INTO persons (person_id, first_name, last_name, birth_date, gender) VALUES (248, 'F2967', 'L9110', '2009-01-04', 'Male');
INSERT INTO persons (person_id, first_name, last_name, birth_date, gender) VALUES (249, 'F9746', 'L4112', '2013-06-07', 'Other');
INSERT INTO persons (person_id, first_name, last_name, birth_date, gender) VALUES (250, 'F2253', 'L7549', '2012-08-05', 'Other');
INSERT INTO seasons (season_id, year, name, start_date, end_date) VALUES (1, 2025, 'Spring 2025', '2025-03-01', '2025-06-01');
INSERT INTO tournaments (tournament_id, season_id, name, location, start_date, end_date) VALUES (1, 1, 'Utah Cup', 'Salt Lake City', '2025-04-15', '2025-04-17');
INSERT INTO teams (team_id, club_id, age_group, gender, division, team_name) VALUES (1, 1, '10U', 'Boys', 'Silver', '10U Boys Silver Club1');
INSERT INTO player_memberships (person_id, team_id, start_date, jersey_number, main_position) VALUES (181, 1, '2025-03-01', 54, 'Center');
INSERT INTO player_season_stats (person_id, season_id, team_id, total_goals, total_assists, total_shots, total_steals, total_blocks, total_exclusions) VALUES (181, 1, 1, 4, 4, 0, 1, 2, 0);
INSERT INTO player_memberships (person_id, team_id, start_date, jersey_number, main_position) VALUES (213, 1, '2025-03-01', 19, 'Defender');
INSERT INTO player_season_stats (person_id, season_id, team_id, total_goals, total_assists, total_shots, total_steals, total_blocks, total_exclusions) VALUES (213, 1, 1, 9, 4, 8, 3, 1, 1);
INSERT INTO player_memberships (person_id, team_id, start_date, jersey_number, main_position) VALUES (225, 1, '2025-03-01', 82, 'Defender');
INSERT INTO player_season_stats (person_id, season_id, team_id, total_goals, total_assists, total_shots, total_steals, total_blocks, total_exclusions) VALUES (225, 1, 1, 10, 10, 4, 1, 2, 0);
INSERT INTO player_memberships (person_id, team_id, start_date, jersey_number, main_position) VALUES (199, 1, '2025-03-01', 59, 'Center');
INSERT INTO player_season_stats (person_id, season_id, team_id, total_goals, total_assists, total_shots, total_steals, total_blocks, total_exclusions) VALUES (199, 1, 1, 1, 1, 15, 2, 1, 0);
INSERT INTO player_memberships (person_id, team_id, start_date, jersey_number, main_position) VALUES (219, 1, '2025-03-01', 62, 'Driver');
INSERT INTO player_season_stats (person_id, season_id, team_id, total_goals, total_assists, total_shots, total_steals, total_blocks, total_exclusions) VALUES (219, 1, 1, 8, 2, 7, 0, 1, 0);
INSERT INTO player_memberships (person_id, team_id, start_date, jersey_number, main_position) VALUES (229, 1, '2025-03-01', 2, 'Utility');
INSERT INTO player_season_stats (person_id, season_id, team_id, total_goals, total_assists, total_shots, total_steals, total_blocks, total_exclusions) VALUES (229, 1, 1, 9, 10, 12, 5, 1, 1);
INSERT INTO player_memberships (person_id, team_id, start_date, jersey_number, main_position) VALUES (140, 1, '2025-03-01', 36, 'Utility');
INSERT INTO player_season_stats (person_id, season_id, team_id, total_goals, total_assists, total_shots, total_steals, total_blocks, total_exclusions) VALUES (140, 1, 1, 10, 5, 7, 2, 2, 1);
INSERT INTO teams (team_id, club_id, age_group, gender, division, team_name) VALUES (2, 1, '12U', 'Girls', 'Gold', '12U Girls Gold Club1');
INSERT INTO player_memberships (person_id, team_id, start_date, jersey_number, main_position) VALUES (121, 2, '2025-03-01', 79, 'Utility');
INSERT INTO player_season_stats (person_id, season_id, team_id, total_goals, total_assists, total_shots, total_steals, total_blocks, total_exclusions) VALUES (121, 1, 2, 3, 7, 5, 5, 3, 2);
INSERT INTO player_memberships (person_id, team_id, start_date, jersey_number, main_position) VALUES (71, 2, '2025-03-01', 1, 'Defender');
INSERT INTO player_season_stats (person_id, season_id, team_id, total_goals, total_assists, total_shots, total_steals, total_blocks, total_exclusions) VALUES (71, 1, 2, 3, 6, 7, 3, 2, 0);
INSERT INTO player_memberships (person_id, team_id, start_date, jersey_number, main_position) VALUES (215, 2, '2025-03-01', 6, 'Defender');
INSERT INTO player_season_stats (person_id, season_id, team_id, total_goals, total_assists, total_shots, total_steals, total_blocks, total_exclusions) VALUES (215, 1, 2, 1, 2, 13, 3, 0, 2);
INSERT INTO player_memberships (person_id, team_id, start_date, jersey_number, main_position) VALUES (11, 2, '2025-03-01', 94, 'Defender');
INSERT INTO player_season_stats (person_id, season_id, team_id, total_goals, total_assists, total_shots, total_steals, total_blocks, total_exclusions) VALUES (11, 1, 2, 5, 5, 3, 1, 1, 2);
INSERT INTO player_memberships (person_id, team_id, start_date, jersey_number, main_position) VALUES (91, 2, '2025-03-01', 83, 'Defender');
INSERT INTO player_season_stats (person_id, season_id, team_id, total_goals, total_assists, total_shots, total_steals, total_blocks, total_exclusions) VALUES (91, 1, 2, 8, 9, 2, 3, 0, 2);
INSERT INTO player_memberships (person_id, team_id, start_date, jersey_number, main_position) VALUES (234, 2, '2025-03-01', 34, 'Utility');
INSERT INTO player_season_stats (person_id, season_id, team_id, total_goals, total_assists, total_shots, total_steals, total_blocks, total_exclusions) VALUES (234, 1, 2, 6, 9, 5, 1, 2, 1);
INSERT INTO player_memberships (person_id, team_id, start_date, jersey_number, main_position) VALUES (86, 2, '2025-03-01', 63, 'Center');
INSERT INTO player_season_stats (person_id, season_id, team_id, total_goals, total_assists, total_shots, total_steals, total_blocks, total_exclusions) VALUES (86, 1, 2, 1, 3, 14, 2, 1, 1);
INSERT INTO teams (team_id, club_id, age_group, gender, division, team_name) VALUES (3, 1, '14U', 'Boys', 'Silver', '14U Boys Silver Club1');
INSERT INTO player_memberships (person_id, team_id, start_date, jersey_number, main_position) VALUES (213, 3, '2025-03-01', 41, 'Center');
INSERT INTO player_memberships (person_id, team_id, start_date, jersey_number, main_position) VALUES (244, 3, '2025-03-01', 41, 'Defender');
INSERT INTO player_season_stats (person_id, season_id, team_id, total_goals, total_assists, total_shots, total_steals, total_blocks, total_exclusions) VALUES (244, 1, 3, 10, 3, 14, 1, 2, 0);
INSERT INTO player_memberships (person_id, team_id, start_date, jersey_number, main_position) VALUES (221, 3, '2025-03-01', 88, 'Defender');
INSERT INTO player_season_stats (person_id, season_id, team_id, total_goals, total_assists, total_shots, total_steals, total_blocks, total_exclusions) VALUES (221, 1, 3, 10, 0, 2, 4, 2, 0);
INSERT INTO player_memberships (person_id, team_id, start_date, jersey_number, main_position) VALUES (63, 3, '2025-03-01', 54, 'Driver');
INSERT INTO player_season_stats (person_id, season_id, team_id, total_goals, total_assists, total_shots, total_steals, total_blocks, total_exclusions) VALUES (63, 1, 3, 3, 3, 0, 0, 0, 0);
INSERT INTO player_memberships (person_id, team_id, start_date, jersey_number, main_position) VALUES (116, 3, '2025-03-01', 51, 'Driver');
INSERT INTO player_season_stats (person_id, season_id, team_id, total_goals, total_assists, total_shots, total_steals, total_blocks, total_exclusions) VALUES (116, 1, 3, 5, 9, 13, 5, 3, 2);
INSERT INTO player_memberships (person_id, team_id, start_date, jersey_number, main_position) VALUES (104, 3, '2025-03-01', 42, 'Utility');
INSERT INTO player_season_stats (person_id, season_id, team_id, total_goals, total_assists, total_shots, total_steals, total_blocks, total_exclusions) VALUES (104, 1, 3, 3, 2, 6, 2, 2, 0);
INSERT INTO player_memberships (person_id, team_id, start_date, jersey_number, main_position) VALUES (93, 3, '2025-03-01', 45, 'Driver');
INSERT INTO player_season_stats (person_id, season_id, team_id, total_goals, total_assists, total_shots, total_steals, total_blocks, total_exclusions) VALUES (93, 1, 3, 2, 1, 8, 4, 1, 1);
INSERT INTO teams (team_id, club_id, age_group, gender, division, team_name) VALUES (4, 1, '18U', 'Girls', 'Silver', '18U Girls Silver Club1');
INSERT INTO player_memberships (person_id, team_id, start_date, jersey_number, main_position) VALUES (38, 4, '2025-03-01', 25, 'Center');
INSERT INTO player_season_stats (person_id, season_id, team_id, total_goals, total_assists, total_shots, total_steals, total_blocks, total_exclusions) VALUES (38, 1, 4, 8, 1, 14, 4, 3, 1);
INSERT INTO player_memberships (person_id, team_id, start_date, jersey_number, main_position) VALUES (19, 4, '2025-03-01', 90, 'Center');
INSERT INTO player_season_stats (person_id, season_id, team_id, total_goals, total_assists, total_shots, total_steals, total_blocks, total_exclusions) VALUES (19, 1, 4, 7, 8, 6, 3, 2, 0);
INSERT INTO player_memberships (person_id, team_id, start_date, jersey_number, main_position) VALUES (245, 4, '2025-03-01', 11, 'Defender');
INSERT INTO player_season_stats (person_id, season_id, team_id, total_goals, total_assists, total_shots, total_steals, total_blocks, total_exclusions) VALUES (245, 1, 4, 5, 3, 3, 4, 1, 0);
INSERT INTO player_memberships (person_id, team_id, start_date, jersey_number, main_position) VALUES (43, 4, '2025-03-01', 6, 'Goalie');
INSERT INTO player_season_stats (person_id, season_id, team_id, total_goals, total_assists, total_shots, total_steals, total_blocks, total_exclusions) VALUES (43, 1, 4, 1, 5, 5, 3, 2, 2);
INSERT INTO player_memberships (person_id, team_id, start_date, jersey_number, main_position) VALUES (60, 4, '2025-03-01', 26, 'Center');
INSERT INTO player_season_stats (person_id, season_id, team_id, total_goals, total_assists, total_shots, total_steals, total_blocks, total_exclusions) VALUES (60, 1, 4, 3, 2, 15, 4, 0, 2);
INSERT INTO player_memberships (person_id, team_id, start_date, jersey_number, main_position) VALUES (192, 4, '2025-03-01', 88, 'Defender');
INSERT INTO player_season_stats (person_id, season_id, team_id, total_goals, total_assists, total_shots, total_steals, total_blocks, total_exclusions) VALUES (192, 1, 4, 8, 10, 1, 2, 1, 0);
INSERT INTO player_memberships (person_id, team_id, start_date, jersey_number, main_position) VALUES (210, 4, '2025-03-01', 66, 'Center');
INSERT INTO player_season_stats (person_id, season_id, team_id, total_goals, total_assists, total_shots, total_steals, total_blocks, total_exclusions) VALUES (210, 1, 4, 9, 7, 1, 5, 2, 2);
INSERT INTO teams (team_id, club_id, age_group, gender, division, team_name) VALUES (5, 2, '10U', 'Boys', 'Silver', '10U Boys Silver Club2');
INSERT INTO player_memberships (person_id, team_id, start_date, jersey_number, main_position) VALUES (217, 5, '2025-03-01', 76, 'Goalie');
INSERT INTO player_season_stats (person_id, season_id, team_id, total_goals, total_assists, total_shots, total_steals, total_blocks, total_exclusions) VALUES (217, 1, 5, 2, 4, 2, 4, 0, 1);
INSERT INTO player_memberships (person_id, team_id, start_date, jersey_number, main_position) VALUES (69, 5, '2025-03-01', 17, 'Defender');
INSERT INTO player_season_stats (person_id, season_id, team_id, total_goals, total_assists, total_shots, total_steals, total_blocks, total_exclusions) VALUES (69, 1, 5, 3, 10, 0, 1, 1, 0);
INSERT INTO player_memberships (person_id, team_id, start_date, jersey_number, main_position) VALUES (79, 5, '2025-03-01', 46, 'Driver');
INSERT INTO player_season_stats (person_id, season_id, team_id, total_goals, total_assists, total_shots, total_steals, total_blocks, total_exclusions) VALUES (79, 1, 5, 3, 0, 5, 4, 3, 2);
INSERT INTO player_memberships (person_id, team_id, start_date, jersey_number, main_position) VALUES (124, 5, '2025-03-01', 18, 'Center');
INSERT INTO player_season_stats (person_id, season_id, team_id, total_goals, total_assists, total_shots, total_steals, total_blocks, total_exclusions) VALUES (124, 1, 5, 0, 0, 15, 4, 2, 1);
INSERT INTO player_memberships (person_id, team_id, start_date, jersey_number, main_position) VALUES (110, 5, '2025-03-01', 61, 'Center');
INSERT INTO player_season_stats (person_id, season_id, team_id, total_goals, total_assists, total_shots, total_steals, total_blocks, total_exclusions) VALUES (110, 1, 5, 6, 8, 10, 5, 3, 2);
INSERT INTO player_memberships (person_id, team_id, start_date, jersey_number, main_position) VALUES (62, 5, '2025-03-01', 23, 'Defender');
INSERT INTO player_season_stats (person_id, season_id, team_id, total_goals, total_assists, total_shots, total_steals, total_blocks, total_exclusions) VALUES (62, 1, 5, 4, 4, 8, 0, 1, 1);
INSERT INTO player_memberships (person_id, team_id, start_date, jersey_number, main_position) VALUES (91, 5, '2025-03-01', 47, 'Center');
INSERT INTO teams (team_id, club_id, age_group, gender, division, team_name) VALUES (6, 2, '12U', 'Girls', 'Silver', '12U Girls Silver Club2');
INSERT INTO player_memberships (person_id, team_id, start_date, jersey_number, main_position) VALUES (45, 6, '2025-03-01', 37, 'Driver');
INSERT INTO player_season_stats (person_id, season_id, team_id, total_goals, total_assists, total_shots, total_steals, total_blocks, total_exclusions) VALUES (45, 1, 6, 9, 6, 2, 4, 2, 0);
INSERT INTO player_memberships (person_id, team_id, start_date, jersey_number, main_position) VALUES (187, 6, '2025-03-01', 28, 'Defender');
INSERT INTO player_season_stats (person_id, season_id, team_id, total_goals, total_assists, total_shots, total_steals, total_blocks, total_exclusions) VALUES (187, 1, 6, 1, 9, 14, 5, 1, 0);
INSERT INTO player_memberships (person_id, team_id, start_date, jersey_number, main_position) VALUES (48, 6, '2025-03-01', 19, 'Goalie');
INSERT INTO player_season_stats (person_id, season_id, team_id, total_goals, total_assists, total_shots, total_steals, total_blocks, total_exclusions) VALUES (48, 1, 6, 1, 2, 13, 5, 0, 0);
INSERT INTO player_memberships (person_id, team_id, start_date, jersey_number, main_position) VALUES (13, 6, '2025-03-01', 14, 'Defender');
INSERT INTO player_season_stats (person_id, season_id, team_id, total_goals, total_assists, total_shots, total_steals, total_blocks, total_exclusions) VALUES (13, 1, 6, 6, 7, 5, 5, 3, 0);
INSERT INTO player_memberships (person_id, team_id, start_date, jersey_number, main_position) VALUES (131, 6, '2025-03-01', 36, 'Defender');
INSERT INTO player_season_stats (person_id, season_id, team_id, total_goals, total_assists, total_shots, total_steals, total_blocks, total_exclusions) VALUES (131, 1, 6, 4, 2, 9, 5, 0, 2);
INSERT INTO player_memberships (person_id, team_id, start_date, jersey_number, main_position) VALUES (209, 6, '2025-03-01', 75, 'Goalie');
INSERT INTO player_season_stats (person_id, season_id, team_id, total_goals, total_assists, total_shots, total_steals, total_blocks, total_exclusions) VALUES (209, 1, 6, 3, 2, 9, 1, 1, 1);
INSERT INTO player_memberships (person_id, team_id, start_date, jersey_number, main_position) VALUES (239, 6, '2025-03-01', 25, 'Driver');
INSERT INTO player_season_stats (person_id, season_id, team_id, total_goals, total_assists, total_shots, total_steals, total_blocks, total_exclusions) VALUES (239, 1, 6, 9, 10, 0, 0, 3, 0);
INSERT INTO teams (team_id, club_id, age_group, gender, division, team_name) VALUES (7, 2, '14U', 'Boys', 'Silver', '14U Boys Silver Club2');
INSERT INTO player_memberships (person_id, team_id, start_date, jersey_number, main_position) VALUES (134, 7, '2025-03-01', 58, 'Driver');
INSERT INTO player_season_stats (person_id, season_id, team_id, total_goals, total_assists, total_shots, total_steals, total_blocks, total_exclusions) VALUES (134, 1, 7, 4, 10, 15, 5, 0, 2);
INSERT INTO player_memberships (person_id, team_id, start_date, jersey_number, main_position) VALUES (135, 7, '2025-03-01', 14, 'Defender');
INSERT INTO player_season_stats (person_id, season_id, team_id, total_goals, total_assists, total_shots, total_steals, total_blocks, total_exclusions) VALUES (135, 1, 7, 5, 4, 7, 3, 3, 1);
INSERT INTO player_memberships (person_id, team_id, start_date, jersey_number, main_position) VALUES (12, 7, '2025-03-01', 21, 'Utility');
INSERT INTO player_season_stats (person_id, season_id, team_id, total_goals, total_assists, total_shots, total_steals, total_blocks, total_exclusions) VALUES (12, 1, 7, 10, 1, 8, 3, 2, 1);
INSERT INTO player_memberships (person_id, team_id, start_date, jersey_number, main_position) VALUES (175, 7, '2025-03-01', 9, 'Utility');
INSERT INTO player_season_stats (person_id, season_id, team_id, total_goals, total_assists, total_shots, total_steals, total_blocks, total_exclusions) VALUES (175, 1, 7, 8, 9, 1, 0, 3, 0);
INSERT INTO player_memberships (person_id, team_id, start_date, jersey_number, main_position) VALUES (165, 7, '2025-03-01', 47, 'Center');
INSERT INTO player_season_stats (person_id, season_id, team_id, total_goals, total_assists, total_shots, total_steals, total_blocks, total_exclusions) VALUES (165, 1, 7, 2, 0, 1, 4, 0, 0);
INSERT INTO player_memberships (person_id, team_id, start_date, jersey_number, main_position) VALUES (158, 7, '2025-03-01', 23, 'Utility');
INSERT INTO player_season_stats (person_id, season_id, team_id, total_goals, total_assists, total_shots, total_steals, total_blocks, total_exclusions) VALUES (158, 1, 7, 7, 7, 0, 5, 0, 2);
INSERT INTO player_memberships (person_id, team_id, start_date, jersey_number, main_position) VALUES (27, 7, '2025-03-01', 30, 'Center');
INSERT INTO player_season_stats (person_id, season_id, team_id, total_goals, total_assists, total_shots, total_steals, total_blocks, total_exclusions) VALUES (27, 1, 7, 2, 4, 15, 5, 1, 0);
INSERT INTO teams (team_id, club_id, age_group, gender, division, team_name) VALUES (8, 2, '14U', 'Girls', 'Silver', '14U Girls Silver Club2');
INSERT INTO player_memberships (person_id, team_id, start_date, jersey_number, main_position) VALUES (181, 8, '2025-03-01', 87, 'Utility');
INSERT INTO player_memberships (person_id, team_id, start_date, jersey_number, main_position) VALUES (188, 8, '2025-03-01', 73, 'Utility');
INSERT INTO player_season_stats (person_id, season_id, team_id, total_goals, total_assists, total_shots, total_steals, total_blocks, total_exclusions) VALUES (188, 1, 8, 4, 5, 4, 0, 0, 1);
INSERT INTO player_memberships (person_id, team_id, start_date, jersey_number, main_position) VALUES (183, 8, '2025-03-01', 79, 'Center');
INSERT INTO player_season_stats (person_id, season_id, team_id, total_goals, total_assists, total_shots, total_steals, total_blocks, total_exclusions) VALUES (183, 1, 8, 1, 10, 2, 2, 1, 0);
INSERT INTO player_memberships (person_id, team_id, start_date, jersey_number, main_position) VALUES (138, 8, '2025-03-01', 21, 'Driver');
INSERT INTO player_season_stats (person_id, season_id, team_id, total_goals, total_assists, total_shots, total_steals, total_blocks, total_exclusions) VALUES (138, 1, 8, 5, 8, 6, 3, 0, 0);
INSERT INTO player_memberships (person_id, team_id, start_date, jersey_number, main_position) VALUES (237, 8, '2025-03-01', 81, 'Defender');
INSERT INTO player_season_stats (person_id, season_id, team_id, total_goals, total_assists, total_shots, total_steals, total_blocks, total_exclusions) VALUES (237, 1, 8, 10, 8, 15, 1, 2, 2);
INSERT INTO player_memberships (person_id, team_id, start_date, jersey_number, main_position) VALUES (144, 8, '2025-03-01', 90, 'Defender');
INSERT INTO player_season_stats (person_id, season_id, team_id, total_goals, total_assists, total_shots, total_steals, total_blocks, total_exclusions) VALUES (144, 1, 8, 3, 8, 15, 0, 0, 0);
INSERT INTO player_memberships (person_id, team_id, start_date, jersey_number, main_position) VALUES (160, 8, '2025-03-01', 20, 'Utility');
INSERT INTO player_season_stats (person_id, season_id, team_id, total_goals, total_assists, total_shots, total_steals, total_blocks, total_exclusions) VALUES (160, 1, 8, 7, 6, 7, 4, 3, 1);
INSERT INTO teams (team_id, club_id, age_group, gender, division, team_name) VALUES (9, 2, '16U', 'Boys', 'Silver', '16U Boys Silver Club2');
INSERT INTO player_memberships (person_id, team_id, start_date, jersey_number, main_position) VALUES (86, 9, '2025-03-01', 39, 'Driver');
INSERT INTO player_memberships (person_id, team_id, start_date, jersey_number, main_position) VALUES (82, 9, '2025-03-01', 40, 'Goalie');
INSERT INTO player_season_stats (person_id, season_id, team_id, total_goals, total_assists, total_shots, total_steals, total_blocks, total_exclusions) VALUES (82, 1, 9, 0, 8, 9, 4, 3, 1);
INSERT INTO player_memberships (person_id, team_id, start_date, jersey_number, main_position) VALUES (30, 9, '2025-03-01', 31, 'Defender');
INSERT INTO player_season_stats (person_id, season_id, team_id, total_goals, total_assists, total_shots, total_steals, total_blocks, total_exclusions) VALUES (30, 1, 9, 4, 7, 1, 2, 0, 2);
INSERT INTO player_memberships (person_id, team_id, start_date, jersey_number, main_position) VALUES (194, 9, '2025-03-01', 73, 'Driver');
INSERT INTO player_season_stats (person_id, season_id, team_id, total_goals, total_assists, total_shots, total_steals, total_blocks, total_exclusions) VALUES (194, 1, 9, 4, 5, 15, 5, 2, 0);
INSERT INTO player_memberships (person_id, team_id, start_date, jersey_number, main_position) VALUES (206, 9, '2025-03-01', 31, 'Utility');
INSERT INTO player_season_stats (person_id, season_id, team_id, total_goals, total_assists, total_shots, total_steals, total_blocks, total_exclusions) VALUES (206, 1, 9, 8, 4, 5, 5, 0, 0);
INSERT INTO player_memberships (person_id, team_id, start_date, jersey_number, main_position) VALUES (127, 9, '2025-03-01', 3, 'Utility');
INSERT INTO player_season_stats (person_id, season_id, team_id, total_goals, total_assists, total_shots, total_steals, total_blocks, total_exclusions) VALUES (127, 1, 9, 7, 4, 3, 3, 1, 1);
INSERT INTO player_memberships (person_id, team_id, start_date, jersey_number, main_position) VALUES (91, 9, '2025-03-01', 20, 'Defender');
INSERT INTO teams (team_id, club_id, age_group, gender, division, team_name) VALUES (10, 2, '16U', 'Girls', 'Silver', '16U Girls Silver Club2');
INSERT INTO player_memberships (person_id, team_id, start_date, jersey_number, main_position) VALUES (50, 10, '2025-03-01', 51, 'Driver');
INSERT INTO player_season_stats (person_id, season_id, team_id, total_goals, total_assists, total_shots, total_steals, total_blocks, total_exclusions) VALUES (50, 1, 10, 7, 9, 8, 0, 0, 2);
INSERT INTO player_memberships (person_id, team_id, start_date, jersey_number, main_position) VALUES (49, 10, '2025-03-01', 42, 'Goalie');
INSERT INTO player_season_stats (person_id, season_id, team_id, total_goals, total_assists, total_shots, total_steals, total_blocks, total_exclusions) VALUES (49, 1, 10, 2, 5, 15, 4, 3, 1);
INSERT INTO player_memberships (person_id, team_id, start_date, jersey_number, main_position) VALUES (35, 10, '2025-03-01', 25, 'Defender');
INSERT INTO player_season_stats (person_id, season_id, team_id, total_goals, total_assists, total_shots, total_steals, total_blocks, total_exclusions) VALUES (35, 1, 10, 1, 8, 4, 3, 2, 1);
INSERT INTO player_memberships (person_id, team_id, start_date, jersey_number, main_position) VALUES (188, 10, '2025-03-01', 63, 'Driver');
INSERT INTO player_memberships (person_id, team_id, start_date, jersey_number, main_position) VALUES (238, 10, '2025-03-01', 9, 'Goalie');
INSERT INTO player_season_stats (person_id, season_id, team_id, total_goals, total_assists, total_shots, total_steals, total_blocks, total_exclusions) VALUES (238, 1, 10, 1, 4, 15, 0, 2, 1);
INSERT INTO player_memberships (person_id, team_id, start_date, jersey_number, main_position) VALUES (138, 10, '2025-03-01', 67, 'Driver');
INSERT INTO player_memberships (person_id, team_id, start_date, jersey_number, main_position) VALUES (126, 10, '2025-03-01', 24, 'Defender');
INSERT INTO player_season_stats (person_id, season_id, team_id, total_goals, total_assists, total_shots, total_steals, total_blocks, total_exclusions) VALUES (126, 1, 10, 6, 7, 13, 1, 1, 1);
INSERT INTO teams (team_id, club_id, age_group, gender, division, team_name) VALUES (11, 3, '10U', 'Girls', 'Gold', '10U Girls Gold Club3');
INSERT INTO player_memberships (person_id, team_id, start_date, jersey_number, main_position) VALUES (222, 11, '2025-03-01', 59, 'Defender');
INSERT INTO player_season_stats (person_id, season_id, team_id, total_goals, total_assists, total_shots, total_steals, total_blocks, total_exclusions) VALUES (222, 1, 11, 4, 3, 8, 2, 0, 1);
INSERT INTO player_memberships (person_id, team_id, start_date, jersey_number, main_position) VALUES (234, 11, '2025-03-01', 43, 'Driver');
INSERT INTO player_memberships (person_id, team_id, start_date, jersey_number, main_position) VALUES (186, 11, '2025-03-01', 70, 'Center');
INSERT INTO player_season_stats (person_id, season_id, team_id, total_goals, total_assists, total_shots, total_steals, total_blocks, total_exclusions) VALUES (186, 1, 11, 6, 8, 5, 5, 3, 0);
INSERT INTO player_memberships (person_id, team_id, start_date, jersey_number, main_position) VALUES (194, 11, '2025-03-01', 11, 'Utility');
INSERT INTO player_memberships (person_id, team_id, start_date, jersey_number, main_position) VALUES (139, 11, '2025-03-01', 52, 'Driver');
INSERT INTO player_season_stats (person_id, season_id, team_id, total_goals, total_assists, total_shots, total_steals, total_blocks, total_exclusions) VALUES (139, 1, 11, 2, 1, 13, 5, 3, 2);
INSERT INTO player_memberships (person_id, team_id, start_date, jersey_number, main_position) VALUES (80, 11, '2025-03-01', 10, 'Goalie');
INSERT INTO player_season_stats (person_id, season_id, team_id, total_goals, total_assists, total_shots, total_steals, total_blocks, total_exclusions) VALUES (80, 1, 11, 3, 1, 3, 5, 2, 0);
INSERT INTO player_memberships (person_id, team_id, start_date, jersey_number, main_position) VALUES (152, 11, '2025-03-01', 16, 'Goalie');
INSERT INTO player_season_stats (person_id, season_id, team_id, total_goals, total_assists, total_shots, total_steals, total_blocks, total_exclusions) VALUES (152, 1, 11, 5, 3, 12, 1, 0, 1);
INSERT INTO teams (team_id, club_id, age_group, gender, division, team_name) VALUES (12, 3, '10U', 'Girls', 'Silver', '10U Girls Silver Club3');
INSERT INTO player_memberships (person_id, team_id, start_date, jersey_number, main_position) VALUES (180, 12, '2025-03-01', 18, 'Center');
INSERT INTO player_season_stats (person_id, season_id, team_id, total_goals, total_assists, total_shots, total_steals, total_blocks, total_exclusions) VALUES (180, 1, 12, 8, 2, 3, 3, 3, 2);
INSERT INTO player_memberships (person_id, team_id, start_date, jersey_number, main_position) VALUES (205, 12, '2025-03-01', 94, 'Driver');
INSERT INTO player_season_stats (person_id, season_id, team_id, total_goals, total_assists, total_shots, total_steals, total_blocks, total_exclusions) VALUES (205, 1, 12, 8, 4, 15, 3, 0, 0);
INSERT INTO player_memberships (person_id, team_id, start_date, jersey_number, main_position) VALUES (83, 12, '2025-03-01', 74, 'Driver');
INSERT INTO player_season_stats (person_id, season_id, team_id, total_goals, total_assists, total_shots, total_steals, total_blocks, total_exclusions) VALUES (83, 1, 12, 9, 2, 4, 4, 0, 0);
INSERT INTO player_memberships (person_id, team_id, start_date, jersey_number, main_position) VALUES (30, 12, '2025-03-01', 7, 'Driver');
INSERT INTO player_memberships (person_id, team_id, start_date, jersey_number, main_position) VALUES (221, 12, '2025-03-01', 30, 'Defender');
INSERT INTO player_memberships (person_id, team_id, start_date, jersey_number, main_position) VALUES (163, 12, '2025-03-01', 97, 'Center');
INSERT INTO player_season_stats (person_id, season_id, team_id, total_goals, total_assists, total_shots, total_steals, total_blocks, total_exclusions) VALUES (163, 1, 12, 3, 5, 11, 2, 1, 0);
INSERT INTO player_memberships (person_id, team_id, start_date, jersey_number, main_position) VALUES (216, 12, '2025-03-01', 41, 'Defender');
INSERT INTO player_season_stats (person_id, season_id, team_id, total_goals, total_assists, total_shots, total_steals, total_blocks, total_exclusions) VALUES (216, 1, 12, 1, 7, 9, 1, 0, 0);
INSERT INTO teams (team_id, club_id, age_group, gender, division, team_name) VALUES (13, 3, '12U', 'Girls', 'Gold', '12U Girls Gold Club3');
INSERT INTO player_memberships (person_id, team_id, start_date, jersey_number, main_position) VALUES (209, 13, '2025-03-01', 39, 'Center');
INSERT INTO player_memberships (person_id, team_id, start_date, jersey_number, main_position) VALUES (185, 13, '2025-03-01', 33, 'Driver');
INSERT INTO player_season_stats (person_id, season_id, team_id, total_goals, total_assists, total_shots, total_steals, total_blocks, total_exclusions) VALUES (185, 1, 13, 0, 3, 8, 5, 2, 1);
INSERT INTO player_memberships (person_id, team_id, start_date, jersey_number, main_position) VALUES (149, 13, '2025-03-01', 22, 'Defender');
INSERT INTO player_season_stats (person_id, season_id, team_id, total_goals, total_assists, total_shots, total_steals, total_blocks, total_exclusions) VALUES (149, 1, 13, 10, 1, 13, 0, 3, 1);
INSERT INTO player_memberships (person_id, team_id, start_date, jersey_number, main_position) VALUES (96, 13, '2025-03-01', 20, 'Goalie');
INSERT INTO player_season_stats (person_id, season_id, team_id, total_goals, total_assists, total_shots, total_steals, total_blocks, total_exclusions) VALUES (96, 1, 13, 8, 9, 2, 0, 3, 0);
INSERT INTO player_memberships (person_id, team_id, start_date, jersey_number, main_position) VALUES (44, 13, '2025-03-01', 21, 'Driver');
INSERT INTO player_season_stats (person_id, season_id, team_id, total_goals, total_assists, total_shots, total_steals, total_blocks, total_exclusions) VALUES (44, 1, 13, 1, 4, 5, 1, 2, 1);
INSERT INTO player_memberships (person_id, team_id, start_date, jersey_number, main_position) VALUES (211, 13, '2025-03-01', 76, 'Defender');
INSERT INTO player_season_stats (person_id, season_id, team_id, total_goals, total_assists, total_shots, total_steals, total_blocks, total_exclusions) VALUES (211, 1, 13, 7, 1, 8, 3, 0, 0);
INSERT INTO player_memberships (person_id, team_id, start_date, jersey_number, main_position) VALUES (115, 13, '2025-03-01', 94, 'Goalie');
INSERT INTO player_season_stats (person_id, season_id, team_id, total_goals, total_assists, total_shots, total_steals, total_blocks, total_exclusions) VALUES (115, 1, 13, 2, 5, 6, 2, 3, 0);
INSERT INTO teams (team_id, club_id, age_group, gender, division, team_name) VALUES (14, 3, '16U', 'Boys', 'Silver', '16U Boys Silver Club3');
INSERT INTO player_memberships (person_id, team_id, start_date, jersey_number, main_position) VALUES (177, 14, '2025-03-01', 8, 'Utility');
INSERT INTO player_season_stats (person_id, season_id, team_id, total_goals, total_assists, total_shots, total_steals, total_blocks, total_exclusions) VALUES (177, 1, 14, 2, 6, 11, 0, 2, 0);
INSERT INTO player_memberships (person_id, team_id, start_date, jersey_number, main_position) VALUES (136, 14, '2025-03-01', 41, 'Driver');
INSERT INTO player_season_stats (person_id, season_id, team_id, total_goals, total_assists, total_shots, total_steals, total_blocks, total_exclusions) VALUES (136, 1, 14, 0, 9, 10, 5, 2, 1);
INSERT INTO player_memberships (person_id, team_id, start_date, jersey_number, main_position) VALUES (129, 14, '2025-03-01', 85, 'Defender');
INSERT INTO player_season_stats (person_id, season_id, team_id, total_goals, total_assists, total_shots, total_steals, total_blocks, total_exclusions) VALUES (129, 1, 14, 3, 1, 8, 5, 3, 0);
INSERT INTO player_memberships (person_id, team_id, start_date, jersey_number, main_position) VALUES (74, 14, '2025-03-01', 29, 'Center');
INSERT INTO player_season_stats (person_id, season_id, team_id, total_goals, total_assists, total_shots, total_steals, total_blocks, total_exclusions) VALUES (74, 1, 14, 5, 10, 2, 2, 3, 2);
INSERT INTO player_memberships (person_id, team_id, start_date, jersey_number, main_position) VALUES (94, 14, '2025-03-01', 78, 'Driver');
INSERT INTO player_season_stats (person_id, season_id, team_id, total_goals, total_assists, total_shots, total_steals, total_blocks, total_exclusions) VALUES (94, 1, 14, 8, 7, 15, 3, 0, 0);
INSERT INTO player_memberships (person_id, team_id, start_date, jersey_number, main_position) VALUES (73, 14, '2025-03-01', 4, 'Center');
INSERT INTO player_season_stats (person_id, season_id, team_id, total_goals, total_assists, total_shots, total_steals, total_blocks, total_exclusions) VALUES (73, 1, 14, 4, 9, 11, 4, 2, 1);
INSERT INTO player_memberships (person_id, team_id, start_date, jersey_number, main_position) VALUES (149, 14, '2025-03-01', 30, 'Center');
INSERT INTO teams (team_id, club_id, age_group, gender, division, team_name) VALUES (15, 3, '18U', 'Girls', 'Gold', '18U Girls Gold Club3');
INSERT INTO player_memberships (person_id, team_id, start_date, jersey_number, main_position) VALUES (238, 15, '2025-03-01', 61, 'Goalie');
INSERT INTO player_memberships (person_id, team_id, start_date, jersey_number, main_position) VALUES (205, 15, '2025-03-01', 66, 'Driver');
INSERT INTO player_memberships (person_id, team_id, start_date, jersey_number, main_position) VALUES (152, 15, '2025-03-01', 78, 'Goalie');
INSERT INTO player_memberships (person_id, team_id, start_date, jersey_number, main_position) VALUES (69, 15, '2025-03-01', 39, 'Defender');
INSERT INTO player_memberships (person_id, team_id, start_date, jersey_number, main_position) VALUES (145, 15, '2025-03-01', 35, 'Utility');
INSERT INTO player_season_stats (person_id, season_id, team_id, total_goals, total_assists, total_shots, total_steals, total_blocks, total_exclusions) VALUES (145, 1, 15, 0, 4, 8, 3, 0, 0);
INSERT INTO player_memberships (person_id, team_id, start_date, jersey_number, main_position) VALUES (82, 15, '2025-03-01', 89, 'Defender');
INSERT INTO player_memberships (person_id, team_id, start_date, jersey_number, main_position) VALUES (207, 15, '2025-03-01', 9, 'Defender');
INSERT INTO player_season_stats (person_id, season_id, team_id, total_goals, total_assists, total_shots, total_steals, total_blocks, total_exclusions) VALUES (207, 1, 15, 7, 6, 3, 4, 0, 2);
INSERT INTO teams (team_id, club_id, age_group, gender, division, team_name) VALUES (16, 4, '10U', 'Boys', 'Gold', '10U Boys Gold Club4');
INSERT INTO player_memberships (person_id, team_id, start_date, jersey_number, main_position) VALUES (167, 16, '2025-03-01', 39, 'Defender');
INSERT INTO player_season_stats (person_id, season_id, team_id, total_goals, total_assists, total_shots, total_steals, total_blocks, total_exclusions) VALUES (167, 1, 16, 10, 0, 7, 1, 3, 1);
INSERT INTO player_memberships (person_id, team_id, start_date, jersey_number, main_position) VALUES (1, 16, '2025-03-01', 45, 'Defender');
INSERT INTO player_season_stats (person_id, season_id, team_id, total_goals, total_assists, total_shots, total_steals, total_blocks, total_exclusions) VALUES (1, 1, 16, 4, 2, 2, 4, 2, 2);
INSERT INTO player_memberships (person_id, team_id, start_date, jersey_number, main_position) VALUES (125, 16, '2025-03-01', 59, 'Center');
INSERT INTO player_season_stats (person_id, season_id, team_id, total_goals, total_assists, total_shots, total_steals, total_blocks, total_exclusions) VALUES (125, 1, 16, 4, 8, 14, 1, 2, 1);
INSERT INTO player_memberships (person_id, team_id, start_date, jersey_number, main_position) VALUES (117, 16, '2025-03-01', 46, 'Defender');
INSERT INTO player_season_stats (person_id, season_id, team_id, total_goals, total_assists, total_shots, total_steals, total_blocks, total_exclusions) VALUES (117, 1, 16, 6, 7, 7, 5, 2, 1);
INSERT INTO player_memberships (person_id, team_id, start_date, jersey_number, main_position) VALUES (115, 16, '2025-03-01', 27, 'Driver');
INSERT INTO player_memberships (person_id, team_id, start_date, jersey_number, main_position) VALUES (193, 16, '2025-03-01', 85, 'Defender');
INSERT INTO player_season_stats (person_id, season_id, team_id, total_goals, total_assists, total_shots, total_steals, total_blocks, total_exclusions) VALUES (193, 1, 16, 7, 4, 14, 1, 1, 2);
INSERT INTO player_memberships (person_id, team_id, start_date, jersey_number, main_position) VALUES (52, 16, '2025-03-01', 8, 'Goalie');
INSERT INTO player_season_stats (person_id, season_id, team_id, total_goals, total_assists, total_shots, total_steals, total_blocks, total_exclusions) VALUES (52, 1, 16, 9, 2, 6, 1, 1, 1);
INSERT INTO teams (team_id, club_id, age_group, gender, division, team_name) VALUES (17, 4, '10U', 'Girls', 'Gold', '10U Girls Gold Club4');
INSERT INTO player_memberships (person_id, team_id, start_date, jersey_number, main_position) VALUES (130, 17, '2025-03-01', 72, 'Defender');
INSERT INTO player_season_stats (person_id, season_id, team_id, total_goals, total_assists, total_shots, total_steals, total_blocks, total_exclusions) VALUES (130, 1, 17, 0, 0, 15, 1, 1, 0);
INSERT INTO player_memberships (person_id, team_id, start_date, jersey_number, main_position) VALUES (168, 17, '2025-03-01', 40, 'Defender');
INSERT INTO player_season_stats (person_id, season_id, team_id, total_goals, total_assists, total_shots, total_steals, total_blocks, total_exclusions) VALUES (168, 1, 17, 6, 1, 9, 4, 0, 0);
INSERT INTO player_memberships (person_id, team_id, start_date, jersey_number, main_position) VALUES (87, 17, '2025-03-01', 92, 'Defender');
INSERT INTO player_season_stats (person_id, season_id, team_id, total_goals, total_assists, total_shots, total_steals, total_blocks, total_exclusions) VALUES (87, 1, 17, 4, 0, 4, 5, 2, 2);
INSERT INTO player_memberships (person_id, team_id, start_date, jersey_number, main_position) VALUES (25, 17, '2025-03-01', 62, 'Driver');
INSERT INTO player_season_stats (person_id, season_id, team_id, total_goals, total_assists, total_shots, total_steals, total_blocks, total_exclusions) VALUES (25, 1, 17, 7, 2, 12, 1, 1, 1);
INSERT INTO player_memberships (person_id, team_id, start_date, jersey_number, main_position) VALUES (149, 17, '2025-03-01', 58, 'Driver');
INSERT INTO player_memberships (person_id, team_id, start_date, jersey_number, main_position) VALUES (207, 17, '2025-03-01', 60, 'Goalie');
INSERT INTO player_memberships (person_id, team_id, start_date, jersey_number, main_position) VALUES (44, 17, '2025-03-01', 52, 'Defender');
INSERT INTO teams (team_id, club_id, age_group, gender, division, team_name) VALUES (18, 4, '12U', 'Boys', 'Gold', '12U Boys Gold Club4');
INSERT INTO player_memberships (person_id, team_id, start_date, jersey_number, main_position) VALUES (48, 18, '2025-03-01', 93, 'Center');
INSERT INTO player_memberships (person_id, team_id, start_date, jersey_number, main_position) VALUES (140, 18, '2025-03-01', 34, 'Utility');
INSERT INTO player_memberships (person_id, team_id, start_date, jersey_number, main_position) VALUES (247, 18, '2025-03-01', 16, 'Utility');
INSERT INTO player_season_stats (person_id, season_id, team_id, total_goals, total_assists, total_shots, total_steals, total_blocks, total_exclusions) VALUES (247, 1, 18, 1, 10, 0, 1, 0, 1);
INSERT INTO player_memberships (person_id, team_id, start_date, jersey_number, main_position) VALUES (176, 18, '2025-03-01', 63, 'Defender');
INSERT INTO player_season_stats (person_id, season_id, team_id, total_goals, total_assists, total_shots, total_steals, total_blocks, total_exclusions) VALUES (176, 1, 18, 3, 2, 8, 5, 0, 2);
INSERT INTO player_memberships (person_id, team_id, start_date, jersey_number, main_position) VALUES (146, 18, '2025-03-01', 63, 'Defender');
INSERT INTO player_season_stats (person_id, season_id, team_id, total_goals, total_assists, total_shots, total_steals, total_blocks, total_exclusions) VALUES (146, 1, 18, 4, 6, 0, 1, 2, 1);
INSERT INTO player_memberships (person_id, team_id, start_date, jersey_number, main_position) VALUES (231, 18, '2025-03-01', 97, 'Defender');
INSERT INTO player_season_stats (person_id, season_id, team_id, total_goals, total_assists, total_shots, total_steals, total_blocks, total_exclusions) VALUES (231, 1, 18, 0, 1, 12, 4, 3, 1);
INSERT INTO player_memberships (person_id, team_id, start_date, jersey_number, main_position) VALUES (181, 18, '2025-03-01', 98, 'Driver');
INSERT INTO teams (team_id, club_id, age_group, gender, division, team_name) VALUES (19, 4, '12U', 'Boys', 'Silver', '12U Boys Silver Club4');
INSERT INTO player_memberships (person_id, team_id, start_date, jersey_number, main_position) VALUES (142, 19, '2025-03-01', 95, 'Driver');
INSERT INTO player_season_stats (person_id, season_id, team_id, total_goals, total_assists, total_shots, total_steals, total_blocks, total_exclusions) VALUES (142, 1, 19, 3, 0, 15, 5, 1, 1);
INSERT INTO player_memberships (person_id, team_id, start_date, jersey_number, main_position) VALUES (30, 19, '2025-03-01', 56, 'Goalie');
INSERT INTO player_memberships (person_id, team_id, start_date, jersey_number, main_position) VALUES (121, 19, '2025-03-01', 48, 'Utility');
INSERT INTO player_memberships (person_id, team_id, start_date, jersey_number, main_position) VALUES (243, 19, '2025-03-01', 77, 'Goalie');
INSERT INTO player_season_stats (person_id, season_id, team_id, total_goals, total_assists, total_shots, total_steals, total_blocks, total_exclusions) VALUES (243, 1, 19, 3, 8, 5, 0, 0, 0);
INSERT INTO player_memberships (person_id, team_id, start_date, jersey_number, main_position) VALUES (38, 19, '2025-03-01', 55, 'Goalie');
INSERT INTO player_memberships (person_id, team_id, start_date, jersey_number, main_position) VALUES (236, 19, '2025-03-01', 86, 'Driver');
INSERT INTO player_season_stats (person_id, season_id, team_id, total_goals, total_assists, total_shots, total_steals, total_blocks, total_exclusions) VALUES (236, 1, 19, 10, 5, 6, 2, 2, 0);
INSERT INTO player_memberships (person_id, team_id, start_date, jersey_number, main_position) VALUES (233, 19, '2025-03-01', 21, 'Utility');
INSERT INTO player_season_stats (person_id, season_id, team_id, total_goals, total_assists, total_shots, total_steals, total_blocks, total_exclusions) VALUES (233, 1, 19, 9, 7, 15, 2, 3, 2);
INSERT INTO teams (team_id, club_id, age_group, gender, division, team_name) VALUES (20, 4, '12U', 'Girls', 'Silver', '12U Girls Silver Club4');
INSERT INTO player_memberships (person_id, team_id, start_date, jersey_number, main_position) VALUES (86, 20, '2025-03-01', 78, 'Driver');
INSERT INTO player_memberships (person_id, team_id, start_date, jersey_number, main_position) VALUES (231, 20, '2025-03-01', 59, 'Utility');
INSERT INTO player_memberships (person_id, team_id, start_date, jersey_number, main_position) VALUES (200, 20, '2025-03-01', 80, 'Defender');
INSERT INTO player_season_stats (person_id, season_id, team_id, total_goals, total_assists, total_shots, total_steals, total_blocks, total_exclusions) VALUES (200, 1, 20, 5, 9, 10, 3, 0, 1);
INSERT INTO player_memberships (person_id, team_id, start_date, jersey_number, main_position) VALUES (196, 20, '2025-03-01', 27, 'Utility');
INSERT INTO player_season_stats (person_id, season_id, team_id, total_goals, total_assists, total_shots, total_steals, total_blocks, total_exclusions) VALUES (196, 1, 20, 3, 0, 8, 4, 3, 1);
INSERT INTO player_memberships (person_id, team_id, start_date, jersey_number, main_position) VALUES (186, 20, '2025-03-01', 53, 'Defender');
INSERT INTO player_memberships (person_id, team_id, start_date, jersey_number, main_position) VALUES (244, 20, '2025-03-01', 72, 'Goalie');
INSERT INTO player_memberships (person_id, team_id, start_date, jersey_number, main_position) VALUES (166, 20, '2025-03-01', 29, 'Defender');
INSERT INTO player_season_stats (person_id, season_id, team_id, total_goals, total_assists, total_shots, total_steals, total_blocks, total_exclusions) VALUES (166, 1, 20, 3, 7, 7, 5, 2, 2);
INSERT INTO teams (team_id, club_id, age_group, gender, division, team_name) VALUES (21, 4, '14U', 'Girls', 'Gold', '14U Girls Gold Club4');
INSERT INTO player_memberships (person_id, team_id, start_date, jersey_number, main_position) VALUES (188, 21, '2025-03-01', 11, 'Center');
INSERT INTO player_memberships (person_id, team_id, start_date, jersey_number, main_position) VALUES (109, 21, '2025-03-01', 1, 'Center');
INSERT INTO player_season_stats (person_id, season_id, team_id, total_goals, total_assists, total_shots, total_steals, total_blocks, total_exclusions) VALUES (109, 1, 21, 1, 1, 9, 4, 1, 2);
INSERT INTO player_memberships (person_id, team_id, start_date, jersey_number, main_position) VALUES (81, 21, '2025-03-01', 17, 'Driver');
INSERT INTO player_season_stats (person_id, season_id, team_id, total_goals, total_assists, total_shots, total_steals, total_blocks, total_exclusions) VALUES (81, 1, 21, 2, 10, 9, 3, 2, 1);
INSERT INTO player_memberships (person_id, team_id, start_date, jersey_number, main_position) VALUES (70, 21, '2025-03-01', 33, 'Goalie');
INSERT INTO player_season_stats (person_id, season_id, team_id, total_goals, total_assists, total_shots, total_steals, total_blocks, total_exclusions) VALUES (70, 1, 21, 2, 5, 14, 1, 0, 2);
INSERT INTO player_memberships (person_id, team_id, start_date, jersey_number, main_position) VALUES (94, 21, '2025-03-01', 38, 'Utility');
INSERT INTO player_memberships (person_id, team_id, start_date, jersey_number, main_position) VALUES (119, 21, '2025-03-01', 62, 'Center');
INSERT INTO player_season_stats (person_id, season_id, team_id, total_goals, total_assists, total_shots, total_steals, total_blocks, total_exclusions) VALUES (119, 1, 21, 6, 9, 13, 1, 2, 0);
INSERT INTO player_memberships (person_id, team_id, start_date, jersey_number, main_position) VALUES (10, 21, '2025-03-01', 59, 'Goalie');
INSERT INTO player_season_stats (person_id, season_id, team_id, total_goals, total_assists, total_shots, total_steals, total_blocks, total_exclusions) VALUES (10, 1, 21, 7, 4, 13, 3, 1, 2);
INSERT INTO teams (team_id, club_id, age_group, gender, division, team_name) VALUES (22, 4, '16U', 'Boys', 'Silver', '16U Boys Silver Club4');
INSERT INTO player_memberships (person_id, team_id, start_date, jersey_number, main_position) VALUES (218, 22, '2025-03-01', 72, 'Utility');
INSERT INTO player_season_stats (person_id, season_id, team_id, total_goals, total_assists, total_shots, total_steals, total_blocks, total_exclusions) VALUES (218, 1, 22, 7, 3, 8, 0, 0, 1);
INSERT INTO player_memberships (person_id, team_id, start_date, jersey_number, main_position) VALUES (249, 22, '2025-03-01', 12, 'Driver');
INSERT INTO player_season_stats (person_id, season_id, team_id, total_goals, total_assists, total_shots, total_steals, total_blocks, total_exclusions) VALUES (249, 1, 22, 3, 6, 4, 2, 2, 0);
INSERT INTO player_memberships (person_id, team_id, start_date, jersey_number, main_position) VALUES (57, 22, '2025-03-01', 40, 'Center');
INSERT INTO player_season_stats (person_id, season_id, team_id, total_goals, total_assists, total_shots, total_steals, total_blocks, total_exclusions) VALUES (57, 1, 22, 1, 9, 12, 3, 0, 0);
INSERT INTO player_memberships (person_id, team_id, start_date, jersey_number, main_position) VALUES (193, 22, '2025-03-01', 78, 'Goalie');
INSERT INTO player_memberships (person_id, team_id, start_date, jersey_number, main_position) VALUES (173, 22, '2025-03-01', 90, 'Driver');
INSERT INTO player_season_stats (person_id, season_id, team_id, total_goals, total_assists, total_shots, total_steals, total_blocks, total_exclusions) VALUES (173, 1, 22, 5, 2, 8, 0, 2, 1);
INSERT INTO player_memberships (person_id, team_id, start_date, jersey_number, main_position) VALUES (8, 22, '2025-03-01', 40, 'Goalie');
INSERT INTO player_season_stats (person_id, season_id, team_id, total_goals, total_assists, total_shots, total_steals, total_blocks, total_exclusions) VALUES (8, 1, 22, 2, 9, 8, 2, 2, 2);
INSERT INTO player_memberships (person_id, team_id, start_date, jersey_number, main_position) VALUES (141, 22, '2025-03-01', 34, 'Goalie');
INSERT INTO player_season_stats (person_id, season_id, team_id, total_goals, total_assists, total_shots, total_steals, total_blocks, total_exclusions) VALUES (141, 1, 22, 10, 5, 7, 1, 0, 1);
INSERT INTO teams (team_id, club_id, age_group, gender, division, team_name) VALUES (23, 5, '10U', 'Girls', 'Silver', '10U Girls Silver Club5');
INSERT INTO player_memberships (person_id, team_id, start_date, jersey_number, main_position) VALUES (1, 23, '2025-03-01', 5, 'Goalie');
INSERT INTO player_memberships (person_id, team_id, start_date, jersey_number, main_position) VALUES (248, 23, '2025-03-01', 67, 'Goalie');
INSERT INTO player_season_stats (person_id, season_id, team_id, total_goals, total_assists, total_shots, total_steals, total_blocks, total_exclusions) VALUES (248, 1, 23, 7, 9, 10, 4, 2, 1);
INSERT INTO player_memberships (person_id, team_id, start_date, jersey_number, main_position) VALUES (43, 23, '2025-03-01', 96, 'Goalie');
INSERT INTO player_memberships (person_id, team_id, start_date, jersey_number, main_position) VALUES (87, 23, '2025-03-01', 16, 'Center');
INSERT INTO player_memberships (person_id, team_id, start_date, jersey_number, main_position) VALUES (150, 23, '2025-03-01', 71, 'Center');
INSERT INTO player_season_stats (person_id, season_id, team_id, total_goals, total_assists, total_shots, total_steals, total_blocks, total_exclusions) VALUES (150, 1, 23, 10, 9, 1, 0, 1, 2);
INSERT INTO player_memberships (person_id, team_id, start_date, jersey_number, main_position) VALUES (152, 23, '2025-03-01', 47, 'Goalie');
INSERT INTO player_memberships (person_id, team_id, start_date, jersey_number, main_position) VALUES (53, 23, '2025-03-01', 73, 'Defender');
INSERT INTO player_season_stats (person_id, season_id, team_id, total_goals, total_assists, total_shots, total_steals, total_blocks, total_exclusions) VALUES (53, 1, 23, 6, 4, 10, 1, 0, 0);
INSERT INTO teams (team_id, club_id, age_group, gender, division, team_name) VALUES (24, 5, '12U', 'Boys', 'Silver', '12U Boys Silver Club5');
INSERT INTO player_memberships (person_id, team_id, start_date, jersey_number, main_position) VALUES (154, 24, '2025-03-01', 44, 'Driver');
INSERT INTO player_season_stats (person_id, season_id, team_id, total_goals, total_assists, total_shots, total_steals, total_blocks, total_exclusions) VALUES (154, 1, 24, 7, 0, 14, 3, 3, 2);
INSERT INTO player_memberships (person_id, team_id, start_date, jersey_number, main_position) VALUES (54, 24, '2025-03-01', 76, 'Center');
INSERT INTO player_season_stats (person_id, season_id, team_id, total_goals, total_assists, total_shots, total_steals, total_blocks, total_exclusions) VALUES (54, 1, 24, 7, 1, 14, 5, 0, 2);
INSERT INTO player_memberships (person_id, team_id, start_date, jersey_number, main_position) VALUES (5, 24, '2025-03-01', 54, 'Goalie');
INSERT INTO player_season_stats (person_id, season_id, team_id, total_goals, total_assists, total_shots, total_steals, total_blocks, total_exclusions) VALUES (5, 1, 24, 0, 0, 7, 5, 1, 1);
INSERT INTO player_memberships (person_id, team_id, start_date, jersey_number, main_position) VALUES (12, 24, '2025-03-01', 18, 'Defender');
INSERT INTO player_memberships (person_id, team_id, start_date, jersey_number, main_position) VALUES (35, 24, '2025-03-01', 33, 'Center');
INSERT INTO player_memberships (person_id, team_id, start_date, jersey_number, main_position) VALUES (84, 24, '2025-03-01', 76, 'Center');
INSERT INTO player_season_stats (person_id, season_id, team_id, total_goals, total_assists, total_shots, total_steals, total_blocks, total_exclusions) VALUES (84, 1, 24, 3, 7, 10, 0, 1, 0);
INSERT INTO player_memberships (person_id, team_id, start_date, jersey_number, main_position) VALUES (224, 24, '2025-03-01', 82, 'Defender');
INSERT INTO player_season_stats (person_id, season_id, team_id, total_goals, total_assists, total_shots, total_steals, total_blocks, total_exclusions) VALUES (224, 1, 24, 2, 0, 8, 3, 0, 2);
INSERT INTO teams (team_id, club_id, age_group, gender, division, team_name) VALUES (25, 5, '12U', 'Girls', 'Gold', '12U Girls Gold Club5');
INSERT INTO player_memberships (person_id, team_id, start_date, jersey_number, main_position) VALUES (25, 25, '2025-03-01', 46, 'Defender');
INSERT INTO player_memberships (person_id, team_id, start_date, jersey_number, main_position) VALUES (117, 25, '2025-03-01', 79, 'Defender');
INSERT INTO player_memberships (person_id, team_id, start_date, jersey_number, main_position) VALUES (172, 25, '2025-03-01', 65, 'Goalie');
INSERT INTO player_season_stats (person_id, season_id, team_id, total_goals, total_assists, total_shots, total_steals, total_blocks, total_exclusions) VALUES (172, 1, 25, 2, 2, 14, 3, 2, 0);
INSERT INTO player_memberships (person_id, team_id, start_date, jersey_number, main_position) VALUES (195, 25, '2025-03-01', 23, 'Goalie');
INSERT INTO player_season_stats (person_id, season_id, team_id, total_goals, total_assists, total_shots, total_steals, total_blocks, total_exclusions) VALUES (195, 1, 25, 6, 2, 11, 2, 3, 0);
INSERT INTO player_memberships (person_id, team_id, start_date, jersey_number, main_position) VALUES (39, 25, '2025-03-01', 15, 'Defender');
INSERT INTO player_season_stats (person_id, season_id, team_id, total_goals, total_assists, total_shots, total_steals, total_blocks, total_exclusions) VALUES (39, 1, 25, 1, 2, 13, 5, 2, 2);
INSERT INTO player_memberships (person_id, team_id, start_date, jersey_number, main_position) VALUES (143, 25, '2025-03-01', 53, 'Center');
INSERT INTO player_season_stats (person_id, season_id, team_id, total_goals, total_assists, total_shots, total_steals, total_blocks, total_exclusions) VALUES (143, 1, 25, 4, 8, 14, 1, 0, 1);
INSERT INTO player_memberships (person_id, team_id, start_date, jersey_number, main_position) VALUES (66, 25, '2025-03-01', 85, 'Utility');
INSERT INTO player_season_stats (person_id, season_id, team_id, total_goals, total_assists, total_shots, total_steals, total_blocks, total_exclusions) VALUES (66, 1, 25, 3, 6, 14, 4, 2, 0);
INSERT INTO teams (team_id, club_id, age_group, gender, division, team_name) VALUES (26, 5, '14U', 'Boys', 'Silver', '14U Boys Silver Club5');
INSERT INTO player_memberships (person_id, team_id, start_date, jersey_number, main_position) VALUES (134, 26, '2025-03-01', 61, 'Driver');
INSERT INTO player_memberships (person_id, team_id, start_date, jersey_number, main_position) VALUES (213, 26, '2025-03-01', 87, 'Center');
INSERT INTO player_memberships (person_id, team_id, start_date, jersey_number, main_position) VALUES (73, 26, '2025-03-01', 43, 'Driver');
INSERT INTO player_memberships (person_id, team_id, start_date, jersey_number, main_position) VALUES (114, 26, '2025-03-01', 44, 'Driver');
INSERT INTO player_season_stats (person_id, season_id, team_id, total_goals, total_assists, total_shots, total_steals, total_blocks, total_exclusions) VALUES (114, 1, 26, 6, 4, 1, 3, 1, 1);
INSERT INTO player_memberships (person_id, team_id, start_date, jersey_number, main_position) VALUES (117, 26, '2025-03-01', 91, 'Defender');
INSERT INTO player_memberships (person_id, team_id, start_date, jersey_number, main_position) VALUES (215, 26, '2025-03-01', 75, 'Driver');
INSERT INTO player_memberships (person_id, team_id, start_date, jersey_number, main_position) VALUES (54, 26, '2025-03-01', 95, 'Utility');
INSERT INTO teams (team_id, club_id, age_group, gender, division, team_name) VALUES (27, 5, '14U', 'Girls', 'Gold', '14U Girls Gold Club5');
INSERT INTO player_memberships (person_id, team_id, start_date, jersey_number, main_position) VALUES (36, 27, '2025-03-01', 42, 'Driver');
INSERT INTO player_season_stats (person_id, season_id, team_id, total_goals, total_assists, total_shots, total_steals, total_blocks, total_exclusions) VALUES (36, 1, 27, 1, 10, 8, 5, 2, 0);
INSERT INTO player_memberships (person_id, team_id, start_date, jersey_number, main_position) VALUES (62, 27, '2025-03-01', 14, 'Utility');
INSERT INTO player_memberships (person_id, team_id, start_date, jersey_number, main_position) VALUES (53, 27, '2025-03-01', 65, 'Defender');
INSERT INTO player_memberships (person_id, team_id, start_date, jersey_number, main_position) VALUES (128, 27, '2025-03-01', 44, 'Utility');
INSERT INTO player_season_stats (person_id, season_id, team_id, total_goals, total_assists, total_shots, total_steals, total_blocks, total_exclusions) VALUES (128, 1, 27, 3, 9, 11, 0, 0, 2);
INSERT INTO player_memberships (person_id, team_id, start_date, jersey_number, main_position) VALUES (164, 27, '2025-03-01', 68, 'Goalie');
INSERT INTO player_season_stats (person_id, season_id, team_id, total_goals, total_assists, total_shots, total_steals, total_blocks, total_exclusions) VALUES (164, 1, 27, 6, 3, 1, 2, 1, 2);
INSERT INTO player_memberships (person_id, team_id, start_date, jersey_number, main_position) VALUES (162, 27, '2025-03-01', 78, 'Goalie');
INSERT INTO player_season_stats (person_id, season_id, team_id, total_goals, total_assists, total_shots, total_steals, total_blocks, total_exclusions) VALUES (162, 1, 27, 4, 10, 5, 4, 2, 2);
INSERT INTO player_memberships (person_id, team_id, start_date, jersey_number, main_position) VALUES (30, 27, '2025-03-01', 11, 'Utility');
INSERT INTO teams (team_id, club_id, age_group, gender, division, team_name) VALUES (28, 5, '14U', 'Girls', 'Silver', '14U Girls Silver Club5');
INSERT INTO player_memberships (person_id, team_id, start_date, jersey_number, main_position) VALUES (240, 28, '2025-03-01', 43, 'Defender');
INSERT INTO player_season_stats (person_id, season_id, team_id, total_goals, total_assists, total_shots, total_steals, total_blocks, total_exclusions) VALUES (240, 1, 28, 9, 9, 6, 3, 2, 0);
INSERT INTO player_memberships (person_id, team_id, start_date, jersey_number, main_position) VALUES (7, 28, '2025-03-01', 6, 'Center');
INSERT INTO player_season_stats (person_id, season_id, team_id, total_goals, total_assists, total_shots, total_steals, total_blocks, total_exclusions) VALUES (7, 1, 28, 0, 7, 0, 4, 3, 2);
INSERT INTO player_memberships (person_id, team_id, start_date, jersey_number, main_position) VALUES (91, 28, '2025-03-01', 51, 'Driver');
INSERT INTO player_memberships (person_id, team_id, start_date, jersey_number, main_position) VALUES (28, 28, '2025-03-01', 42, 'Defender');
INSERT INTO player_season_stats (person_id, season_id, team_id, total_goals, total_assists, total_shots, total_steals, total_blocks, total_exclusions) VALUES (28, 1, 28, 0, 6, 4, 5, 3, 0);
INSERT INTO player_memberships (person_id, team_id, start_date, jersey_number, main_position) VALUES (63, 28, '2025-03-01', 76, 'Utility');
INSERT INTO player_memberships (person_id, team_id, start_date, jersey_number, main_position) VALUES (247, 28, '2025-03-01', 87, 'Defender');
INSERT INTO player_memberships (person_id, team_id, start_date, jersey_number, main_position) VALUES (169, 28, '2025-03-01', 89, 'Utility');
INSERT INTO player_season_stats (person_id, season_id, team_id, total_goals, total_assists, total_shots, total_steals, total_blocks, total_exclusions) VALUES (169, 1, 28, 6, 7, 15, 5, 2, 1);
INSERT INTO teams (team_id, club_id, age_group, gender, division, team_name) VALUES (29, 5, '16U', 'Boys', 'Gold', '16U Boys Gold Club5');
INSERT INTO player_memberships (person_id, team_id, start_date, jersey_number, main_position) VALUES (82, 29, '2025-03-01', 20, 'Defender');
INSERT INTO player_memberships (person_id, team_id, start_date, jersey_number, main_position) VALUES (214, 29, '2025-03-01', 59, 'Goalie');
INSERT INTO player_season_stats (person_id, season_id, team_id, total_goals, total_assists, total_shots, total_steals, total_blocks, total_exclusions) VALUES (214, 1, 29, 4, 4, 7, 0, 2, 1);
INSERT INTO player_memberships (person_id, team_id, start_date, jersey_number, main_position) VALUES (6, 29, '2025-03-01', 32, 'Defender');
INSERT INTO player_season_stats (person_id, season_id, team_id, total_goals, total_assists, total_shots, total_steals, total_blocks, total_exclusions) VALUES (6, 1, 29, 2, 8, 11, 3, 0, 2);
INSERT INTO player_memberships (person_id, team_id, start_date, jersey_number, main_position) VALUES (87, 29, '2025-03-01', 41, 'Defender');
INSERT INTO player_memberships (person_id, team_id, start_date, jersey_number, main_position) VALUES (155, 29, '2025-03-01', 14, 'Defender');
INSERT INTO player_season_stats (person_id, season_id, team_id, total_goals, total_assists, total_shots, total_steals, total_blocks, total_exclusions) VALUES (155, 1, 29, 5, 6, 3, 1, 3, 2);
INSERT INTO player_memberships (person_id, team_id, start_date, jersey_number, main_position) VALUES (97, 29, '2025-03-01', 68, 'Center');
INSERT INTO player_season_stats (person_id, season_id, team_id, total_goals, total_assists, total_shots, total_steals, total_blocks, total_exclusions) VALUES (97, 1, 29, 2, 6, 12, 1, 0, 2);
INSERT INTO player_memberships (person_id, team_id, start_date, jersey_number, main_position) VALUES (238, 29, '2025-03-01', 76, 'Defender');
INSERT INTO teams (team_id, club_id, age_group, gender, division, team_name) VALUES (30, 5, '16U', 'Boys', 'Silver', '16U Boys Silver Club5');
INSERT INTO player_memberships (person_id, team_id, start_date, jersey_number, main_position) VALUES (240, 30, '2025-03-01', 74, 'Utility');
INSERT INTO player_memberships (person_id, team_id, start_date, jersey_number, main_position) VALUES (169, 30, '2025-03-01', 54, 'Goalie');
INSERT INTO player_memberships (person_id, team_id, start_date, jersey_number, main_position) VALUES (19, 30, '2025-03-01', 3, 'Goalie');
INSERT INTO player_memberships (person_id, team_id, start_date, jersey_number, main_position) VALUES (108, 30, '2025-03-01', 57, 'Driver');
INSERT INTO player_season_stats (person_id, season_id, team_id, total_goals, total_assists, total_shots, total_steals, total_blocks, total_exclusions) VALUES (108, 1, 30, 3, 0, 1, 3, 3, 2);
INSERT INTO player_memberships (person_id, team_id, start_date, jersey_number, main_position) VALUES (139, 30, '2025-03-01', 98, 'Defender');
INSERT INTO player_memberships (person_id, team_id, start_date, jersey_number, main_position) VALUES (152, 30, '2025-03-01', 31, 'Center');
INSERT INTO player_memberships (person_id, team_id, start_date, jersey_number, main_position) VALUES (147, 30, '2025-03-01', 48, 'Goalie');
INSERT INTO player_season_stats (person_id, season_id, team_id, total_goals, total_assists, total_shots, total_steals, total_blocks, total_exclusions) VALUES (147, 1, 30, 8, 6, 9, 1, 3, 0);
INSERT INTO teams (team_id, club_id, age_group, gender, division, team_name) VALUES (31, 5, '18U', 'Girls', 'Silver', '18U Girls Silver Club5');
INSERT INTO player_memberships (person_id, team_id, start_date, jersey_number, main_position) VALUES (90, 31, '2025-03-01', 85, 'Goalie');
INSERT INTO player_season_stats (person_id, season_id, team_id, total_goals, total_assists, total_shots, total_steals, total_blocks, total_exclusions) VALUES (90, 1, 31, 7, 9, 6, 0, 0, 0);
INSERT INTO player_memberships (person_id, team_id, start_date, jersey_number, main_position) VALUES (183, 31, '2025-03-01', 86, 'Utility');
INSERT INTO player_memberships (person_id, team_id, start_date, jersey_number, main_position) VALUES (129, 31, '2025-03-01', 39, 'Defender');
INSERT INTO player_memberships (person_id, team_id, start_date, jersey_number, main_position) VALUES (40, 31, '2025-03-01', 70, 'Center');
INSERT INTO player_season_stats (person_id, season_id, team_id, total_goals, total_assists, total_shots, total_steals, total_blocks, total_exclusions) VALUES (40, 1, 31, 9, 7, 5, 3, 2, 0);
INSERT INTO player_memberships (person_id, team_id, start_date, jersey_number, main_position) VALUES (156, 31, '2025-03-01', 73, 'Utility');
INSERT INTO player_season_stats (person_id, season_id, team_id, total_goals, total_assists, total_shots, total_steals, total_blocks, total_exclusions) VALUES (156, 1, 31, 10, 9, 1, 0, 1, 0);
INSERT INTO player_memberships (person_id, team_id, start_date, jersey_number, main_position) VALUES (43, 31, '2025-03-01', 7, 'Goalie');
INSERT INTO player_memberships (person_id, team_id, start_date, jersey_number, main_position) VALUES (50, 31, '2025-03-01', 46, 'Defender');
INSERT INTO matches (match_id, season_id, tournament_id, date, location, team1_id, team2_id, team1_score, team2_score) VALUES (1, 1, 1, '2025-04-07 14:00:00', 'Pool 1', 30, 10, 8, 10);
INSERT INTO match_referees (match_id, person_id, role) VALUES (1, 234, 'Referee');
INSERT INTO match_events (match_id, team_id, person_id, event_type_id, quarter, game_time_seconds) VALUES (1, 10, 209, 3, 1, 386);
INSERT INTO match_events (match_id, team_id, person_id, event_type_id, quarter, game_time_seconds) VALUES (1, 10, 100, 6, 1, 476);
INSERT INTO match_events (match_id, team_id, person_id, event_type_id, quarter, game_time_seconds) VALUES (1, 10, 66, 6, 1, 561);
INSERT INTO match_events (match_id, team_id, person_id, event_type_id, quarter, game_time_seconds) VALUES (1, 10, 110, 1, 1, 284);
INSERT INTO match_events (match_id, team_id, person_id, event_type_id, quarter, game_time_seconds) VALUES (1, 30, 130, 5, 1, 353);
INSERT INTO match_events (match_id, team_id, person_id, event_type_id, quarter, game_time_seconds) VALUES (1, 10, 65, 1, 1, 551);
INSERT INTO match_events (match_id, team_id, person_id, event_type_id, quarter, game_time_seconds) VALUES (1, 30, 91, 1, 1, 101);
INSERT INTO match_events (match_id, team_id, person_id, event_type_id, quarter, game_time_seconds) VALUES (1, 30, 201, 1, 1, 471);
INSERT INTO match_events (match_id, team_id, person_id, event_type_id, quarter, game_time_seconds) VALUES (1, 30, 10, 2, 1, 480);
INSERT INTO match_events (match_id, team_id, person_id, event_type_id, quarter, game_time_seconds) VALUES (1, 10, 237, 8, 1, 339);
INSERT INTO match_events (match_id, team_id, person_id, event_type_id, quarter, game_time_seconds) VALUES (1, 30, 216, 5, 1, 341);
INSERT INTO match_events (match_id, team_id, person_id, event_type_id, quarter, game_time_seconds) VALUES (1, 10, 45, 11, 1, 79);
INSERT INTO match_events (match_id, team_id, person_id, event_type_id, quarter, game_time_seconds) VALUES (1, 10, 167, 1, 1, 505);
INSERT INTO match_events (match_id, team_id, person_id, event_type_id, quarter, game_time_seconds) VALUES (1, 30, 240, 6, 1, 80);
INSERT INTO match_events (match_id, team_id, person_id, event_type_id, quarter, game_time_seconds) VALUES (1, 10, 36, 7, 1, 399);
INSERT INTO match_events (match_id, team_id, person_id, event_type_id, quarter, game_time_seconds) VALUES (1, 10, 174, 2, 2, 353);
INSERT INTO match_events (match_id, team_id, person_id, event_type_id, quarter, game_time_seconds) VALUES (1, 30, 43, 5, 2, 53);
INSERT INTO match_events (match_id, team_id, person_id, event_type_id, quarter, game_time_seconds) VALUES (1, 30, 249, 8, 2, 3);
INSERT INTO match_events (match_id, team_id, person_id, event_type_id, quarter, game_time_seconds) VALUES (1, 30, 163, 2, 2, 268);
INSERT INTO match_events (match_id, team_id, person_id, event_type_id, quarter, game_time_seconds) VALUES (1, 30, 92, 2, 2, 297);
INSERT INTO match_events (match_id, team_id, person_id, event_type_id, quarter, game_time_seconds) VALUES (1, 10, 9, 6, 2, 16);
INSERT INTO match_events (match_id, team_id, person_id, event_type_id, quarter, game_time_seconds) VALUES (1, 10, 221, 7, 2, 312);
INSERT INTO match_events (match_id, team_id, person_id, event_type_id, quarter, game_time_seconds) VALUES (1, 10, 73, 8, 2, 81);
INSERT INTO match_events (match_id, team_id, person_id, event_type_id, quarter, game_time_seconds) VALUES (1, 30, 81, 11, 2, 360);
INSERT INTO match_events (match_id, team_id, person_id, event_type_id, quarter, game_time_seconds) VALUES (1, 30, 11, 7, 2, 71);
INSERT INTO match_events (match_id, team_id, person_id, event_type_id, quarter, game_time_seconds) VALUES (1, 30, 208, 7, 2, 138);
INSERT INTO match_events (match_id, team_id, person_id, event_type_id, quarter, game_time_seconds) VALUES (1, 30, 22, 9, 2, 596);
INSERT INTO match_events (match_id, team_id, person_id, event_type_id, quarter, game_time_seconds) VALUES (1, 30, 119, 11, 2, 253);
INSERT INTO match_events (match_id, team_id, person_id, event_type_id, quarter, game_time_seconds) VALUES (1, 30, 1, 10, 2, 279);
INSERT INTO match_events (match_id, team_id, person_id, event_type_id, quarter, game_time_seconds) VALUES (1, 10, 179, 5, 2, 312);
INSERT INTO match_events (match_id, team_id, person_id, event_type_id, quarter, game_time_seconds) VALUES (1, 30, 77, 9, 3, 451);
INSERT INTO match_events (match_id, team_id, person_id, event_type_id, quarter, game_time_seconds) VALUES (1, 10, 225, 5, 3, 375);
INSERT INTO match_events (match_id, team_id, person_id, event_type_id, quarter, game_time_seconds) VALUES (1, 10, 31, 6, 3, 596);
INSERT INTO match_events (match_id, team_id, person_id, event_type_id, quarter, game_time_seconds) VALUES (1, 10, 202, 2, 3, 451);
INSERT INTO match_events (match_id, team_id, person_id, event_type_id, quarter, game_time_seconds) VALUES (1, 30, 4, 7, 3, 203);
INSERT INTO match_events (match_id, team_id, person_id, event_type_id, quarter, game_time_seconds) VALUES (1, 10, 81, 3, 3, 463);
INSERT INTO match_events (match_id, team_id, person_id, event_type_id, quarter, game_time_seconds) VALUES (1, 30, 18, 7, 3, 567);
INSERT INTO match_events (match_id, team_id, person_id, event_type_id, quarter, game_time_seconds) VALUES (1, 10, 233, 2, 3, 599);
INSERT INTO match_events (match_id, team_id, person_id, event_type_id, quarter, game_time_seconds) VALUES (1, 10, 89, 6, 3, 411);
INSERT INTO match_events (match_id, team_id, person_id, event_type_id, quarter, game_time_seconds) VALUES (1, 10, 205, 3, 3, 168);
INSERT INTO match_events (match_id, team_id, person_id, event_type_id, quarter, game_time_seconds) VALUES (1, 30, 1, 5, 3, 461);
INSERT INTO match_events (match_id, team_id, person_id, event_type_id, quarter, game_time_seconds) VALUES (1, 30, 30, 1, 3, 122);
INSERT INTO match_events (match_id, team_id, person_id, event_type_id, quarter, game_time_seconds) VALUES (1, 30, 218, 5, 3, 220);
INSERT INTO match_events (match_id, team_id, person_id, event_type_id, quarter, game_time_seconds) VALUES (1, 10, 52, 11, 3, 502);
INSERT INTO match_events (match_id, team_id, person_id, event_type_id, quarter, game_time_seconds) VALUES (1, 30, 120, 9, 3, 503);
INSERT INTO match_events (match_id, team_id, person_id, event_type_id, quarter, game_time_seconds) VALUES (1, 10, 219, 9, 4, 584);
INSERT INTO match_events (match_id, team_id, person_id, event_type_id, quarter, game_time_seconds) VALUES (1, 30, 196, 11, 4, 183);
INSERT INTO match_events (match_id, team_id, person_id, event_type_id, quarter, game_time_seconds) VALUES (1, 10, 194, 6, 4, 401);
INSERT INTO match_events (match_id, team_id, person_id, event_type_id, quarter, game_time_seconds) VALUES (1, 30, 170, 10, 4, 119);
INSERT INTO match_events (match_id, team_id, person_id, event_type_id, quarter, game_time_seconds) VALUES (1, 30, 191, 5, 4, 221);
INSERT INTO match_events (match_id, team_id, person_id, event_type_id, quarter, game_time_seconds) VALUES (1, 30, 173, 11, 4, 428);
INSERT INTO match_events (match_id, team_id, person_id, event_type_id, quarter, game_time_seconds) VALUES (1, 10, 212, 3, 4, 201);
INSERT INTO match_events (match_id, team_id, person_id, event_type_id, quarter, game_time_seconds) VALUES (1, 30, 228, 1, 4, 180);
INSERT INTO match_events (match_id, team_id, person_id, event_type_id, quarter, game_time_seconds) VALUES (1, 10, 175, 6, 4, 114);
INSERT INTO match_events (match_id, team_id, person_id, event_type_id, quarter, game_time_seconds) VALUES (1, 30, 137, 1, 4, 439);
INSERT INTO match_events (match_id, team_id, person_id, event_type_id, quarter, game_time_seconds) VALUES (1, 10, 145, 8, 4, 512);
INSERT INTO match_events (match_id, team_id, person_id, event_type_id, quarter, game_time_seconds) VALUES (1, 30, 217, 6, 4, 450);
INSERT INTO match_events (match_id, team_id, person_id, event_type_id, quarter, game_time_seconds) VALUES (1, 30, 225, 9, 4, 41);
INSERT INTO match_events (match_id, team_id, person_id, event_type_id, quarter, game_time_seconds) VALUES (1, 30, 88, 10, 4, 421);
INSERT INTO match_events (match_id, team_id, person_id, event_type_id, quarter, game_time_seconds) VALUES (1, 10, 178, 5, 4, 236);
INSERT INTO matches (match_id, season_id, tournament_id, date, location, team1_id, team2_id, team1_score, team2_score) VALUES (2, 1, 1, '2025-04-12 03:00:00', 'Pool 5', 27, 15, 14, 15);
INSERT INTO match_referees (match_id, person_id, role) VALUES (2, 124, 'Referee');
INSERT INTO match_events (match_id, team_id, person_id, event_type_id, quarter, game_time_seconds) VALUES (2, 15, 5, 8, 1, 220);
INSERT INTO match_events (match_id, team_id, person_id, event_type_id, quarter, game_time_seconds) VALUES (2, 15, 4, 4, 1, 156);
INSERT INTO match_events (match_id, team_id, person_id, event_type_id, quarter, game_time_seconds) VALUES (2, 27, 127, 8, 1, 442);
INSERT INTO match_events (match_id, team_id, person_id, event_type_id, quarter, game_time_seconds) VALUES (2, 15, 70, 7, 1, 153);
INSERT INTO match_events (match_id, team_id, person_id, event_type_id, quarter, game_time_seconds) VALUES (2, 15, 95, 8, 1, 574);
INSERT INTO match_events (match_id, team_id, person_id, event_type_id, quarter, game_time_seconds) VALUES (2, 27, 78, 4, 1, 345);
INSERT INTO match_events (match_id, team_id, person_id, event_type_id, quarter, game_time_seconds) VALUES (2, 27, 122, 1, 1, 88);
INSERT INTO match_events (match_id, team_id, person_id, event_type_id, quarter, game_time_seconds) VALUES (2, 15, 175, 1, 1, 497);
INSERT INTO match_events (match_id, team_id, person_id, event_type_id, quarter, game_time_seconds) VALUES (2, 27, 112, 1, 1, 176);
INSERT INTO match_events (match_id, team_id, person_id, event_type_id, quarter, game_time_seconds) VALUES (2, 27, 245, 5, 1, 81);
INSERT INTO match_events (match_id, team_id, person_id, event_type_id, quarter, game_time_seconds) VALUES (2, 15, 30, 5, 1, 237);
INSERT INTO match_events (match_id, team_id, person_id, event_type_id, quarter, game_time_seconds) VALUES (2, 15, 52, 10, 1, 423);
INSERT INTO match_events (match_id, team_id, person_id, event_type_id, quarter, game_time_seconds) VALUES (2, 15, 147, 4, 1, 594);
INSERT INTO match_events (match_id, team_id, person_id, event_type_id, quarter, game_time_seconds) VALUES (2, 15, 16, 7, 1, 267);
INSERT INTO match_events (match_id, team_id, person_id, event_type_id, quarter, game_time_seconds) VALUES (2, 27, 177, 8, 1, 103);
INSERT INTO match_events (match_id, team_id, person_id, event_type_id, quarter, game_time_seconds) VALUES (2, 27, 112, 2, 1, 409);
INSERT INTO match_events (match_id, team_id, person_id, event_type_id, quarter, game_time_seconds) VALUES (2, 15, 199, 1, 1, 402);
INSERT INTO match_events (match_id, team_id, person_id, event_type_id, quarter, game_time_seconds) VALUES (2, 15, 99, 3, 1, 471);
INSERT INTO match_events (match_id, team_id, person_id, event_type_id, quarter, game_time_seconds) VALUES (2, 27, 68, 4, 1, 207);
INSERT INTO match_events (match_id, team_id, person_id, event_type_id, quarter, game_time_seconds) VALUES (2, 15, 59, 6, 1, 176);
INSERT INTO match_events (match_id, team_id, person_id, event_type_id, quarter, game_time_seconds) VALUES (2, 15, 223, 10, 2, 30);
INSERT INTO match_events (match_id, team_id, person_id, event_type_id, quarter, game_time_seconds) VALUES (2, 27, 237, 10, 2, 225);
INSERT INTO match_events (match_id, team_id, person_id, event_type_id, quarter, game_time_seconds) VALUES (2, 27, 160, 4, 2, 483);
INSERT INTO match_events (match_id, team_id, person_id, event_type_id, quarter, game_time_seconds) VALUES (2, 27, 226, 6, 2, 211);
INSERT INTO match_events (match_id, team_id, person_id, event_type_id, quarter, game_time_seconds) VALUES (2, 27, 60, 10, 2, 321);
INSERT INTO match_events (match_id, team_id, person_id, event_type_id, quarter, game_time_seconds) VALUES (2, 27, 13, 1, 2, 263);
INSERT INTO match_events (match_id, team_id, person_id, event_type_id, quarter, game_time_seconds) VALUES (2, 15, 13, 3, 2, 227);
INSERT INTO match_events (match_id, team_id, person_id, event_type_id, quarter, game_time_seconds) VALUES (2, 15, 3, 7, 2, 268);
INSERT INTO match_events (match_id, team_id, person_id, event_type_id, quarter, game_time_seconds) VALUES (2, 27, 216, 7, 2, 139);
INSERT INTO match_events (match_id, team_id, person_id, event_type_id, quarter, game_time_seconds) VALUES (2, 27, 238, 10, 2, 275);
INSERT INTO match_events (match_id, team_id, person_id, event_type_id, quarter, game_time_seconds) VALUES (2, 27, 63, 11, 2, 578);
INSERT INTO match_events (match_id, team_id, person_id, event_type_id, quarter, game_time_seconds) VALUES (2, 15, 129, 6, 2, 310);
INSERT INTO match_events (match_id, team_id, person_id, event_type_id, quarter, game_time_seconds) VALUES (2, 15, 143, 8, 2, 361);
INSERT INTO match_events (match_id, team_id, person_id, event_type_id, quarter, game_time_seconds) VALUES (2, 27, 70, 5, 2, 112);
INSERT INTO match_events (match_id, team_id, person_id, event_type_id, quarter, game_time_seconds) VALUES (2, 27, 58, 5, 2, 337);
INSERT INTO match_events (match_id, team_id, person_id, event_type_id, quarter, game_time_seconds) VALUES (2, 15, 175, 1, 2, 9);
INSERT INTO match_events (match_id, team_id, person_id, event_type_id, quarter, game_time_seconds) VALUES (2, 15, 141, 4, 2, 458);
INSERT INTO match_events (match_id, team_id, person_id, event_type_id, quarter, game_time_seconds) VALUES (2, 27, 93, 11, 2, 68);
INSERT INTO match_events (match_id, team_id, person_id, event_type_id, quarter, game_time_seconds) VALUES (2, 27, 100, 7, 2, 352);
INSERT INTO match_events (match_id, team_id, person_id, event_type_id, quarter, game_time_seconds) VALUES (2, 15, 155, 6, 2, 0);
INSERT INTO match_events (match_id, team_id, person_id, event_type_id, quarter, game_time_seconds) VALUES (2, 27, 48, 10, 3, 66);
INSERT INTO match_events (match_id, team_id, person_id, event_type_id, quarter, game_time_seconds) VALUES (2, 27, 66, 8, 3, 296);
INSERT INTO match_events (match_id, team_id, person_id, event_type_id, quarter, game_time_seconds) VALUES (2, 15, 61, 9, 3, 424);
INSERT INTO match_events (match_id, team_id, person_id, event_type_id, quarter, game_time_seconds) VALUES (2, 27, 49, 3, 3, 8);
INSERT INTO match_events (match_id, team_id, person_id, event_type_id, quarter, game_time_seconds) VALUES (2, 15, 226, 10, 3, 266);
INSERT INTO match_events (match_id, team_id, person_id, event_type_id, quarter, game_time_seconds) VALUES (2, 27, 21, 5, 3, 516);
INSERT INTO match_events (match_id, team_id, person_id, event_type_id, quarter, game_time_seconds) VALUES (2, 15, 58, 8, 3, 82);
INSERT INTO match_events (match_id, team_id, person_id, event_type_id, quarter, game_time_seconds) VALUES (2, 27, 69, 7, 3, 476);
INSERT INTO match_events (match_id, team_id, person_id, event_type_id, quarter, game_time_seconds) VALUES (2, 27, 128, 7, 3, 209);
INSERT INTO match_events (match_id, team_id, person_id, event_type_id, quarter, game_time_seconds) VALUES (2, 27, 25, 11, 3, 376);
INSERT INTO match_events (match_id, team_id, person_id, event_type_id, quarter, game_time_seconds) VALUES (2, 27, 228, 5, 3, 21);
INSERT INTO match_events (match_id, team_id, person_id, event_type_id, quarter, game_time_seconds) VALUES (2, 15, 110, 4, 3, 320);
INSERT INTO match_events (match_id, team_id, person_id, event_type_id, quarter, game_time_seconds) VALUES (2, 15, 169, 8, 3, 401);
INSERT INTO match_events (match_id, team_id, person_id, event_type_id, quarter, game_time_seconds) VALUES (2, 27, 93, 7, 3, 429);
INSERT INTO match_events (match_id, team_id, person_id, event_type_id, quarter, game_time_seconds) VALUES (2, 15, 20, 1, 3, 118);
INSERT INTO match_events (match_id, team_id, person_id, event_type_id, quarter, game_time_seconds) VALUES (2, 15, 156, 1, 3, 246);
INSERT INTO match_events (match_id, team_id, person_id, event_type_id, quarter, game_time_seconds) VALUES (2, 15, 26, 11, 3, 260);
INSERT INTO match_events (match_id, team_id, person_id, event_type_id, quarter, game_time_seconds) VALUES (2, 27, 52, 10, 3, 104);
INSERT INTO match_events (match_id, team_id, person_id, event_type_id, quarter, game_time_seconds) VALUES (2, 27, 231, 1, 3, 403);
INSERT INTO match_events (match_id, team_id, person_id, event_type_id, quarter, game_time_seconds) VALUES (2, 15, 217, 4, 3, 279);
INSERT INTO match_events (match_id, team_id, person_id, event_type_id, quarter, game_time_seconds) VALUES (2, 27, 22, 11, 4, 340);
INSERT INTO match_events (match_id, team_id, person_id, event_type_id, quarter, game_time_seconds) VALUES (2, 27, 103, 11, 4, 133);
INSERT INTO match_events (match_id, team_id, person_id, event_type_id, quarter, game_time_seconds) VALUES (2, 15, 172, 10, 4, 20);
INSERT INTO match_events (match_id, team_id, person_id, event_type_id, quarter, game_time_seconds) VALUES (2, 15, 166, 5, 4, 588);
INSERT INTO match_events (match_id, team_id, person_id, event_type_id, quarter, game_time_seconds) VALUES (2, 27, 26, 7, 4, 413);
INSERT INTO match_events (match_id, team_id, person_id, event_type_id, quarter, game_time_seconds) VALUES (2, 15, 121, 6, 4, 272);
INSERT INTO match_events (match_id, team_id, person_id, event_type_id, quarter, game_time_seconds) VALUES (2, 27, 220, 8, 4, 355);
INSERT INTO match_events (match_id, team_id, person_id, event_type_id, quarter, game_time_seconds) VALUES (2, 15, 247, 9, 4, 413);
INSERT INTO match_events (match_id, team_id, person_id, event_type_id, quarter, game_time_seconds) VALUES (2, 15, 18, 8, 4, 392);
INSERT INTO match_events (match_id, team_id, person_id, event_type_id, quarter, game_time_seconds) VALUES (2, 15, 75, 3, 4, 440);
INSERT INTO match_events (match_id, team_id, person_id, event_type_id, quarter, game_time_seconds) VALUES (2, 15, 198, 9, 4, 146);
INSERT INTO match_events (match_id, team_id, person_id, event_type_id, quarter, game_time_seconds) VALUES (2, 15, 248, 6, 4, 77);
INSERT INTO match_events (match_id, team_id, person_id, event_type_id, quarter, game_time_seconds) VALUES (2, 27, 189, 10, 4, 326);
INSERT INTO match_events (match_id, team_id, person_id, event_type_id, quarter, game_time_seconds) VALUES (2, 15, 242, 6, 4, 257);
INSERT INTO match_events (match_id, team_id, person_id, event_type_id, quarter, game_time_seconds) VALUES (2, 27, 96, 11, 4, 482);
INSERT INTO match_events (match_id, team_id, person_id, event_type_id, quarter, game_time_seconds) VALUES (2, 15, 166, 7, 4, 145);
INSERT INTO match_events (match_id, team_id, person_id, event_type_id, quarter, game_time_seconds) VALUES (2, 27, 189, 8, 4, 381);
INSERT INTO match_events (match_id, team_id, person_id, event_type_id, quarter, game_time_seconds) VALUES (2, 27, 5, 4, 4, 353);
INSERT INTO match_events (match_id, team_id, person_id, event_type_id, quarter, game_time_seconds) VALUES (2, 15, 28, 1, 4, 126);
INSERT INTO match_events (match_id, team_id, person_id, event_type_id, quarter, game_time_seconds) VALUES (2, 15, 230, 8, 4, 535);
INSERT INTO matches (match_id, season_id, tournament_id, date, location, team1_id, team2_id, team1_score, team2_score) VALUES (3, 1, 1, '2025-04-09 01:00:00', 'Pool 5', 29, 1, 14, 14);
INSERT INTO match_referees (match_id, person_id, role) VALUES (3, 115, 'Referee');
INSERT INTO match_events (match_id, team_id, person_id, event_type_id, quarter, game_time_seconds) VALUES (3, 1, 78, 3, 1, 114);
INSERT INTO match_events (match_id, team_id, person_id, event_type_id, quarter, game_time_seconds) VALUES (3, 1, 173, 10, 1, 378);
INSERT INTO match_events (match_id, team_id, person_id, event_type_id, quarter, game_time_seconds) VALUES (3, 1, 124, 7, 1, 336);
INSERT INTO match_events (match_id, team_id, person_id, event_type_id, quarter, game_time_seconds) VALUES (3, 29, 68, 7, 1, 52);
INSERT INTO match_events (match_id, team_id, person_id, event_type_id, quarter, game_time_seconds) VALUES (3, 29, 119, 8, 1, 375);
INSERT INTO match_events (match_id, team_id, person_id, event_type_id, quarter, game_time_seconds) VALUES (3, 1, 239, 7, 1, 225);
INSERT INTO match_events (match_id, team_id, person_id, event_type_id, quarter, game_time_seconds) VALUES (3, 1, 7, 10, 1, 436);
INSERT INTO match_events (match_id, team_id, person_id, event_type_id, quarter, game_time_seconds) VALUES (3, 29, 67, 11, 1, 132);
INSERT INTO match_events (match_id, team_id, person_id, event_type_id, quarter, game_time_seconds) VALUES (3, 29, 40, 1, 1, 16);
INSERT INTO match_events (match_id, team_id, person_id, event_type_id, quarter, game_time_seconds) VALUES (3, 1, 180, 5, 1, 179);
INSERT INTO match_events (match_id, team_id, person_id, event_type_id, quarter, game_time_seconds) VALUES (3, 1, 173, 6, 1, 341);
INSERT INTO match_events (match_id, team_id, person_id, event_type_id, quarter, game_time_seconds) VALUES (3, 1, 198, 4, 1, 472);
INSERT INTO match_events (match_id, team_id, person_id, event_type_id, quarter, game_time_seconds) VALUES (3, 1, 135, 1, 1, 221);
INSERT INTO match_events (match_id, team_id, person_id, event_type_id, quarter, game_time_seconds) VALUES (3, 1, 38, 11, 1, 551);
INSERT INTO match_events (match_id, team_id, person_id, event_type_id, quarter, game_time_seconds) VALUES (3, 1, 186, 6, 1, 522);
INSERT INTO match_events (match_id, team_id, person_id, event_type_id, quarter, game_time_seconds) VALUES (3, 1, 26, 3, 1, 407);
INSERT INTO match_events (match_id, team_id, person_id, event_type_id, quarter, game_time_seconds) VALUES (3, 1, 3, 2, 1, 40);
INSERT INTO match_events (match_id, team_id, person_id, event_type_id, quarter, game_time_seconds) VALUES (3, 29, 67, 3, 1, 46);
INSERT INTO match_events (match_id, team_id, person_id, event_type_id, quarter, game_time_seconds) VALUES (3, 1, 46, 3, 1, 100);
INSERT INTO match_events (match_id, team_id, person_id, event_type_id, quarter, game_time_seconds) VALUES (3, 29, 40, 2, 2, 338);
INSERT INTO match_events (match_id, team_id, person_id, event_type_id, quarter, game_time_seconds) VALUES (3, 1, 57, 9, 2, 87);
INSERT INTO match_events (match_id, team_id, person_id, event_type_id, quarter, game_time_seconds) VALUES (3, 1, 113, 6, 2, 133);
INSERT INTO match_events (match_id, team_id, person_id, event_type_id, quarter, game_time_seconds) VALUES (3, 29, 44, 4, 2, 92);
INSERT INTO match_events (match_id, team_id, person_id, event_type_id, quarter, game_time_seconds) VALUES (3, 1, 63, 1, 2, 307);
INSERT INTO match_events (match_id, team_id, person_id, event_type_id, quarter, game_time_seconds) VALUES (3, 29, 88, 1, 2, 130);
INSERT INTO match_events (match_id, team_id, person_id, event_type_id, quarter, game_time_seconds) VALUES (3, 1, 14, 7, 2, 327);
INSERT INTO match_events (match_id, team_id, person_id, event_type_id, quarter, game_time_seconds) VALUES (3, 1, 70, 11, 2, 538);
INSERT INTO match_events (match_id, team_id, person_id, event_type_id, quarter, game_time_seconds) VALUES (3, 1, 242, 10, 2, 101);
INSERT INTO match_events (match_id, team_id, person_id, event_type_id, quarter, game_time_seconds) VALUES (3, 1, 241, 6, 2, 228);
INSERT INTO match_events (match_id, team_id, person_id, event_type_id, quarter, game_time_seconds) VALUES (3, 1, 222, 8, 2, 222);
INSERT INTO match_events (match_id, team_id, person_id, event_type_id, quarter, game_time_seconds) VALUES (3, 29, 249, 2, 2, 310);
INSERT INTO match_events (match_id, team_id, person_id, event_type_id, quarter, game_time_seconds) VALUES (3, 29, 101, 11, 2, 468);
INSERT INTO match_events (match_id, team_id, person_id, event_type_id, quarter, game_time_seconds) VALUES (3, 29, 220, 2, 2, 453);
INSERT INTO match_events (match_id, team_id, person_id, event_type_id, quarter, game_time_seconds) VALUES (3, 29, 230, 9, 2, 547);
INSERT INTO match_events (match_id, team_id, person_id, event_type_id, quarter, game_time_seconds) VALUES (3, 1, 54, 1, 2, 412);
INSERT INTO match_events (match_id, team_id, person_id, event_type_id, quarter, game_time_seconds) VALUES (3, 1, 72, 2, 2, 506);
INSERT INTO match_events (match_id, team_id, person_id, event_type_id, quarter, game_time_seconds) VALUES (3, 1, 236, 8, 2, 200);
INSERT INTO match_events (match_id, team_id, person_id, event_type_id, quarter, game_time_seconds) VALUES (3, 29, 38, 6, 2, 156);
INSERT INTO match_events (match_id, team_id, person_id, event_type_id, quarter, game_time_seconds) VALUES (3, 1, 173, 2, 3, 189);
INSERT INTO match_events (match_id, team_id, person_id, event_type_id, quarter, game_time_seconds) VALUES (3, 29, 183, 7, 3, 485);
INSERT INTO match_events (match_id, team_id, person_id, event_type_id, quarter, game_time_seconds) VALUES (3, 29, 107, 1, 3, 21);
INSERT INTO match_events (match_id, team_id, person_id, event_type_id, quarter, game_time_seconds) VALUES (3, 1, 21, 3, 3, 435);
INSERT INTO match_events (match_id, team_id, person_id, event_type_id, quarter, game_time_seconds) VALUES (3, 29, 35, 2, 3, 420);
INSERT INTO match_events (match_id, team_id, person_id, event_type_id, quarter, game_time_seconds) VALUES (3, 1, 34, 8, 3, 120);
INSERT INTO match_events (match_id, team_id, person_id, event_type_id, quarter, game_time_seconds) VALUES (3, 1, 50, 6, 3, 325);
INSERT INTO match_events (match_id, team_id, person_id, event_type_id, quarter, game_time_seconds) VALUES (3, 29, 39, 1, 3, 47);
INSERT INTO match_events (match_id, team_id, person_id, event_type_id, quarter, game_time_seconds) VALUES (3, 29, 12, 2, 3, 121);
INSERT INTO match_events (match_id, team_id, person_id, event_type_id, quarter, game_time_seconds) VALUES (3, 29, 156, 9, 3, 41);
INSERT INTO match_events (match_id, team_id, person_id, event_type_id, quarter, game_time_seconds) VALUES (3, 1, 174, 11, 3, 578);
INSERT INTO match_events (match_id, team_id, person_id, event_type_id, quarter, game_time_seconds) VALUES (3, 29, 238, 4, 3, 293);
INSERT INTO match_events (match_id, team_id, person_id, event_type_id, quarter, game_time_seconds) VALUES (3, 29, 19, 11, 3, 98);
INSERT INTO match_events (match_id, team_id, person_id, event_type_id, quarter, game_time_seconds) VALUES (3, 29, 73, 6, 3, 274);
INSERT INTO match_events (match_id, team_id, person_id, event_type_id, quarter, game_time_seconds) VALUES (3, 1, 95, 6, 3, 87);
INSERT INTO match_events (match_id, team_id, person_id, event_type_id, quarter, game_time_seconds) VALUES (3, 29, 79, 3, 3, 464);
INSERT INTO match_events (match_id, team_id, person_id, event_type_id, quarter, game_time_seconds) VALUES (3, 29, 100, 4, 3, 15);
INSERT INTO match_events (match_id, team_id, person_id, event_type_id, quarter, game_time_seconds) VALUES (3, 29, 21, 5, 3, 350);
INSERT INTO match_events (match_id, team_id, person_id, event_type_id, quarter, game_time_seconds) VALUES (3, 1, 200, 5, 3, 180);
INSERT INTO match_events (match_id, team_id, person_id, event_type_id, quarter, game_time_seconds) VALUES (3, 1, 204, 7, 4, 467);
INSERT INTO match_events (match_id, team_id, person_id, event_type_id, quarter, game_time_seconds) VALUES (3, 29, 241, 1, 4, 446);
INSERT INTO match_events (match_id, team_id, person_id, event_type_id, quarter, game_time_seconds) VALUES (3, 1, 194, 9, 4, 482);
INSERT INTO match_events (match_id, team_id, person_id, event_type_id, quarter, game_time_seconds) VALUES (3, 1, 2, 6, 4, 187);
INSERT INTO match_events (match_id, team_id, person_id, event_type_id, quarter, game_time_seconds) VALUES (3, 1, 29, 3, 4, 223);
INSERT INTO match_events (match_id, team_id, person_id, event_type_id, quarter, game_time_seconds) VALUES (3, 1, 15, 11, 4, 28);
INSERT INTO match_events (match_id, team_id, person_id, event_type_id, quarter, game_time_seconds) VALUES (3, 29, 144, 9, 4, 57);
INSERT INTO match_events (match_id, team_id, person_id, event_type_id, quarter, game_time_seconds) VALUES (3, 1, 196, 10, 4, 452);
INSERT INTO match_events (match_id, team_id, person_id, event_type_id, quarter, game_time_seconds) VALUES (3, 29, 117, 5, 4, 434);
INSERT INTO match_events (match_id, team_id, person_id, event_type_id, quarter, game_time_seconds) VALUES (3, 29, 33, 9, 4, 100);
INSERT INTO match_events (match_id, team_id, person_id, event_type_id, quarter, game_time_seconds) VALUES (3, 1, 123, 5, 4, 169);
INSERT INTO match_events (match_id, team_id, person_id, event_type_id, quarter, game_time_seconds) VALUES (3, 1, 68, 3, 4, 460);
INSERT INTO match_events (match_id, team_id, person_id, event_type_id, quarter, game_time_seconds) VALUES (3, 29, 61, 11, 4, 60);
INSERT INTO match_events (match_id, team_id, person_id, event_type_id, quarter, game_time_seconds) VALUES (3, 1, 34, 3, 4, 338);
INSERT INTO match_events (match_id, team_id, person_id, event_type_id, quarter, game_time_seconds) VALUES (3, 1, 34, 1, 4, 565);
INSERT INTO match_events (match_id, team_id, person_id, event_type_id, quarter, game_time_seconds) VALUES (3, 1, 187, 8, 4, 69);
INSERT INTO match_events (match_id, team_id, person_id, event_type_id, quarter, game_time_seconds) VALUES (3, 1, 36, 7, 4, 170);
INSERT INTO match_events (match_id, team_id, person_id, event_type_id, quarter, game_time_seconds) VALUES (3, 1, 194, 7, 4, 485);
INSERT INTO match_events (match_id, team_id, person_id, event_type_id, quarter, game_time_seconds) VALUES (3, 1, 218, 2, 4, 575);
INSERT INTO matches (match_id, season_id, tournament_id, date, location, team1_id, team2_id, team1_score, team2_score) VALUES (4, 1, 1, '2025-04-22 00:00:00', 'Pool 4', 1, 12, 10, 14);
INSERT INTO match_referees (match_id, person_id, role) VALUES (4, 162, 'Referee');
INSERT INTO match_events (match_id, team_id, person_id, event_type_id, quarter, game_time_seconds) VALUES (4, 12, 227, 1, 1, 546);
INSERT INTO match_events (match_id, team_id, person_id, event_type_id, quarter, game_time_seconds) VALUES (4, 12, 76, 2, 1, 538);
INSERT INTO match_events (match_id, team_id, person_id, event_type_id, quarter, game_time_seconds) VALUES (4, 12, 123, 8, 1, 340);
INSERT INTO match_events (match_id, team_id, person_id, event_type_id, quarter, game_time_seconds) VALUES (4, 12, 249, 8, 1, 151);
INSERT INTO match_events (match_id, team_id, person_id, event_type_id, quarter, game_time_seconds) VALUES (4, 12, 25, 6, 1, 9);
INSERT INTO match_events (match_id, team_id, person_id, event_type_id, quarter, game_time_seconds) VALUES (4, 12, 151, 8, 1, 143);
INSERT INTO match_events (match_id, team_id, person_id, event_type_id, quarter, game_time_seconds) VALUES (4, 1, 95, 11, 1, 233);
INSERT INTO match_events (match_id, team_id, person_id, event_type_id, quarter, game_time_seconds) VALUES (4, 1, 241, 6, 1, 139);
INSERT INTO match_events (match_id, team_id, person_id, event_type_id, quarter, game_time_seconds) VALUES (4, 1, 180, 8, 1, 358);
INSERT INTO match_events (match_id, team_id, person_id, event_type_id, quarter, game_time_seconds) VALUES (4, 12, 181, 1, 1, 219);
INSERT INTO match_events (match_id, team_id, person_id, event_type_id, quarter, game_time_seconds) VALUES (4, 1, 144, 8, 1, 426);
INSERT INTO match_events (match_id, team_id, person_id, event_type_id, quarter, game_time_seconds) VALUES (4, 12, 30, 4, 1, 529);
INSERT INTO match_events (match_id, team_id, person_id, event_type_id, quarter, game_time_seconds) VALUES (4, 12, 226, 3, 1, 197);
INSERT INTO match_events (match_id, team_id, person_id, event_type_id, quarter, game_time_seconds) VALUES (4, 1, 246, 4, 1, 472);
INSERT INTO match_events (match_id, team_id, person_id, event_type_id, quarter, game_time_seconds) VALUES (4, 1, 230, 7, 1, 586);
INSERT INTO match_events (match_id, team_id, person_id, event_type_id, quarter, game_time_seconds) VALUES (4, 1, 161, 4, 1, 61);
INSERT INTO match_events (match_id, team_id, person_id, event_type_id, quarter, game_time_seconds) VALUES (4, 12, 9, 6, 1, 318);
INSERT INTO match_events (match_id, team_id, person_id, event_type_id, quarter, game_time_seconds) VALUES (4, 1, 49, 3, 1, 308);
INSERT INTO match_events (match_id, team_id, person_id, event_type_id, quarter, game_time_seconds) VALUES (4, 1, 164, 6, 1, 329);
INSERT INTO match_events (match_id, team_id, person_id, event_type_id, quarter, game_time_seconds) VALUES (4, 12, 99, 7, 2, 242);
INSERT INTO match_events (match_id, team_id, person_id, event_type_id, quarter, game_time_seconds) VALUES (4, 12, 56, 8, 2, 117);
INSERT INTO match_events (match_id, team_id, person_id, event_type_id, quarter, game_time_seconds) VALUES (4, 1, 230, 4, 2, 242);
INSERT INTO match_events (match_id, team_id, person_id, event_type_id, quarter, game_time_seconds) VALUES (4, 12, 69, 5, 2, 130);
INSERT INTO match_events (match_id, team_id, person_id, event_type_id, quarter, game_time_seconds) VALUES (4, 1, 167, 1, 2, 78);
INSERT INTO match_events (match_id, team_id, person_id, event_type_id, quarter, game_time_seconds) VALUES (4, 1, 143, 1, 2, 600);
INSERT INTO match_events (match_id, team_id, person_id, event_type_id, quarter, game_time_seconds) VALUES (4, 12, 21, 11, 2, 593);
INSERT INTO match_events (match_id, team_id, person_id, event_type_id, quarter, game_time_seconds) VALUES (4, 1, 126, 9, 2, 340);
INSERT INTO match_events (match_id, team_id, person_id, event_type_id, quarter, game_time_seconds) VALUES (4, 1, 147, 9, 2, 4);
INSERT INTO match_events (match_id, team_id, person_id, event_type_id, quarter, game_time_seconds) VALUES (4, 12, 191, 6, 2, 322);
INSERT INTO match_events (match_id, team_id, person_id, event_type_id, quarter, game_time_seconds) VALUES (4, 12, 109, 11, 2, 488);
INSERT INTO match_events (match_id, team_id, person_id, event_type_id, quarter, game_time_seconds) VALUES (4, 1, 188, 11, 2, 513);
INSERT INTO match_events (match_id, team_id, person_id, event_type_id, quarter, game_time_seconds) VALUES (4, 12, 99, 2, 2, 185);
INSERT INTO match_events (match_id, team_id, person_id, event_type_id, quarter, game_time_seconds) VALUES (4, 12, 101, 2, 2, 170);
INSERT INTO match_events (match_id, team_id, person_id, event_type_id, quarter, game_time_seconds) VALUES (4, 1, 28, 8, 2, 53);
INSERT INTO match_events (match_id, team_id, person_id, event_type_id, quarter, game_time_seconds) VALUES (4, 12, 55, 1, 2, 152);
INSERT INTO match_events (match_id, team_id, person_id, event_type_id, quarter, game_time_seconds) VALUES (4, 1, 158, 8, 2, 188);
INSERT INTO match_events (match_id, team_id, person_id, event_type_id, quarter, game_time_seconds) VALUES (4, 12, 23, 9, 2, 189);
INSERT INTO match_events (match_id, team_id, person_id, event_type_id, quarter, game_time_seconds) VALUES (4, 1, 149, 8, 2, 26);
INSERT INTO match_events (match_id, team_id, person_id, event_type_id, quarter, game_time_seconds) VALUES (4, 12, 62, 5, 3, 523);
INSERT INTO match_events (match_id, team_id, person_id, event_type_id, quarter, game_time_seconds) VALUES (4, 1, 64, 10, 3, 72);
INSERT INTO match_events (match_id, team_id, person_id, event_type_id, quarter, game_time_seconds) VALUES (4, 1, 40, 3, 3, 575);
INSERT INTO match_events (match_id, team_id, person_id, event_type_id, quarter, game_time_seconds) VALUES (4, 12, 108, 6, 3, 232);
INSERT INTO match_events (match_id, team_id, person_id, event_type_id, quarter, game_time_seconds) VALUES (4, 1, 113, 1, 3, 584);
INSERT INTO match_events (match_id, team_id, person_id, event_type_id, quarter, game_time_seconds) VALUES (4, 1, 189, 4, 3, 539);
INSERT INTO match_events (match_id, team_id, person_id, event_type_id, quarter, game_time_seconds) VALUES (4, 1, 234, 2, 3, 193);
INSERT INTO match_events (match_id, team_id, person_id, event_type_id, quarter, game_time_seconds) VALUES (4, 1, 210, 2, 3, 494);
INSERT INTO match_events (match_id, team_id, person_id, event_type_id, quarter, game_time_seconds) VALUES (4, 12, 100, 4, 3, 593);
INSERT INTO match_events (match_id, team_id, person_id, event_type_id, quarter, game_time_seconds) VALUES (4, 1, 145, 7, 3, 480);
INSERT INTO match_events (match_id, team_id, person_id, event_type_id, quarter, game_time_seconds) VALUES (4, 1, 159, 1, 3, 324);
INSERT INTO match_events (match_id, team_id, person_id, event_type_id, quarter, game_time_seconds) VALUES (4, 1, 155, 10, 3, 269);
INSERT INTO match_events (match_id, team_id, person_id, event_type_id, quarter, game_time_seconds) VALUES (4, 1, 194, 9, 3, 276);
INSERT INTO match_events (match_id, team_id, person_id, event_type_id, quarter, game_time_seconds) VALUES (4, 1, 18, 9, 3, 385);
INSERT INTO match_events (match_id, team_id, person_id, event_type_id, quarter, game_time_seconds) VALUES (4, 12, 64, 8, 3, 511);
INSERT INTO match_events (match_id, team_id, person_id, event_type_id, quarter, game_time_seconds) VALUES (4, 12, 164, 2, 3, 565);
INSERT INTO match_events (match_id, team_id, person_id, event_type_id, quarter, game_time_seconds) VALUES (4, 12, 48, 11, 3, 74);
INSERT INTO match_events (match_id, team_id, person_id, event_type_id, quarter, game_time_seconds) VALUES (4, 12, 86, 10, 3, 107);
INSERT INTO match_events (match_id, team_id, person_id, event_type_id, quarter, game_time_seconds) VALUES (4, 12, 175, 7, 3, 111);
INSERT INTO match_events (match_id, team_id, person_id, event_type_id, quarter, game_time_seconds) VALUES (4, 12, 2, 4, 4, 305);
INSERT INTO match_events (match_id, team_id, person_id, event_type_id, quarter, game_time_seconds) VALUES (4, 1, 224, 2, 4, 11);
INSERT INTO match_events (match_id, team_id, person_id, event_type_id, quarter, game_time_seconds) VALUES (4, 1, 216, 10, 4, 57);
INSERT INTO match_events (match_id, team_id, person_id, event_type_id, quarter, game_time_seconds) VALUES (4, 1, 221, 3, 4, 82);
INSERT INTO match_events (match_id, team_id, person_id, event_type_id, quarter, game_time_seconds) VALUES (4, 1, 235, 4, 4, 552);
INSERT INTO match_events (match_id, team_id, person_id, event_type_id, quarter, game_time_seconds) VALUES (4, 1, 219, 11, 4, 319);
INSERT INTO match_events (match_id, team_id, person_id, event_type_id, quarter, game_time_seconds) VALUES (4, 1, 126, 1, 4, 421);
INSERT INTO match_events (match_id, team_id, person_id, event_type_id, quarter, game_time_seconds) VALUES (4, 1, 108, 4, 4, 149);
INSERT INTO match_events (match_id, team_id, person_id, event_type_id, quarter, game_time_seconds) VALUES (4, 1, 226, 10, 4, 498);
INSERT INTO match_events (match_id, team_id, person_id, event_type_id, quarter, game_time_seconds) VALUES (4, 12, 35, 6, 4, 342);
INSERT INTO match_events (match_id, team_id, person_id, event_type_id, quarter, game_time_seconds) VALUES (4, 12, 206, 3, 4, 505);
INSERT INTO match_events (match_id, team_id, person_id, event_type_id, quarter, game_time_seconds) VALUES (4, 12, 157, 5, 4, 285);
INSERT INTO match_events (match_id, team_id, person_id, event_type_id, quarter, game_time_seconds) VALUES (4, 12, 14, 6, 4, 457);
INSERT INTO match_events (match_id, team_id, person_id, event_type_id, quarter, game_time_seconds) VALUES (4, 12, 119, 9, 4, 372);
INSERT INTO match_events (match_id, team_id, person_id, event_type_id, quarter, game_time_seconds) VALUES (4, 12, 158, 5, 4, 349);
INSERT INTO match_events (match_id, team_id, person_id, event_type_id, quarter, game_time_seconds) VALUES (4, 12, 121, 9, 4, 136);
INSERT INTO match_events (match_id, team_id, person_id, event_type_id, quarter, game_time_seconds) VALUES (4, 12, 181, 5, 4, 296);
INSERT INTO match_events (match_id, team_id, person_id, event_type_id, quarter, game_time_seconds) VALUES (4, 1, 136, 8, 4, 377);
INSERT INTO match_events (match_id, team_id, person_id, event_type_id, quarter, game_time_seconds) VALUES (4, 12, 179, 9, 4, 258);
INSERT INTO matches (match_id, season_id, tournament_id, date, location, team1_id, team2_id, team1_score, team2_score) VALUES (5, 1, 1, '2025-04-09 03:00:00', 'Pool 2', 22, 7, 14, 15);
INSERT INTO match_referees (match_id, person_id, role) VALUES (5, 197, 'Referee');
INSERT INTO match_events (match_id, team_id, person_id, event_type_id, quarter, game_time_seconds) VALUES (5, 7, 137, 4, 1, 512);
INSERT INTO match_events (match_id, team_id, person_id, event_type_id, quarter, game_time_seconds) VALUES (5, 22, 166, 10, 1, 118);
INSERT INTO match_events (match_id, team_id, person_id, event_type_id, quarter, game_time_seconds) VALUES (5, 7, 88, 6, 1, 78);
INSERT INTO match_events (match_id, team_id, person_id, event_type_id, quarter, game_time_seconds) VALUES (5, 22, 149, 11, 1, 63);
INSERT INTO match_events (match_id, team_id, person_id, event_type_id, quarter, game_time_seconds) VALUES (5, 7, 60, 6, 1, 504);
INSERT INTO match_events (match_id, team_id, person_id, event_type_id, quarter, game_time_seconds) VALUES (5, 22, 26, 5, 1, 477);
INSERT INTO match_events (match_id, team_id, person_id, event_type_id, quarter, game_time_seconds) VALUES (5, 7, 142, 2, 1, 548);
INSERT INTO match_events (match_id, team_id, person_id, event_type_id, quarter, game_time_seconds) VALUES (5, 7, 52, 7, 1, 503);
INSERT INTO match_events (match_id, team_id, person_id, event_type_id, quarter, game_time_seconds) VALUES (5, 7, 104, 4, 1, 541);
INSERT INTO match_events (match_id, team_id, person_id, event_type_id, quarter, game_time_seconds) VALUES (5, 22, 23, 5, 1, 169);
INSERT INTO match_events (match_id, team_id, person_id, event_type_id, quarter, game_time_seconds) VALUES (5, 22, 80, 5, 1, 424);
INSERT INTO match_events (match_id, team_id, person_id, event_type_id, quarter, game_time_seconds) VALUES (5, 22, 87, 6, 1, 347);
INSERT INTO match_events (match_id, team_id, person_id, event_type_id, quarter, game_time_seconds) VALUES (5, 22, 97, 11, 1, 283);
INSERT INTO match_events (match_id, team_id, person_id, event_type_id, quarter, game_time_seconds) VALUES (5, 7, 224, 11, 1, 140);
INSERT INTO match_events (match_id, team_id, person_id, event_type_id, quarter, game_time_seconds) VALUES (5, 22, 145, 1, 1, 578);
INSERT INTO match_events (match_id, team_id, person_id, event_type_id, quarter, game_time_seconds) VALUES (5, 7, 116, 5, 1, 190);
INSERT INTO match_events (match_id, team_id, person_id, event_type_id, quarter, game_time_seconds) VALUES (5, 7, 191, 5, 1, 548);
INSERT INTO match_events (match_id, team_id, person_id, event_type_id, quarter, game_time_seconds) VALUES (5, 7, 169, 1, 1, 581);
INSERT INTO match_events (match_id, team_id, person_id, event_type_id, quarter, game_time_seconds) VALUES (5, 7, 8, 11, 1, 167);
INSERT INTO match_events (match_id, team_id, person_id, event_type_id, quarter, game_time_seconds) VALUES (5, 7, 77, 1, 1, 317);
INSERT INTO match_events (match_id, team_id, person_id, event_type_id, quarter, game_time_seconds) VALUES (5, 22, 130, 3, 2, 172);
INSERT INTO match_events (match_id, team_id, person_id, event_type_id, quarter, game_time_seconds) VALUES (5, 22, 73, 10, 2, 447);
INSERT INTO match_events (match_id, team_id, person_id, event_type_id, quarter, game_time_seconds) VALUES (5, 22, 186, 1, 2, 140);
INSERT INTO match_events (match_id, team_id, person_id, event_type_id, quarter, game_time_seconds) VALUES (5, 7, 96, 8, 2, 240);
INSERT INTO match_events (match_id, team_id, person_id, event_type_id, quarter, game_time_seconds) VALUES (5, 7, 37, 2, 2, 314);
INSERT INTO match_events (match_id, team_id, person_id, event_type_id, quarter, game_time_seconds) VALUES (5, 22, 69, 11, 2, 503);
INSERT INTO match_events (match_id, team_id, person_id, event_type_id, quarter, game_time_seconds) VALUES (5, 7, 159, 8, 2, 245);
INSERT INTO match_events (match_id, team_id, person_id, event_type_id, quarter, game_time_seconds) VALUES (5, 22, 211, 3, 2, 318);
INSERT INTO match_events (match_id, team_id, person_id, event_type_id, quarter, game_time_seconds) VALUES (5, 7, 16, 6, 2, 327);
INSERT INTO match_events (match_id, team_id, person_id, event_type_id, quarter, game_time_seconds) VALUES (5, 7, 110, 9, 2, 419);
INSERT INTO match_events (match_id, team_id, person_id, event_type_id, quarter, game_time_seconds) VALUES (5, 22, 77, 8, 2, 51);
INSERT INTO match_events (match_id, team_id, person_id, event_type_id, quarter, game_time_seconds) VALUES (5, 22, 42, 9, 2, 299);
INSERT INTO match_events (match_id, team_id, person_id, event_type_id, quarter, game_time_seconds) VALUES (5, 22, 207, 8, 2, 154);
INSERT INTO match_events (match_id, team_id, person_id, event_type_id, quarter, game_time_seconds) VALUES (5, 22, 151, 1, 2, 242);
INSERT INTO match_events (match_id, team_id, person_id, event_type_id, quarter, game_time_seconds) VALUES (5, 22, 165, 8, 2, 401);
INSERT INTO match_events (match_id, team_id, person_id, event_type_id, quarter, game_time_seconds) VALUES (5, 22, 59, 10, 2, 339);
INSERT INTO match_events (match_id, team_id, person_id, event_type_id, quarter, game_time_seconds) VALUES (5, 7, 201, 7, 2, 36);
INSERT INTO match_events (match_id, team_id, person_id, event_type_id, quarter, game_time_seconds) VALUES (5, 7, 194, 6, 2, 595);
INSERT INTO match_events (match_id, team_id, person_id, event_type_id, quarter, game_time_seconds) VALUES (5, 22, 130, 10, 2, 234);
INSERT INTO match_events (match_id, team_id, person_id, event_type_id, quarter, game_time_seconds) VALUES (5, 22, 68, 4, 2, 45);
INSERT INTO match_events (match_id, team_id, person_id, event_type_id, quarter, game_time_seconds) VALUES (5, 22, 176, 11, 3, 278);
INSERT INTO match_events (match_id, team_id, person_id, event_type_id, quarter, game_time_seconds) VALUES (5, 22, 236, 9, 3, 102);
INSERT INTO match_events (match_id, team_id, person_id, event_type_id, quarter, game_time_seconds) VALUES (5, 22, 249, 11, 3, 299);
INSERT INTO match_events (match_id, team_id, person_id, event_type_id, quarter, game_time_seconds) VALUES (5, 7, 83, 7, 3, 598);
INSERT INTO match_events (match_id, team_id, person_id, event_type_id, quarter, game_time_seconds) VALUES (5, 7, 89, 11, 3, 148);
INSERT INTO match_events (match_id, team_id, person_id, event_type_id, quarter, game_time_seconds) VALUES (5, 7, 114, 9, 3, 33);
INSERT INTO match_events (match_id, team_id, person_id, event_type_id, quarter, game_time_seconds) VALUES (5, 22, 121, 8, 3, 123);
INSERT INTO match_events (match_id, team_id, person_id, event_type_id, quarter, game_time_seconds) VALUES (5, 7, 11, 7, 3, 338);
INSERT INTO match_events (match_id, team_id, person_id, event_type_id, quarter, game_time_seconds) VALUES (5, 22, 237, 9, 3, 530);
INSERT INTO match_events (match_id, team_id, person_id, event_type_id, quarter, game_time_seconds) VALUES (5, 7, 7, 3, 3, 44);
INSERT INTO match_events (match_id, team_id, person_id, event_type_id, quarter, game_time_seconds) VALUES (5, 22, 42, 5, 3, 43);
INSERT INTO match_events (match_id, team_id, person_id, event_type_id, quarter, game_time_seconds) VALUES (5, 7, 248, 2, 3, 471);
INSERT INTO match_events (match_id, team_id, person_id, event_type_id, quarter, game_time_seconds) VALUES (5, 7, 82, 8, 3, 365);
INSERT INTO match_events (match_id, team_id, person_id, event_type_id, quarter, game_time_seconds) VALUES (5, 22, 8, 1, 3, 561);
INSERT INTO match_events (match_id, team_id, person_id, event_type_id, quarter, game_time_seconds) VALUES (5, 7, 1, 8, 3, 332);
INSERT INTO match_events (match_id, team_id, person_id, event_type_id, quarter, game_time_seconds) VALUES (5, 22, 161, 5, 3, 456);
INSERT INTO match_events (match_id, team_id, person_id, event_type_id, quarter, game_time_seconds) VALUES (5, 7, 182, 5, 3, 190);
INSERT INTO match_events (match_id, team_id, person_id, event_type_id, quarter, game_time_seconds) VALUES (5, 22, 210, 1, 3, 396);
INSERT INTO match_events (match_id, team_id, person_id, event_type_id, quarter, game_time_seconds) VALUES (5, 22, 30, 4, 3, 462);
INSERT INTO match_events (match_id, team_id, person_id, event_type_id, quarter, game_time_seconds) VALUES (5, 22, 12, 9, 3, 359);
INSERT INTO match_events (match_id, team_id, person_id, event_type_id, quarter, game_time_seconds) VALUES (5, 7, 84, 6, 4, 590);
INSERT INTO match_events (match_id, team_id, person_id, event_type_id, quarter, game_time_seconds) VALUES (5, 22, 193, 3, 4, 157);
INSERT INTO match_events (match_id, team_id, person_id, event_type_id, quarter, game_time_seconds) VALUES (5, 7, 42, 11, 4, 310);
INSERT INTO match_events (match_id, team_id, person_id, event_type_id, quarter, game_time_seconds) VALUES (5, 7, 31, 4, 4, 107);
INSERT INTO match_events (match_id, team_id, person_id, event_type_id, quarter, game_time_seconds) VALUES (5, 22, 162, 1, 4, 585);
INSERT INTO match_events (match_id, team_id, person_id, event_type_id, quarter, game_time_seconds) VALUES (5, 7, 11, 8, 4, 485);
INSERT INTO match_events (match_id, team_id, person_id, event_type_id, quarter, game_time_seconds) VALUES (5, 22, 236, 10, 4, 307);
INSERT INTO match_events (match_id, team_id, person_id, event_type_id, quarter, game_time_seconds) VALUES (5, 22, 155, 1, 4, 468);
INSERT INTO match_events (match_id, team_id, person_id, event_type_id, quarter, game_time_seconds) VALUES (5, 22, 229, 3, 4, 557);
INSERT INTO match_events (match_id, team_id, person_id, event_type_id, quarter, game_time_seconds) VALUES (5, 22, 41, 9, 4, 520);
INSERT INTO match_events (match_id, team_id, person_id, event_type_id, quarter, game_time_seconds) VALUES (5, 7, 233, 5, 4, 56);
INSERT INTO match_events (match_id, team_id, person_id, event_type_id, quarter, game_time_seconds) VALUES (5, 7, 199, 3, 4, 371);
INSERT INTO match_events (match_id, team_id, person_id, event_type_id, quarter, game_time_seconds) VALUES (5, 7, 98, 8, 4, 499);
INSERT INTO match_events (match_id, team_id, person_id, event_type_id, quarter, game_time_seconds) VALUES (5, 22, 58, 11, 4, 357);
INSERT INTO match_events (match_id, team_id, person_id, event_type_id, quarter, game_time_seconds) VALUES (5, 22, 213, 11, 4, 410);
INSERT INTO match_events (match_id, team_id, person_id, event_type_id, quarter, game_time_seconds) VALUES (5, 22, 88, 10, 4, 408);
INSERT INTO match_events (match_id, team_id, person_id, event_type_id, quarter, game_time_seconds) VALUES (5, 22, 239, 4, 4, 505);
INSERT INTO match_events (match_id, team_id, person_id, event_type_id, quarter, game_time_seconds) VALUES (5, 22, 190, 9, 4, 53);
INSERT INTO match_events (match_id, team_id, person_id, event_type_id, quarter, game_time_seconds) VALUES (5, 22, 156, 10, 4, 564);
INSERT INTO match_events (match_id, team_id, person_id, event_type_id, quarter, game_time_seconds) VALUES (5, 22, 244, 6, 4, 426);
INSERT INTO matches (match_id, season_id, tournament_id, date, location, team1_id, team2_id, team1_score, team2_score) VALUES (6, 1, 1, '2025-04-10 18:00:00', 'Pool 4', 16, 5, 8, 7);
INSERT INTO match_referees (match_id, person_id, role) VALUES (6, 213, 'Referee');
INSERT INTO match_events (match_id, team_id, person_id, event_type_id, quarter, game_time_seconds) VALUES (6, 5, 189, 8, 1, 183);
INSERT INTO match_events (match_id, team_id, person_id, event_type_id, quarter, game_time_seconds) VALUES (6, 5, 247, 5, 1, 61);
INSERT INTO match_events (match_id, team_id, person_id, event_type_id, quarter, game_time_seconds) VALUES (6, 16, 236, 5, 1, 61);
INSERT INTO match_events (match_id, team_id, person_id, event_type_id, quarter, game_time_seconds) VALUES (6, 16, 195, 4, 1, 365);
INSERT INTO match_events (match_id, team_id, person_id, event_type_id, quarter, game_time_seconds) VALUES (6, 16, 134, 3, 1, 585);
INSERT INTO match_events (match_id, team_id, person_id, event_type_id, quarter, game_time_seconds) VALUES (6, 5, 232, 6, 1, 136);
INSERT INTO match_events (match_id, team_id, person_id, event_type_id, quarter, game_time_seconds) VALUES (6, 16, 101, 10, 1, 480);
INSERT INTO match_events (match_id, team_id, person_id, event_type_id, quarter, game_time_seconds) VALUES (6, 16, 11, 5, 1, 103);
INSERT INTO match_events (match_id, team_id, person_id, event_type_id, quarter, game_time_seconds) VALUES (6, 16, 187, 8, 1, 451);
INSERT INTO match_events (match_id, team_id, person_id, event_type_id, quarter, game_time_seconds) VALUES (6, 16, 120, 3, 1, 599);
INSERT INTO match_events (match_id, team_id, person_id, event_type_id, quarter, game_time_seconds) VALUES (6, 5, 241, 5, 1, 434);
INSERT INTO match_events (match_id, team_id, person_id, event_type_id, quarter, game_time_seconds) VALUES (6, 5, 110, 8, 1, 111);
INSERT INTO match_events (match_id, team_id, person_id, event_type_id, quarter, game_time_seconds) VALUES (6, 16, 100, 4, 1, 519);
INSERT INTO match_events (match_id, team_id, person_id, event_type_id, quarter, game_time_seconds) VALUES (6, 16, 240, 6, 2, 208);
INSERT INTO match_events (match_id, team_id, person_id, event_type_id, quarter, game_time_seconds) VALUES (6, 5, 232, 3, 2, 204);
INSERT INTO match_events (match_id, team_id, person_id, event_type_id, quarter, game_time_seconds) VALUES (6, 5, 225, 4, 2, 161);
INSERT INTO match_events (match_id, team_id, person_id, event_type_id, quarter, game_time_seconds) VALUES (6, 16, 54, 9, 2, 545);
INSERT INTO match_events (match_id, team_id, person_id, event_type_id, quarter, game_time_seconds) VALUES (6, 5, 99, 11, 2, 14);
INSERT INTO match_events (match_id, team_id, person_id, event_type_id, quarter, game_time_seconds) VALUES (6, 5, 83, 3, 2, 475);
INSERT INTO match_events (match_id, team_id, person_id, event_type_id, quarter, game_time_seconds) VALUES (6, 5, 197, 7, 2, 397);
INSERT INTO match_events (match_id, team_id, person_id, event_type_id, quarter, game_time_seconds) VALUES (6, 5, 175, 10, 2, 559);
INSERT INTO match_events (match_id, team_id, person_id, event_type_id, quarter, game_time_seconds) VALUES (6, 16, 238, 7, 2, 440);
INSERT INTO match_events (match_id, team_id, person_id, event_type_id, quarter, game_time_seconds) VALUES (6, 5, 39, 8, 2, 314);
INSERT INTO match_events (match_id, team_id, person_id, event_type_id, quarter, game_time_seconds) VALUES (6, 16, 11, 6, 2, 102);
INSERT INTO match_events (match_id, team_id, person_id, event_type_id, quarter, game_time_seconds) VALUES (6, 5, 155, 8, 2, 65);
INSERT INTO match_events (match_id, team_id, person_id, event_type_id, quarter, game_time_seconds) VALUES (6, 16, 105, 11, 2, 125);
INSERT INTO match_events (match_id, team_id, person_id, event_type_id, quarter, game_time_seconds) VALUES (6, 16, 181, 8, 3, 507);
INSERT INTO match_events (match_id, team_id, person_id, event_type_id, quarter, game_time_seconds) VALUES (6, 5, 190, 9, 3, 392);
INSERT INTO match_events (match_id, team_id, person_id, event_type_id, quarter, game_time_seconds) VALUES (6, 16, 187, 7, 3, 383);
INSERT INTO match_events (match_id, team_id, person_id, event_type_id, quarter, game_time_seconds) VALUES (6, 5, 71, 7, 3, 596);
INSERT INTO match_events (match_id, team_id, person_id, event_type_id, quarter, game_time_seconds) VALUES (6, 16, 242, 2, 3, 200);
INSERT INTO match_events (match_id, team_id, person_id, event_type_id, quarter, game_time_seconds) VALUES (6, 5, 59, 10, 3, 418);
INSERT INTO match_events (match_id, team_id, person_id, event_type_id, quarter, game_time_seconds) VALUES (6, 5, 181, 9, 3, 295);
INSERT INTO match_events (match_id, team_id, person_id, event_type_id, quarter, game_time_seconds) VALUES (6, 5, 161, 9, 3, 122);
INSERT INTO match_events (match_id, team_id, person_id, event_type_id, quarter, game_time_seconds) VALUES (6, 5, 41, 7, 3, 589);
INSERT INTO match_events (match_id, team_id, person_id, event_type_id, quarter, game_time_seconds) VALUES (6, 5, 89, 1, 3, 593);
INSERT INTO match_events (match_id, team_id, person_id, event_type_id, quarter, game_time_seconds) VALUES (6, 16, 33, 11, 3, 523);
INSERT INTO match_events (match_id, team_id, person_id, event_type_id, quarter, game_time_seconds) VALUES (6, 16, 200, 6, 3, 533);
INSERT INTO match_events (match_id, team_id, person_id, event_type_id, quarter, game_time_seconds) VALUES (6, 16, 15, 1, 3, 469);
INSERT INTO match_events (match_id, team_id, person_id, event_type_id, quarter, game_time_seconds) VALUES (6, 16, 108, 5, 4, 537);
INSERT INTO match_events (match_id, team_id, person_id, event_type_id, quarter, game_time_seconds) VALUES (6, 5, 47, 1, 4, 32);
INSERT INTO match_events (match_id, team_id, person_id, event_type_id, quarter, game_time_seconds) VALUES (6, 5, 207, 11, 4, 194);
INSERT INTO match_events (match_id, team_id, person_id, event_type_id, quarter, game_time_seconds) VALUES (6, 16, 157, 10, 4, 153);
INSERT INTO match_events (match_id, team_id, person_id, event_type_id, quarter, game_time_seconds) VALUES (6, 16, 25, 5, 4, 291);
INSERT INTO match_events (match_id, team_id, person_id, event_type_id, quarter, game_time_seconds) VALUES (6, 16, 217, 1, 4, 555);
INSERT INTO match_events (match_id, team_id, person_id, event_type_id, quarter, game_time_seconds) VALUES (6, 16, 165, 10, 4, 445);
INSERT INTO match_events (match_id, team_id, person_id, event_type_id, quarter, game_time_seconds) VALUES (6, 16, 179, 6, 4, 39);
INSERT INTO match_events (match_id, team_id, person_id, event_type_id, quarter, game_time_seconds) VALUES (6, 16, 121, 9, 4, 125);
INSERT INTO match_events (match_id, team_id, person_id, event_type_id, quarter, game_time_seconds) VALUES (6, 16, 157, 6, 4, 449);
INSERT INTO match_events (match_id, team_id, person_id, event_type_id, quarter, game_time_seconds) VALUES (6, 5, 246, 7, 4, 90);
INSERT INTO match_events (match_id, team_id, person_id, event_type_id, quarter, game_time_seconds) VALUES (6, 16, 64, 10, 4, 192);
INSERT INTO match_events (match_id, team_id, person_id, event_type_id, quarter, game_time_seconds) VALUES (6, 16, 218, 2, 4, 118);
INSERT INTO matches (match_id, season_id, tournament_id, date, location, team1_id, team2_id, team1_score, team2_score) VALUES (7, 1, 1, '2025-04-03 11:00:00', 'Pool 1', 13, 5, 4, 0);
INSERT INTO match_referees (match_id, person_id, role) VALUES (7, 17, 'Referee');
INSERT INTO match_events (match_id, team_id, person_id, event_type_id, quarter, game_time_seconds) VALUES (7, 13, 195, 4, 1, 187);
INSERT INTO match_events (match_id, team_id, person_id, event_type_id, quarter, game_time_seconds) VALUES (7, 5, 111, 10, 1, 91);
INSERT INTO match_events (match_id, team_id, person_id, event_type_id, quarter, game_time_seconds) VALUES (7, 13, 172, 6, 1, 337);
INSERT INTO match_events (match_id, team_id, person_id, event_type_id, quarter, game_time_seconds) VALUES (7, 5, 151, 3, 1, 181);
INSERT INTO match_events (match_id, team_id, person_id, event_type_id, quarter, game_time_seconds) VALUES (7, 13, 83, 11, 1, 521);
INSERT INTO match_events (match_id, team_id, person_id, event_type_id, quarter, game_time_seconds) VALUES (7, 5, 193, 10, 1, 236);
INSERT INTO match_events (match_id, team_id, person_id, event_type_id, quarter, game_time_seconds) VALUES (7, 5, 102, 10, 1, 447);
INSERT INTO match_events (match_id, team_id, person_id, event_type_id, quarter, game_time_seconds) VALUES (7, 5, 200, 3, 1, 84);
INSERT INTO match_events (match_id, team_id, person_id, event_type_id, quarter, game_time_seconds) VALUES (7, 13, 3, 6, 1, 547);
INSERT INTO match_events (match_id, team_id, person_id, event_type_id, quarter, game_time_seconds) VALUES (7, 5, 228, 6, 2, 471);
INSERT INTO match_events (match_id, team_id, person_id, event_type_id, quarter, game_time_seconds) VALUES (7, 5, 133, 9, 2, 73);
INSERT INTO match_events (match_id, team_id, person_id, event_type_id, quarter, game_time_seconds) VALUES (7, 5, 141, 6, 2, 251);
INSERT INTO match_events (match_id, team_id, person_id, event_type_id, quarter, game_time_seconds) VALUES (7, 13, 181, 1, 2, 469);
INSERT INTO match_events (match_id, team_id, person_id, event_type_id, quarter, game_time_seconds) VALUES (7, 13, 202, 2, 2, 310);
INSERT INTO match_events (match_id, team_id, person_id, event_type_id, quarter, game_time_seconds) VALUES (7, 13, 28, 8, 2, 86);
INSERT INTO match_events (match_id, team_id, person_id, event_type_id, quarter, game_time_seconds) VALUES (7, 13, 125, 8, 2, 319);
INSERT INTO match_events (match_id, team_id, person_id, event_type_id, quarter, game_time_seconds) VALUES (7, 5, 10, 8, 2, 247);
INSERT INTO match_events (match_id, team_id, person_id, event_type_id, quarter, game_time_seconds) VALUES (7, 5, 131, 9, 2, 399);
INSERT INTO match_events (match_id, team_id, person_id, event_type_id, quarter, game_time_seconds) VALUES (7, 5, 105, 7, 3, 163);
INSERT INTO match_events (match_id, team_id, person_id, event_type_id, quarter, game_time_seconds) VALUES (7, 5, 44, 2, 3, 509);
INSERT INTO match_events (match_id, team_id, person_id, event_type_id, quarter, game_time_seconds) VALUES (7, 5, 7, 11, 3, 95);
INSERT INTO match_events (match_id, team_id, person_id, event_type_id, quarter, game_time_seconds) VALUES (7, 5, 70, 3, 3, 64);
INSERT INTO match_events (match_id, team_id, person_id, event_type_id, quarter, game_time_seconds) VALUES (7, 5, 34, 4, 3, 5);
INSERT INTO match_events (match_id, team_id, person_id, event_type_id, quarter, game_time_seconds) VALUES (7, 13, 161, 6, 3, 399);
INSERT INTO match_events (match_id, team_id, person_id, event_type_id, quarter, game_time_seconds) VALUES (7, 13, 68, 3, 3, 432);
INSERT INTO match_events (match_id, team_id, person_id, event_type_id, quarter, game_time_seconds) VALUES (7, 13, 93, 11, 3, 17);
INSERT INTO match_events (match_id, team_id, person_id, event_type_id, quarter, game_time_seconds) VALUES (7, 5, 99, 11, 3, 342);
INSERT INTO match_events (match_id, team_id, person_id, event_type_id, quarter, game_time_seconds) VALUES (7, 13, 148, 7, 4, 416);
INSERT INTO match_events (match_id, team_id, person_id, event_type_id, quarter, game_time_seconds) VALUES (7, 13, 54, 3, 4, 54);
INSERT INTO match_events (match_id, team_id, person_id, event_type_id, quarter, game_time_seconds) VALUES (7, 13, 63, 1, 4, 419);
INSERT INTO match_events (match_id, team_id, person_id, event_type_id, quarter, game_time_seconds) VALUES (7, 13, 207, 10, 4, 549);
INSERT INTO match_events (match_id, team_id, person_id, event_type_id, quarter, game_time_seconds) VALUES (7, 5, 76, 7, 4, 212);
INSERT INTO match_events (match_id, team_id, person_id, event_type_id, quarter, game_time_seconds) VALUES (7, 5, 135, 11, 4, 183);
INSERT INTO match_events (match_id, team_id, person_id, event_type_id, quarter, game_time_seconds) VALUES (7, 5, 94, 11, 4, 371);
INSERT INTO match_events (match_id, team_id, person_id, event_type_id, quarter, game_time_seconds) VALUES (7, 5, 189, 6, 4, 418);
INSERT INTO match_events (match_id, team_id, person_id, event_type_id, quarter, game_time_seconds) VALUES (7, 13, 181, 4, 4, 498);
INSERT INTO matches (match_id, season_id, tournament_id, date, location, team1_id, team2_id, team1_score, team2_score) VALUES (8, 1, 1, '2025-04-04 07:00:00', 'Pool 5', 11, 19, 9, 10);
INSERT INTO match_referees (match_id, person_id, role) VALUES (8, 233, 'Referee');
INSERT INTO match_events (match_id, team_id, person_id, event_type_id, quarter, game_time_seconds) VALUES (8, 11, 41, 7, 1, 555);
INSERT INTO match_events (match_id, team_id, person_id, event_type_id, quarter, game_time_seconds) VALUES (8, 11, 190, 7, 1, 263);
INSERT INTO match_events (match_id, team_id, person_id, event_type_id, quarter, game_time_seconds) VALUES (8, 19, 63, 3, 1, 159);
INSERT INTO match_events (match_id, team_id, person_id, event_type_id, quarter, game_time_seconds) VALUES (8, 11, 152, 7, 1, 292);
INSERT INTO match_events (match_id, team_id, person_id, event_type_id, quarter, game_time_seconds) VALUES (8, 11, 141, 2, 1, 69);
INSERT INTO match_events (match_id, team_id, person_id, event_type_id, quarter, game_time_seconds) VALUES (8, 19, 26, 10, 1, 206);
INSERT INTO match_events (match_id, team_id, person_id, event_type_id, quarter, game_time_seconds) VALUES (8, 19, 114, 10, 1, 109);
INSERT INTO match_events (match_id, team_id, person_id, event_type_id, quarter, game_time_seconds) VALUES (8, 19, 177, 4, 1, 119);
INSERT INTO match_events (match_id, team_id, person_id, event_type_id, quarter, game_time_seconds) VALUES (8, 19, 186, 3, 1, 563);
INSERT INTO match_events (match_id, team_id, person_id, event_type_id, quarter, game_time_seconds) VALUES (8, 19, 79, 5, 1, 58);
INSERT INTO match_events (match_id, team_id, person_id, event_type_id, quarter, game_time_seconds) VALUES (8, 19, 196, 10, 1, 394);
INSERT INTO match_events (match_id, team_id, person_id, event_type_id, quarter, game_time_seconds) VALUES (8, 11, 13, 5, 1, 394);
INSERT INTO match_events (match_id, team_id, person_id, event_type_id, quarter, game_time_seconds) VALUES (8, 19, 233, 4, 1, 280);
INSERT INTO match_events (match_id, team_id, person_id, event_type_id, quarter, game_time_seconds) VALUES (8, 19, 167, 1, 1, 370);
INSERT INTO match_events (match_id, team_id, person_id, event_type_id, quarter, game_time_seconds) VALUES (8, 19, 90, 1, 1, 318);
INSERT INTO match_events (match_id, team_id, person_id, event_type_id, quarter, game_time_seconds) VALUES (8, 11, 154, 9, 2, 53);
INSERT INTO match_events (match_id, team_id, person_id, event_type_id, quarter, game_time_seconds) VALUES (8, 19, 6, 2, 2, 178);
INSERT INTO match_events (match_id, team_id, person_id, event_type_id, quarter, game_time_seconds) VALUES (8, 19, 117, 8, 2, 262);
INSERT INTO match_events (match_id, team_id, person_id, event_type_id, quarter, game_time_seconds) VALUES (8, 11, 178, 3, 2, 558);
INSERT INTO match_events (match_id, team_id, person_id, event_type_id, quarter, game_time_seconds) VALUES (8, 11, 236, 7, 2, 505);
INSERT INTO match_events (match_id, team_id, person_id, event_type_id, quarter, game_time_seconds) VALUES (8, 19, 95, 5, 2, 118);
INSERT INTO match_events (match_id, team_id, person_id, event_type_id, quarter, game_time_seconds) VALUES (8, 11, 50, 7, 2, 534);
INSERT INTO match_events (match_id, team_id, person_id, event_type_id, quarter, game_time_seconds) VALUES (8, 19, 126, 7, 2, 383);
INSERT INTO match_events (match_id, team_id, person_id, event_type_id, quarter, game_time_seconds) VALUES (8, 11, 233, 2, 2, 564);
INSERT INTO match_events (match_id, team_id, person_id, event_type_id, quarter, game_time_seconds) VALUES (8, 19, 62, 5, 2, 134);
INSERT INTO match_events (match_id, team_id, person_id, event_type_id, quarter, game_time_seconds) VALUES (8, 11, 205, 5, 2, 513);
INSERT INTO match_events (match_id, team_id, person_id, event_type_id, quarter, game_time_seconds) VALUES (8, 19, 15, 11, 2, 158);
INSERT INTO match_events (match_id, team_id, person_id, event_type_id, quarter, game_time_seconds) VALUES (8, 11, 248, 7, 2, 575);
INSERT INTO match_events (match_id, team_id, person_id, event_type_id, quarter, game_time_seconds) VALUES (8, 11, 141, 8, 2, 4);
INSERT INTO match_events (match_id, team_id, person_id, event_type_id, quarter, game_time_seconds) VALUES (8, 11, 168, 2, 2, 427);
INSERT INTO match_events (match_id, team_id, person_id, event_type_id, quarter, game_time_seconds) VALUES (8, 11, 210, 10, 3, 198);
INSERT INTO match_events (match_id, team_id, person_id, event_type_id, quarter, game_time_seconds) VALUES (8, 11, 207, 11, 3, 434);
INSERT INTO match_events (match_id, team_id, person_id, event_type_id, quarter, game_time_seconds) VALUES (8, 11, 88, 3, 3, 144);
INSERT INTO match_events (match_id, team_id, person_id, event_type_id, quarter, game_time_seconds) VALUES (8, 19, 112, 6, 3, 212);
INSERT INTO match_events (match_id, team_id, person_id, event_type_id, quarter, game_time_seconds) VALUES (8, 19, 246, 2, 3, 279);
INSERT INTO match_events (match_id, team_id, person_id, event_type_id, quarter, game_time_seconds) VALUES (8, 19, 57, 5, 3, 322);
INSERT INTO match_events (match_id, team_id, person_id, event_type_id, quarter, game_time_seconds) VALUES (8, 19, 78, 9, 3, 188);
INSERT INTO match_events (match_id, team_id, person_id, event_type_id, quarter, game_time_seconds) VALUES (8, 11, 149, 7, 3, 440);
INSERT INTO match_events (match_id, team_id, person_id, event_type_id, quarter, game_time_seconds) VALUES (8, 19, 66, 3, 3, 430);
INSERT INTO match_events (match_id, team_id, person_id, event_type_id, quarter, game_time_seconds) VALUES (8, 11, 94, 7, 3, 555);
INSERT INTO match_events (match_id, team_id, person_id, event_type_id, quarter, game_time_seconds) VALUES (8, 19, 75, 10, 3, 122);
INSERT INTO match_events (match_id, team_id, person_id, event_type_id, quarter, game_time_seconds) VALUES (8, 19, 29, 1, 3, 471);
INSERT INTO match_events (match_id, team_id, person_id, event_type_id, quarter, game_time_seconds) VALUES (8, 19, 116, 6, 3, 84);
INSERT INTO match_events (match_id, team_id, person_id, event_type_id, quarter, game_time_seconds) VALUES (8, 19, 218, 7, 3, 94);
INSERT INTO match_events (match_id, team_id, person_id, event_type_id, quarter, game_time_seconds) VALUES (8, 19, 135, 7, 3, 313);
INSERT INTO match_events (match_id, team_id, person_id, event_type_id, quarter, game_time_seconds) VALUES (8, 11, 83, 8, 4, 454);
INSERT INTO match_events (match_id, team_id, person_id, event_type_id, quarter, game_time_seconds) VALUES (8, 19, 144, 10, 4, 339);
INSERT INTO match_events (match_id, team_id, person_id, event_type_id, quarter, game_time_seconds) VALUES (8, 19, 84, 7, 4, 444);
INSERT INTO match_events (match_id, team_id, person_id, event_type_id, quarter, game_time_seconds) VALUES (8, 19, 15, 9, 4, 6);
INSERT INTO match_events (match_id, team_id, person_id, event_type_id, quarter, game_time_seconds) VALUES (8, 11, 167, 1, 4, 529);
INSERT INTO match_events (match_id, team_id, person_id, event_type_id, quarter, game_time_seconds) VALUES (8, 19, 60, 4, 4, 436);
INSERT INTO match_events (match_id, team_id, person_id, event_type_id, quarter, game_time_seconds) VALUES (8, 11, 237, 2, 4, 498);
INSERT INTO match_events (match_id, team_id, person_id, event_type_id, quarter, game_time_seconds) VALUES (8, 11, 42, 1, 4, 406);
INSERT INTO match_events (match_id, team_id, person_id, event_type_id, quarter, game_time_seconds) VALUES (8, 11, 177, 9, 4, 59);
INSERT INTO match_events (match_id, team_id, person_id, event_type_id, quarter, game_time_seconds) VALUES (8, 11, 105, 11, 4, 533);
INSERT INTO match_events (match_id, team_id, person_id, event_type_id, quarter, game_time_seconds) VALUES (8, 11, 109, 9, 4, 161);
INSERT INTO match_events (match_id, team_id, person_id, event_type_id, quarter, game_time_seconds) VALUES (8, 11, 42, 1, 4, 396);
INSERT INTO match_events (match_id, team_id, person_id, event_type_id, quarter, game_time_seconds) VALUES (8, 11, 122, 1, 4, 425);
INSERT INTO match_events (match_id, team_id, person_id, event_type_id, quarter, game_time_seconds) VALUES (8, 19, 37, 6, 4, 491);
INSERT INTO match_events (match_id, team_id, person_id, event_type_id, quarter, game_time_seconds) VALUES (8, 11, 219, 8, 4, 274);
INSERT INTO matches (match_id, season_id, tournament_id, date, location, team1_id, team2_id, team1_score, team2_score) VALUES (9, 1, 1, '2025-04-13 13:00:00', 'Pool 4', 15, 28, 0, 2);
INSERT INTO match_referees (match_id, person_id, role) VALUES (9, 227, 'Referee');
INSERT INTO match_events (match_id, team_id, person_id, event_type_id, quarter, game_time_seconds) VALUES (9, 15, 27, 10, 1, 498);
INSERT INTO match_events (match_id, team_id, person_id, event_type_id, quarter, game_time_seconds) VALUES (9, 28, 202, 3, 1, 55);
INSERT INTO match_events (match_id, team_id, person_id, event_type_id, quarter, game_time_seconds) VALUES (9, 28, 174, 8, 1, 380);
INSERT INTO match_events (match_id, team_id, person_id, event_type_id, quarter, game_time_seconds) VALUES (9, 15, 132, 9, 1, 413);
INSERT INTO match_events (match_id, team_id, person_id, event_type_id, quarter, game_time_seconds) VALUES (9, 15, 210, 8, 1, 600);
INSERT INTO match_events (match_id, team_id, person_id, event_type_id, quarter, game_time_seconds) VALUES (9, 28, 124, 10, 1, 556);
INSERT INTO match_events (match_id, team_id, person_id, event_type_id, quarter, game_time_seconds) VALUES (9, 28, 190, 8, 1, 233);
INSERT INTO match_events (match_id, team_id, person_id, event_type_id, quarter, game_time_seconds) VALUES (9, 15, 87, 3, 2, 549);
INSERT INTO match_events (match_id, team_id, person_id, event_type_id, quarter, game_time_seconds) VALUES (9, 28, 133, 6, 2, 123);
INSERT INTO match_events (match_id, team_id, person_id, event_type_id, quarter, game_time_seconds) VALUES (9, 28, 86, 11, 2, 574);
INSERT INTO match_events (match_id, team_id, person_id, event_type_id, quarter, game_time_seconds) VALUES (9, 15, 109, 1, 2, 527);
INSERT INTO match_events (match_id, team_id, person_id, event_type_id, quarter, game_time_seconds) VALUES (9, 15, 105, 3, 2, 68);
INSERT INTO match_events (match_id, team_id, person_id, event_type_id, quarter, game_time_seconds) VALUES (9, 15, 148, 10, 2, 26);
INSERT INTO match_events (match_id, team_id, person_id, event_type_id, quarter, game_time_seconds) VALUES (9, 28, 32, 7, 2, 104);
INSERT INTO match_events (match_id, team_id, person_id, event_type_id, quarter, game_time_seconds) VALUES (9, 28, 106, 2, 3, 567);
INSERT INTO match_events (match_id, team_id, person_id, event_type_id, quarter, game_time_seconds) VALUES (9, 15, 177, 11, 3, 33);
INSERT INTO match_events (match_id, team_id, person_id, event_type_id, quarter, game_time_seconds) VALUES (9, 28, 144, 1, 3, 372);
INSERT INTO match_events (match_id, team_id, person_id, event_type_id, quarter, game_time_seconds) VALUES (9, 28, 245, 8, 3, 56);
INSERT INTO match_events (match_id, team_id, person_id, event_type_id, quarter, game_time_seconds) VALUES (9, 28, 113, 9, 3, 198);
INSERT INTO match_events (match_id, team_id, person_id, event_type_id, quarter, game_time_seconds) VALUES (9, 28, 3, 3, 3, 25);
INSERT INTO match_events (match_id, team_id, person_id, event_type_id, quarter, game_time_seconds) VALUES (9, 28, 15, 6, 3, 60);
INSERT INTO match_events (match_id, team_id, person_id, event_type_id, quarter, game_time_seconds) VALUES (9, 28, 130, 9, 4, 286);
INSERT INTO match_events (match_id, team_id, person_id, event_type_id, quarter, game_time_seconds) VALUES (9, 15, 12, 4, 4, 548);
INSERT INTO match_events (match_id, team_id, person_id, event_type_id, quarter, game_time_seconds) VALUES (9, 28, 211, 8, 4, 11);
INSERT INTO match_events (match_id, team_id, person_id, event_type_id, quarter, game_time_seconds) VALUES (9, 15, 203, 1, 4, 269);
INSERT INTO match_events (match_id, team_id, person_id, event_type_id, quarter, game_time_seconds) VALUES (9, 15, 177, 4, 4, 343);
INSERT INTO match_events (match_id, team_id, person_id, event_type_id, quarter, game_time_seconds) VALUES (9, 15, 238, 4, 4, 584);
INSERT INTO match_events (match_id, team_id, person_id, event_type_id, quarter, game_time_seconds) VALUES (9, 15, 226, 10, 4, 409);
INSERT INTO matches (match_id, season_id, tournament_id, date, location, team1_id, team2_id, team1_score, team2_score) VALUES (10, 1, 1, '2025-04-16 19:00:00', 'Pool 1', 30, 20, 13, 1);
INSERT INTO match_referees (match_id, person_id, role) VALUES (10, 214, 'Referee');
INSERT INTO match_events (match_id, team_id, person_id, event_type_id, quarter, game_time_seconds) VALUES (10, 20, 205, 9, 1, 422);
INSERT INTO match_events (match_id, team_id, person_id, event_type_id, quarter, game_time_seconds) VALUES (10, 20, 62, 7, 1, 464);
INSERT INTO match_events (match_id, team_id, person_id, event_type_id, quarter, game_time_seconds) VALUES (10, 20, 96, 2, 1, 574);
INSERT INTO match_events (match_id, team_id, person_id, event_type_id, quarter, game_time_seconds) VALUES (10, 30, 185, 1, 1, 163);
INSERT INTO match_events (match_id, team_id, person_id, event_type_id, quarter, game_time_seconds) VALUES (10, 20, 244, 10, 1, 111);
INSERT INTO match_events (match_id, team_id, person_id, event_type_id, quarter, game_time_seconds) VALUES (10, 30, 39, 1, 1, 326);
INSERT INTO match_events (match_id, team_id, person_id, event_type_id, quarter, game_time_seconds) VALUES (10, 20, 128, 4, 1, 46);
INSERT INTO match_events (match_id, team_id, person_id, event_type_id, quarter, game_time_seconds) VALUES (10, 30, 214, 4, 1, 57);
INSERT INTO match_events (match_id, team_id, person_id, event_type_id, quarter, game_time_seconds) VALUES (10, 20, 9, 8, 1, 409);
INSERT INTO match_events (match_id, team_id, person_id, event_type_id, quarter, game_time_seconds) VALUES (10, 30, 199, 6, 1, 272);
INSERT INTO match_events (match_id, team_id, person_id, event_type_id, quarter, game_time_seconds) VALUES (10, 30, 163, 5, 1, 293);
INSERT INTO match_events (match_id, team_id, person_id, event_type_id, quarter, game_time_seconds) VALUES (10, 30, 100, 2, 1, 387);
INSERT INTO match_events (match_id, team_id, person_id, event_type_id, quarter, game_time_seconds) VALUES (10, 20, 197, 8, 1, 189);
INSERT INTO match_events (match_id, team_id, person_id, event_type_id, quarter, game_time_seconds) VALUES (10, 30, 148, 9, 1, 155);
INSERT INTO match_events (match_id, team_id, person_id, event_type_id, quarter, game_time_seconds) VALUES (10, 30, 52, 3, 1, 420);
INSERT INTO match_events (match_id, team_id, person_id, event_type_id, quarter, game_time_seconds) VALUES (10, 20, 128, 8, 1, 309);
INSERT INTO match_events (match_id, team_id, person_id, event_type_id, quarter, game_time_seconds) VALUES (10, 20, 141, 7, 1, 540);
INSERT INTO match_events (match_id, team_id, person_id, event_type_id, quarter, game_time_seconds) VALUES (10, 30, 1, 10, 1, 80);
INSERT INTO match_events (match_id, team_id, person_id, event_type_id, quarter, game_time_seconds) VALUES (10, 20, 223, 2, 2, 293);
INSERT INTO match_events (match_id, team_id, person_id, event_type_id, quarter, game_time_seconds) VALUES (10, 20, 24, 10, 2, 145);
INSERT INTO match_events (match_id, team_id, person_id, event_type_id, quarter, game_time_seconds) VALUES (10, 20, 38, 3, 2, 519);
INSERT INTO match_events (match_id, team_id, person_id, event_type_id, quarter, game_time_seconds) VALUES (10, 20, 68, 10, 2, 353);
INSERT INTO match_events (match_id, team_id, person_id, event_type_id, quarter, game_time_seconds) VALUES (10, 30, 7, 3, 2, 14);
INSERT INTO match_events (match_id, team_id, person_id, event_type_id, quarter, game_time_seconds) VALUES (10, 30, 50, 1, 2, 436);
INSERT INTO match_events (match_id, team_id, person_id, event_type_id, quarter, game_time_seconds) VALUES (10, 20, 215, 8, 2, 231);
INSERT INTO match_events (match_id, team_id, person_id, event_type_id, quarter, game_time_seconds) VALUES (10, 20, 213, 9, 2, 508);
INSERT INTO match_events (match_id, team_id, person_id, event_type_id, quarter, game_time_seconds) VALUES (10, 30, 133, 4, 2, 527);
INSERT INTO match_events (match_id, team_id, person_id, event_type_id, quarter, game_time_seconds) VALUES (10, 30, 212, 3, 2, 115);
INSERT INTO match_events (match_id, team_id, person_id, event_type_id, quarter, game_time_seconds) VALUES (10, 20, 76, 1, 2, 298);
INSERT INTO match_events (match_id, team_id, person_id, event_type_id, quarter, game_time_seconds) VALUES (10, 30, 36, 2, 2, 44);
INSERT INTO match_events (match_id, team_id, person_id, event_type_id, quarter, game_time_seconds) VALUES (10, 30, 46, 9, 2, 308);
INSERT INTO match_events (match_id, team_id, person_id, event_type_id, quarter, game_time_seconds) VALUES (10, 20, 41, 1, 2, 265);
INSERT INTO match_events (match_id, team_id, person_id, event_type_id, quarter, game_time_seconds) VALUES (10, 20, 25, 4, 2, 14);
INSERT INTO match_events (match_id, team_id, person_id, event_type_id, quarter, game_time_seconds) VALUES (10, 30, 96, 2, 2, 200);
INSERT INTO match_events (match_id, team_id, person_id, event_type_id, quarter, game_time_seconds) VALUES (10, 30, 192, 1, 2, 530);
INSERT INTO match_events (match_id, team_id, person_id, event_type_id, quarter, game_time_seconds) VALUES (10, 20, 80, 8, 2, 107);
INSERT INTO match_events (match_id, team_id, person_id, event_type_id, quarter, game_time_seconds) VALUES (10, 20, 187, 8, 3, 245);
INSERT INTO match_events (match_id, team_id, person_id, event_type_id, quarter, game_time_seconds) VALUES (10, 30, 163, 10, 3, 97);
INSERT INTO match_events (match_id, team_id, person_id, event_type_id, quarter, game_time_seconds) VALUES (10, 20, 13, 1, 3, 356);
INSERT INTO match_events (match_id, team_id, person_id, event_type_id, quarter, game_time_seconds) VALUES (10, 30, 212, 11, 3, 371);
INSERT INTO match_events (match_id, team_id, person_id, event_type_id, quarter, game_time_seconds) VALUES (10, 30, 57, 9, 3, 244);
INSERT INTO match_events (match_id, team_id, person_id, event_type_id, quarter, game_time_seconds) VALUES (10, 20, 168, 4, 3, 119);
INSERT INTO match_events (match_id, team_id, person_id, event_type_id, quarter, game_time_seconds) VALUES (10, 30, 60, 1, 3, 43);
INSERT INTO match_events (match_id, team_id, person_id, event_type_id, quarter, game_time_seconds) VALUES (10, 20, 213, 2, 3, 368);
INSERT INTO match_events (match_id, team_id, person_id, event_type_id, quarter, game_time_seconds) VALUES (10, 20, 134, 7, 3, 423);
INSERT INTO match_events (match_id, team_id, person_id, event_type_id, quarter, game_time_seconds) VALUES (10, 20, 246, 8, 3, 362);
INSERT INTO match_events (match_id, team_id, person_id, event_type_id, quarter, game_time_seconds) VALUES (10, 30, 206, 3, 3, 169);
INSERT INTO match_events (match_id, team_id, person_id, event_type_id, quarter, game_time_seconds) VALUES (10, 20, 183, 7, 3, 588);
INSERT INTO match_events (match_id, team_id, person_id, event_type_id, quarter, game_time_seconds) VALUES (10, 20, 232, 8, 3, 136);
INSERT INTO match_events (match_id, team_id, person_id, event_type_id, quarter, game_time_seconds) VALUES (10, 30, 8, 9, 3, 133);
INSERT INTO match_events (match_id, team_id, person_id, event_type_id, quarter, game_time_seconds) VALUES (10, 30, 162, 11, 3, 87);
INSERT INTO match_events (match_id, team_id, person_id, event_type_id, quarter, game_time_seconds) VALUES (10, 20, 228, 7, 3, 411);
INSERT INTO match_events (match_id, team_id, person_id, event_type_id, quarter, game_time_seconds) VALUES (10, 20, 80, 1, 3, 480);
INSERT INTO match_events (match_id, team_id, person_id, event_type_id, quarter, game_time_seconds) VALUES (10, 30, 95, 11, 3, 105);
INSERT INTO match_events (match_id, team_id, person_id, event_type_id, quarter, game_time_seconds) VALUES (10, 30, 110, 8, 4, 486);
INSERT INTO match_events (match_id, team_id, person_id, event_type_id, quarter, game_time_seconds) VALUES (10, 30, 213, 6, 4, 88);
INSERT INTO match_events (match_id, team_id, person_id, event_type_id, quarter, game_time_seconds) VALUES (10, 30, 157, 5, 4, 549);
INSERT INTO match_events (match_id, team_id, person_id, event_type_id, quarter, game_time_seconds) VALUES (10, 20, 92, 6, 4, 110);
INSERT INTO match_events (match_id, team_id, person_id, event_type_id, quarter, game_time_seconds) VALUES (10, 30, 80, 5, 4, 152);
INSERT INTO match_events (match_id, team_id, person_id, event_type_id, quarter, game_time_seconds) VALUES (10, 30, 188, 5, 4, 229);
INSERT INTO match_events (match_id, team_id, person_id, event_type_id, quarter, game_time_seconds) VALUES (10, 20, 244, 11, 4, 233);
INSERT INTO match_events (match_id, team_id, person_id, event_type_id, quarter, game_time_seconds) VALUES (10, 30, 63, 8, 4, 387);
INSERT INTO match_events (match_id, team_id, person_id, event_type_id, quarter, game_time_seconds) VALUES (10, 20, 52, 6, 4, 14);
INSERT INTO match_events (match_id, team_id, person_id, event_type_id, quarter, game_time_seconds) VALUES (10, 20, 32, 10, 4, 500);
INSERT INTO match_events (match_id, team_id, person_id, event_type_id, quarter, game_time_seconds) VALUES (10, 30, 151, 6, 4, 52);
INSERT INTO match_events (match_id, team_id, person_id, event_type_id, quarter, game_time_seconds) VALUES (10, 30, 97, 11, 4, 102);
INSERT INTO match_events (match_id, team_id, person_id, event_type_id, quarter, game_time_seconds) VALUES (10, 20, 53, 2, 4, 5);
INSERT INTO match_events (match_id, team_id, person_id, event_type_id, quarter, game_time_seconds) VALUES (10, 20, 19, 3, 4, 522);
INSERT INTO match_events (match_id, team_id, person_id, event_type_id, quarter, game_time_seconds) VALUES (10, 30, 69, 6, 4, 531);
INSERT INTO match_events (match_id, team_id, person_id, event_type_id, quarter, game_time_seconds) VALUES (10, 20, 201, 11, 4, 60);
INSERT INTO match_events (match_id, team_id, person_id, event_type_id, quarter, game_time_seconds) VALUES (10, 30, 43, 5, 4, 533);
INSERT INTO match_events (match_id, team_id, person_id, event_type_id, quarter, game_time_seconds) VALUES (10, 20, 189, 8, 4, 217);
INSERT INTO matches (match_id, season_id, tournament_id, date, location, team1_id, team2_id, team1_score, team2_score) VALUES (11, 1, 1, '2025-04-18 13:00:00', 'Pool 1', 28, 12, 10, 11);
INSERT INTO match_referees (match_id, person_id, role) VALUES (11, 49, 'Referee');
INSERT INTO match_events (match_id, team_id, person_id, event_type_id, quarter, game_time_seconds) VALUES (11, 28, 211, 5, 1, 469);
INSERT INTO match_events (match_id, team_id, person_id, event_type_id, quarter, game_time_seconds) VALUES (11, 28, 87, 1, 1, 577);
INSERT INTO match_events (match_id, team_id, person_id, event_type_id, quarter, game_time_seconds) VALUES (11, 12, 135, 3, 1, 169);
INSERT INTO match_events (match_id, team_id, person_id, event_type_id, quarter, game_time_seconds) VALUES (11, 28, 79, 2, 1, 585);
INSERT INTO match_events (match_id, team_id, person_id, event_type_id, quarter, game_time_seconds) VALUES (11, 12, 165, 1, 1, 304);
INSERT INTO match_events (match_id, team_id, person_id, event_type_id, quarter, game_time_seconds) VALUES (11, 12, 24, 10, 1, 215);
INSERT INTO match_events (match_id, team_id, person_id, event_type_id, quarter, game_time_seconds) VALUES (11, 12, 141, 7, 1, 94);
INSERT INTO match_events (match_id, team_id, person_id, event_type_id, quarter, game_time_seconds) VALUES (11, 12, 154, 1, 1, 237);
INSERT INTO match_events (match_id, team_id, person_id, event_type_id, quarter, game_time_seconds) VALUES (11, 28, 229, 4, 1, 524);
INSERT INTO match_events (match_id, team_id, person_id, event_type_id, quarter, game_time_seconds) VALUES (11, 12, 203, 3, 1, 27);
INSERT INTO match_events (match_id, team_id, person_id, event_type_id, quarter, game_time_seconds) VALUES (11, 28, 163, 4, 1, 44);
INSERT INTO match_events (match_id, team_id, person_id, event_type_id, quarter, game_time_seconds) VALUES (11, 12, 152, 2, 1, 385);
INSERT INTO match_events (match_id, team_id, person_id, event_type_id, quarter, game_time_seconds) VALUES (11, 28, 134, 11, 1, 404);
INSERT INTO match_events (match_id, team_id, person_id, event_type_id, quarter, game_time_seconds) VALUES (11, 28, 10, 2, 1, 563);
INSERT INTO match_events (match_id, team_id, person_id, event_type_id, quarter, game_time_seconds) VALUES (11, 12, 169, 4, 1, 403);
INSERT INTO match_events (match_id, team_id, person_id, event_type_id, quarter, game_time_seconds) VALUES (11, 12, 223, 11, 1, 318);
INSERT INTO match_events (match_id, team_id, person_id, event_type_id, quarter, game_time_seconds) VALUES (11, 12, 236, 8, 2, 68);
INSERT INTO match_events (match_id, team_id, person_id, event_type_id, quarter, game_time_seconds) VALUES (11, 12, 143, 11, 2, 328);
INSERT INTO match_events (match_id, team_id, person_id, event_type_id, quarter, game_time_seconds) VALUES (11, 28, 139, 7, 2, 103);
INSERT INTO match_events (match_id, team_id, person_id, event_type_id, quarter, game_time_seconds) VALUES (11, 12, 138, 2, 2, 444);
INSERT INTO match_events (match_id, team_id, person_id, event_type_id, quarter, game_time_seconds) VALUES (11, 12, 81, 10, 2, 359);
INSERT INTO match_events (match_id, team_id, person_id, event_type_id, quarter, game_time_seconds) VALUES (11, 12, 11, 2, 2, 582);
INSERT INTO match_events (match_id, team_id, person_id, event_type_id, quarter, game_time_seconds) VALUES (11, 28, 18, 10, 2, 278);
INSERT INTO match_events (match_id, team_id, person_id, event_type_id, quarter, game_time_seconds) VALUES (11, 12, 6, 8, 2, 347);
INSERT INTO match_events (match_id, team_id, person_id, event_type_id, quarter, game_time_seconds) VALUES (11, 12, 145, 1, 2, 437);
INSERT INTO match_events (match_id, team_id, person_id, event_type_id, quarter, game_time_seconds) VALUES (11, 12, 174, 1, 2, 342);
INSERT INTO match_events (match_id, team_id, person_id, event_type_id, quarter, game_time_seconds) VALUES (11, 28, 185, 3, 2, 143);
INSERT INTO match_events (match_id, team_id, person_id, event_type_id, quarter, game_time_seconds) VALUES (11, 12, 113, 5, 2, 305);
INSERT INTO match_events (match_id, team_id, person_id, event_type_id, quarter, game_time_seconds) VALUES (11, 28, 217, 8, 2, 145);
INSERT INTO match_events (match_id, team_id, person_id, event_type_id, quarter, game_time_seconds) VALUES (11, 12, 130, 8, 2, 33);
INSERT INTO match_events (match_id, team_id, person_id, event_type_id, quarter, game_time_seconds) VALUES (11, 28, 52, 9, 2, 513);
INSERT INTO match_events (match_id, team_id, person_id, event_type_id, quarter, game_time_seconds) VALUES (11, 12, 194, 5, 2, 120);
INSERT INTO match_events (match_id, team_id, person_id, event_type_id, quarter, game_time_seconds) VALUES (11, 28, 9, 7, 3, 285);
INSERT INTO match_events (match_id, team_id, person_id, event_type_id, quarter, game_time_seconds) VALUES (11, 12, 167, 5, 3, 381);
INSERT INTO match_events (match_id, team_id, person_id, event_type_id, quarter, game_time_seconds) VALUES (11, 12, 125, 8, 3, 32);
INSERT INTO match_events (match_id, team_id, person_id, event_type_id, quarter, game_time_seconds) VALUES (11, 28, 55, 5, 3, 478);
INSERT INTO match_events (match_id, team_id, person_id, event_type_id, quarter, game_time_seconds) VALUES (11, 12, 169, 9, 3, 465);
INSERT INTO match_events (match_id, team_id, person_id, event_type_id, quarter, game_time_seconds) VALUES (11, 28, 19, 5, 3, 52);
INSERT INTO match_events (match_id, team_id, person_id, event_type_id, quarter, game_time_seconds) VALUES (11, 28, 124, 10, 3, 95);
INSERT INTO match_events (match_id, team_id, person_id, event_type_id, quarter, game_time_seconds) VALUES (11, 28, 170, 7, 3, 475);
INSERT INTO match_events (match_id, team_id, person_id, event_type_id, quarter, game_time_seconds) VALUES (11, 28, 51, 9, 3, 330);
INSERT INTO match_events (match_id, team_id, person_id, event_type_id, quarter, game_time_seconds) VALUES (11, 28, 13, 4, 3, 489);
INSERT INTO match_events (match_id, team_id, person_id, event_type_id, quarter, game_time_seconds) VALUES (11, 12, 176, 6, 3, 279);
INSERT INTO match_events (match_id, team_id, person_id, event_type_id, quarter, game_time_seconds) VALUES (11, 28, 135, 9, 3, 37);
INSERT INTO match_events (match_id, team_id, person_id, event_type_id, quarter, game_time_seconds) VALUES (11, 12, 44, 1, 3, 14);
INSERT INTO match_events (match_id, team_id, person_id, event_type_id, quarter, game_time_seconds) VALUES (11, 12, 133, 10, 3, 165);
INSERT INTO match_events (match_id, team_id, person_id, event_type_id, quarter, game_time_seconds) VALUES (11, 12, 87, 8, 3, 192);
INSERT INTO match_events (match_id, team_id, person_id, event_type_id, quarter, game_time_seconds) VALUES (11, 12, 215, 3, 3, 584);
INSERT INTO match_events (match_id, team_id, person_id, event_type_id, quarter, game_time_seconds) VALUES (11, 28, 114, 8, 4, 36);
INSERT INTO match_events (match_id, team_id, person_id, event_type_id, quarter, game_time_seconds) VALUES (11, 12, 188, 7, 4, 31);
INSERT INTO match_events (match_id, team_id, person_id, event_type_id, quarter, game_time_seconds) VALUES (11, 28, 173, 9, 4, 489);
INSERT INTO match_events (match_id, team_id, person_id, event_type_id, quarter, game_time_seconds) VALUES (11, 28, 204, 8, 4, 18);
INSERT INTO match_events (match_id, team_id, person_id, event_type_id, quarter, game_time_seconds) VALUES (11, 12, 141, 11, 4, 280);
INSERT INTO match_events (match_id, team_id, person_id, event_type_id, quarter, game_time_seconds) VALUES (11, 28, 177, 1, 4, 600);
INSERT INTO match_events (match_id, team_id, person_id, event_type_id, quarter, game_time_seconds) VALUES (11, 12, 23, 7, 4, 531);
INSERT INTO match_events (match_id, team_id, person_id, event_type_id, quarter, game_time_seconds) VALUES (11, 12, 191, 10, 4, 34);
INSERT INTO match_events (match_id, team_id, person_id, event_type_id, quarter, game_time_seconds) VALUES (11, 12, 43, 4, 4, 305);
INSERT INTO match_events (match_id, team_id, person_id, event_type_id, quarter, game_time_seconds) VALUES (11, 28, 225, 11, 4, 516);
INSERT INTO match_events (match_id, team_id, person_id, event_type_id, quarter, game_time_seconds) VALUES (11, 12, 42, 3, 4, 408);
INSERT INTO match_events (match_id, team_id, person_id, event_type_id, quarter, game_time_seconds) VALUES (11, 28, 82, 4, 4, 427);
INSERT INTO match_events (match_id, team_id, person_id, event_type_id, quarter, game_time_seconds) VALUES (11, 12, 170, 2, 4, 432);
INSERT INTO match_events (match_id, team_id, person_id, event_type_id, quarter, game_time_seconds) VALUES (11, 28, 129, 2, 4, 49);
INSERT INTO match_events (match_id, team_id, person_id, event_type_id, quarter, game_time_seconds) VALUES (11, 28, 117, 4, 4, 253);
INSERT INTO match_events (match_id, team_id, person_id, event_type_id, quarter, game_time_seconds) VALUES (11, 28, 88, 9, 4, 355);
INSERT INTO matches (match_id, season_id, tournament_id, date, location, team1_id, team2_id, team1_score, team2_score) VALUES (12, 1, 1, '2025-04-08 19:00:00', 'Pool 5', 16, 14, 7, 4);
INSERT INTO match_referees (match_id, person_id, role) VALUES (12, 54, 'Referee');
INSERT INTO match_events (match_id, team_id, person_id, event_type_id, quarter, game_time_seconds) VALUES (12, 14, 116, 9, 1, 237);
INSERT INTO match_events (match_id, team_id, person_id, event_type_id, quarter, game_time_seconds) VALUES (12, 14, 174, 7, 1, 265);
INSERT INTO match_events (match_id, team_id, person_id, event_type_id, quarter, game_time_seconds) VALUES (12, 14, 56, 1, 1, 269);
INSERT INTO match_events (match_id, team_id, person_id, event_type_id, quarter, game_time_seconds) VALUES (12, 14, 118, 4, 1, 384);
INSERT INTO match_events (match_id, team_id, person_id, event_type_id, quarter, game_time_seconds) VALUES (12, 14, 58, 6, 1, 373);
INSERT INTO match_events (match_id, team_id, person_id, event_type_id, quarter, game_time_seconds) VALUES (12, 14, 106, 1, 1, 310);
INSERT INTO match_events (match_id, team_id, person_id, event_type_id, quarter, game_time_seconds) VALUES (12, 16, 135, 7, 1, 394);
INSERT INTO match_events (match_id, team_id, person_id, event_type_id, quarter, game_time_seconds) VALUES (12, 14, 190, 4, 1, 332);
INSERT INTO match_events (match_id, team_id, person_id, event_type_id, quarter, game_time_seconds) VALUES (12, 14, 59, 11, 1, 427);
INSERT INTO match_events (match_id, team_id, person_id, event_type_id, quarter, game_time_seconds) VALUES (12, 14, 37, 6, 1, 487);
INSERT INTO match_events (match_id, team_id, person_id, event_type_id, quarter, game_time_seconds) VALUES (12, 14, 141, 2, 1, 385);
INSERT INTO match_events (match_id, team_id, person_id, event_type_id, quarter, game_time_seconds) VALUES (12, 16, 50, 5, 1, 213);
INSERT INTO match_events (match_id, team_id, person_id, event_type_id, quarter, game_time_seconds) VALUES (12, 16, 9, 2, 2, 224);
INSERT INTO match_events (match_id, team_id, person_id, event_type_id, quarter, game_time_seconds) VALUES (12, 14, 77, 3, 2, 242);
INSERT INTO match_events (match_id, team_id, person_id, event_type_id, quarter, game_time_seconds) VALUES (12, 16, 193, 6, 2, 68);
INSERT INTO match_events (match_id, team_id, person_id, event_type_id, quarter, game_time_seconds) VALUES (12, 14, 165, 3, 2, 552);
INSERT INTO match_events (match_id, team_id, person_id, event_type_id, quarter, game_time_seconds) VALUES (12, 16, 4, 7, 2, 494);
INSERT INTO match_events (match_id, team_id, person_id, event_type_id, quarter, game_time_seconds) VALUES (12, 16, 112, 9, 2, 115);
INSERT INTO match_events (match_id, team_id, person_id, event_type_id, quarter, game_time_seconds) VALUES (12, 16, 234, 2, 2, 225);
INSERT INTO match_events (match_id, team_id, person_id, event_type_id, quarter, game_time_seconds) VALUES (12, 16, 22, 3, 2, 504);
INSERT INTO match_events (match_id, team_id, person_id, event_type_id, quarter, game_time_seconds) VALUES (12, 14, 91, 2, 2, 321);
INSERT INTO match_events (match_id, team_id, person_id, event_type_id, quarter, game_time_seconds) VALUES (12, 14, 194, 8, 2, 335);
INSERT INTO match_events (match_id, team_id, person_id, event_type_id, quarter, game_time_seconds) VALUES (12, 16, 37, 6, 2, 277);
INSERT INTO match_events (match_id, team_id, person_id, event_type_id, quarter, game_time_seconds) VALUES (12, 16, 30, 3, 2, 478);
INSERT INTO match_events (match_id, team_id, person_id, event_type_id, quarter, game_time_seconds) VALUES (12, 14, 85, 4, 3, 488);
INSERT INTO match_events (match_id, team_id, person_id, event_type_id, quarter, game_time_seconds) VALUES (12, 14, 141, 3, 3, 276);
INSERT INTO match_events (match_id, team_id, person_id, event_type_id, quarter, game_time_seconds) VALUES (12, 14, 112, 4, 3, 162);
INSERT INTO match_events (match_id, team_id, person_id, event_type_id, quarter, game_time_seconds) VALUES (12, 14, 70, 11, 3, 466);
INSERT INTO match_events (match_id, team_id, person_id, event_type_id, quarter, game_time_seconds) VALUES (12, 14, 171, 4, 3, 402);
INSERT INTO match_events (match_id, team_id, person_id, event_type_id, quarter, game_time_seconds) VALUES (12, 16, 151, 1, 3, 142);
INSERT INTO match_events (match_id, team_id, person_id, event_type_id, quarter, game_time_seconds) VALUES (12, 16, 165, 10, 3, 266);
INSERT INTO match_events (match_id, team_id, person_id, event_type_id, quarter, game_time_seconds) VALUES (12, 16, 102, 10, 3, 233);
INSERT INTO match_events (match_id, team_id, person_id, event_type_id, quarter, game_time_seconds) VALUES (12, 16, 12, 9, 3, 382);
INSERT INTO match_events (match_id, team_id, person_id, event_type_id, quarter, game_time_seconds) VALUES (12, 16, 122, 3, 3, 485);
INSERT INTO match_events (match_id, team_id, person_id, event_type_id, quarter, game_time_seconds) VALUES (12, 16, 146, 4, 3, 105);
INSERT INTO match_events (match_id, team_id, person_id, event_type_id, quarter, game_time_seconds) VALUES (12, 16, 173, 2, 3, 438);
INSERT INTO match_events (match_id, team_id, person_id, event_type_id, quarter, game_time_seconds) VALUES (12, 16, 21, 5, 4, 410);
INSERT INTO match_events (match_id, team_id, person_id, event_type_id, quarter, game_time_seconds) VALUES (12, 14, 6, 1, 4, 149);
INSERT INTO match_events (match_id, team_id, person_id, event_type_id, quarter, game_time_seconds) VALUES (12, 14, 239, 1, 4, 62);
INSERT INTO match_events (match_id, team_id, person_id, event_type_id, quarter, game_time_seconds) VALUES (12, 16, 220, 4, 4, 483);
INSERT INTO match_events (match_id, team_id, person_id, event_type_id, quarter, game_time_seconds) VALUES (12, 14, 4, 8, 4, 325);
INSERT INTO match_events (match_id, team_id, person_id, event_type_id, quarter, game_time_seconds) VALUES (12, 16, 132, 1, 4, 127);
INSERT INTO match_events (match_id, team_id, person_id, event_type_id, quarter, game_time_seconds) VALUES (12, 16, 34, 2, 4, 60);
INSERT INTO match_events (match_id, team_id, person_id, event_type_id, quarter, game_time_seconds) VALUES (12, 16, 192, 4, 4, 481);
INSERT INTO match_events (match_id, team_id, person_id, event_type_id, quarter, game_time_seconds) VALUES (12, 16, 137, 6, 4, 429);
INSERT INTO match_events (match_id, team_id, person_id, event_type_id, quarter, game_time_seconds) VALUES (12, 14, 109, 8, 4, 351);
INSERT INTO match_events (match_id, team_id, person_id, event_type_id, quarter, game_time_seconds) VALUES (12, 14, 45, 9, 4, 67);
INSERT INTO match_events (match_id, team_id, person_id, event_type_id, quarter, game_time_seconds) VALUES (12, 14, 114, 10, 4, 406);
INSERT INTO matches (match_id, season_id, tournament_id, date, location, team1_id, team2_id, team1_score, team2_score) VALUES (13, 1, 1, '2025-04-06 19:00:00', 'Pool 4', 9, 16, 0, 4);
INSERT INTO match_referees (match_id, person_id, role) VALUES (13, 148, 'Referee');
INSERT INTO match_events (match_id, team_id, person_id, event_type_id, quarter, game_time_seconds) VALUES (13, 9, 171, 1, 1, 210);
INSERT INTO match_events (match_id, team_id, person_id, event_type_id, quarter, game_time_seconds) VALUES (13, 16, 114, 9, 1, 411);
INSERT INTO match_events (match_id, team_id, person_id, event_type_id, quarter, game_time_seconds) VALUES (13, 9, 125, 8, 1, 567);
INSERT INTO match_events (match_id, team_id, person_id, event_type_id, quarter, game_time_seconds) VALUES (13, 9, 64, 6, 1, 103);
INSERT INTO match_events (match_id, team_id, person_id, event_type_id, quarter, game_time_seconds) VALUES (13, 9, 58, 2, 1, 124);
INSERT INTO match_events (match_id, team_id, person_id, event_type_id, quarter, game_time_seconds) VALUES (13, 16, 104, 1, 1, 573);
INSERT INTO match_events (match_id, team_id, person_id, event_type_id, quarter, game_time_seconds) VALUES (13, 16, 51, 1, 1, 588);
INSERT INTO match_events (match_id, team_id, person_id, event_type_id, quarter, game_time_seconds) VALUES (13, 16, 117, 1, 1, 583);
INSERT INTO match_events (match_id, team_id, person_id, event_type_id, quarter, game_time_seconds) VALUES (13, 9, 94, 10, 1, 444);
INSERT INTO match_events (match_id, team_id, person_id, event_type_id, quarter, game_time_seconds) VALUES (13, 9, 69, 7, 2, 361);
INSERT INTO match_events (match_id, team_id, person_id, event_type_id, quarter, game_time_seconds) VALUES (13, 9, 206, 10, 2, 295);
INSERT INTO match_events (match_id, team_id, person_id, event_type_id, quarter, game_time_seconds) VALUES (13, 9, 242, 4, 2, 143);
INSERT INTO match_events (match_id, team_id, person_id, event_type_id, quarter, game_time_seconds) VALUES (13, 9, 123, 1, 2, 59);
INSERT INTO match_events (match_id, team_id, person_id, event_type_id, quarter, game_time_seconds) VALUES (13, 9, 136, 9, 2, 239);
INSERT INTO match_events (match_id, team_id, person_id, event_type_id, quarter, game_time_seconds) VALUES (13, 16, 6, 4, 2, 425);
INSERT INTO match_events (match_id, team_id, person_id, event_type_id, quarter, game_time_seconds) VALUES (13, 16, 4, 8, 2, 248);
INSERT INTO match_events (match_id, team_id, person_id, event_type_id, quarter, game_time_seconds) VALUES (13, 16, 59, 3, 2, 152);
INSERT INTO match_events (match_id, team_id, person_id, event_type_id, quarter, game_time_seconds) VALUES (13, 9, 150, 11, 2, 363);
INSERT INTO match_events (match_id, team_id, person_id, event_type_id, quarter, game_time_seconds) VALUES (13, 16, 250, 10, 3, 580);
INSERT INTO match_events (match_id, team_id, person_id, event_type_id, quarter, game_time_seconds) VALUES (13, 16, 140, 10, 3, 456);
INSERT INTO match_events (match_id, team_id, person_id, event_type_id, quarter, game_time_seconds) VALUES (13, 9, 206, 8, 3, 38);
INSERT INTO match_events (match_id, team_id, person_id, event_type_id, quarter, game_time_seconds) VALUES (13, 9, 14, 7, 3, 573);
INSERT INTO match_events (match_id, team_id, person_id, event_type_id, quarter, game_time_seconds) VALUES (13, 16, 61, 11, 3, 441);
INSERT INTO match_events (match_id, team_id, person_id, event_type_id, quarter, game_time_seconds) VALUES (13, 16, 138, 8, 3, 58);
INSERT INTO match_events (match_id, team_id, person_id, event_type_id, quarter, game_time_seconds) VALUES (13, 9, 177, 1, 3, 351);
INSERT INTO match_events (match_id, team_id, person_id, event_type_id, quarter, game_time_seconds) VALUES (13, 16, 89, 6, 3, 189);
INSERT INTO match_events (match_id, team_id, person_id, event_type_id, quarter, game_time_seconds) VALUES (13, 16, 138, 11, 3, 307);
INSERT INTO match_events (match_id, team_id, person_id, event_type_id, quarter, game_time_seconds) VALUES (13, 16, 160, 7, 4, 354);
INSERT INTO match_events (match_id, team_id, person_id, event_type_id, quarter, game_time_seconds) VALUES (13, 9, 54, 8, 4, 261);
INSERT INTO match_events (match_id, team_id, person_id, event_type_id, quarter, game_time_seconds) VALUES (13, 16, 130, 9, 4, 187);
INSERT INTO match_events (match_id, team_id, person_id, event_type_id, quarter, game_time_seconds) VALUES (13, 16, 235, 8, 4, 44);
INSERT INTO match_events (match_id, team_id, person_id, event_type_id, quarter, game_time_seconds) VALUES (13, 9, 234, 11, 4, 373);
INSERT INTO match_events (match_id, team_id, person_id, event_type_id, quarter, game_time_seconds) VALUES (13, 16, 174, 4, 4, 488);
INSERT INTO match_events (match_id, team_id, person_id, event_type_id, quarter, game_time_seconds) VALUES (13, 16, 61, 2, 4, 167);
INSERT INTO match_events (match_id, team_id, person_id, event_type_id, quarter, game_time_seconds) VALUES (13, 9, 2, 7, 4, 111);
INSERT INTO match_events (match_id, team_id, person_id, event_type_id, quarter, game_time_seconds) VALUES (13, 16, 76, 4, 4, 531);
INSERT INTO matches (match_id, season_id, tournament_id, date, location, team1_id, team2_id, team1_score, team2_score) VALUES (14, 1, 1, '2025-04-24 22:00:00', 'Pool 5', 5, 28, 0, 11);
INSERT INTO match_referees (match_id, person_id, role) VALUES (14, 246, 'Referee');
INSERT INTO match_events (match_id, team_id, person_id, event_type_id, quarter, game_time_seconds) VALUES (14, 5, 234, 10, 1, 446);
INSERT INTO match_events (match_id, team_id, person_id, event_type_id, quarter, game_time_seconds) VALUES (14, 28, 210, 5, 1, 594);
INSERT INTO match_events (match_id, team_id, person_id, event_type_id, quarter, game_time_seconds) VALUES (14, 5, 44, 7, 1, 596);
INSERT INTO match_events (match_id, team_id, person_id, event_type_id, quarter, game_time_seconds) VALUES (14, 28, 204, 9, 1, 314);
INSERT INTO match_events (match_id, team_id, person_id, event_type_id, quarter, game_time_seconds) VALUES (14, 5, 64, 5, 1, 35);
INSERT INTO match_events (match_id, team_id, person_id, event_type_id, quarter, game_time_seconds) VALUES (14, 5, 163, 6, 1, 476);
INSERT INTO match_events (match_id, team_id, person_id, event_type_id, quarter, game_time_seconds) VALUES (14, 28, 119, 10, 1, 240);
INSERT INTO match_events (match_id, team_id, person_id, event_type_id, quarter, game_time_seconds) VALUES (14, 28, 83, 7, 1, 321);
INSERT INTO match_events (match_id, team_id, person_id, event_type_id, quarter, game_time_seconds) VALUES (14, 28, 44, 2, 1, 481);
INSERT INTO match_events (match_id, team_id, person_id, event_type_id, quarter, game_time_seconds) VALUES (14, 28, 54, 9, 1, 442);
INSERT INTO match_events (match_id, team_id, person_id, event_type_id, quarter, game_time_seconds) VALUES (14, 5, 19, 7, 1, 43);
INSERT INTO match_events (match_id, team_id, person_id, event_type_id, quarter, game_time_seconds) VALUES (14, 5, 174, 10, 1, 321);
INSERT INTO match_events (match_id, team_id, person_id, event_type_id, quarter, game_time_seconds) VALUES (14, 5, 79, 6, 1, 99);
INSERT INTO match_events (match_id, team_id, person_id, event_type_id, quarter, game_time_seconds) VALUES (14, 28, 242, 11, 1, 567);
INSERT INTO match_events (match_id, team_id, person_id, event_type_id, quarter, game_time_seconds) VALUES (14, 28, 67, 1, 1, 167);
INSERT INTO match_events (match_id, team_id, person_id, event_type_id, quarter, game_time_seconds) VALUES (14, 28, 170, 7, 1, 63);
INSERT INTO match_events (match_id, team_id, person_id, event_type_id, quarter, game_time_seconds) VALUES (14, 5, 69, 5, 2, 588);
INSERT INTO match_events (match_id, team_id, person_id, event_type_id, quarter, game_time_seconds) VALUES (14, 5, 47, 4, 2, 252);
INSERT INTO match_events (match_id, team_id, person_id, event_type_id, quarter, game_time_seconds) VALUES (14, 28, 218, 8, 2, 428);
INSERT INTO match_events (match_id, team_id, person_id, event_type_id, quarter, game_time_seconds) VALUES (14, 5, 222, 11, 2, 385);
INSERT INTO match_events (match_id, team_id, person_id, event_type_id, quarter, game_time_seconds) VALUES (14, 5, 148, 11, 2, 154);
INSERT INTO match_events (match_id, team_id, person_id, event_type_id, quarter, game_time_seconds) VALUES (14, 28, 86, 4, 2, 255);
INSERT INTO match_events (match_id, team_id, person_id, event_type_id, quarter, game_time_seconds) VALUES (14, 28, 15, 6, 2, 339);
INSERT INTO match_events (match_id, team_id, person_id, event_type_id, quarter, game_time_seconds) VALUES (14, 5, 128, 9, 2, 252);
INSERT INTO match_events (match_id, team_id, person_id, event_type_id, quarter, game_time_seconds) VALUES (14, 28, 31, 11, 2, 562);
INSERT INTO match_events (match_id, team_id, person_id, event_type_id, quarter, game_time_seconds) VALUES (14, 5, 45, 3, 2, 297);
INSERT INTO match_events (match_id, team_id, person_id, event_type_id, quarter, game_time_seconds) VALUES (14, 5, 80, 3, 2, 178);
INSERT INTO match_events (match_id, team_id, person_id, event_type_id, quarter, game_time_seconds) VALUES (14, 28, 45, 1, 2, 218);
INSERT INTO match_events (match_id, team_id, person_id, event_type_id, quarter, game_time_seconds) VALUES (14, 28, 180, 8, 2, 92);
INSERT INTO match_events (match_id, team_id, person_id, event_type_id, quarter, game_time_seconds) VALUES (14, 5, 25, 9, 2, 256);
INSERT INTO match_events (match_id, team_id, person_id, event_type_id, quarter, game_time_seconds) VALUES (14, 28, 150, 6, 2, 362);
INSERT INTO match_events (match_id, team_id, person_id, event_type_id, quarter, game_time_seconds) VALUES (14, 5, 89, 8, 2, 471);
INSERT INTO match_events (match_id, team_id, person_id, event_type_id, quarter, game_time_seconds) VALUES (14, 28, 169, 2, 3, 98);
INSERT INTO match_events (match_id, team_id, person_id, event_type_id, quarter, game_time_seconds) VALUES (14, 28, 231, 1, 3, 561);
INSERT INTO match_events (match_id, team_id, person_id, event_type_id, quarter, game_time_seconds) VALUES (14, 28, 93, 6, 3, 318);
INSERT INTO match_events (match_id, team_id, person_id, event_type_id, quarter, game_time_seconds) VALUES (14, 28, 72, 4, 3, 146);
INSERT INTO match_events (match_id, team_id, person_id, event_type_id, quarter, game_time_seconds) VALUES (14, 5, 99, 11, 3, 160);
INSERT INTO match_events (match_id, team_id, person_id, event_type_id, quarter, game_time_seconds) VALUES (14, 28, 101, 11, 3, 213);
INSERT INTO match_events (match_id, team_id, person_id, event_type_id, quarter, game_time_seconds) VALUES (14, 28, 146, 2, 3, 513);
INSERT INTO match_events (match_id, team_id, person_id, event_type_id, quarter, game_time_seconds) VALUES (14, 5, 7, 9, 3, 417);
INSERT INTO match_events (match_id, team_id, person_id, event_type_id, quarter, game_time_seconds) VALUES (14, 5, 57, 6, 3, 414);
INSERT INTO match_events (match_id, team_id, person_id, event_type_id, quarter, game_time_seconds) VALUES (14, 5, 48, 5, 3, 523);
INSERT INTO match_events (match_id, team_id, person_id, event_type_id, quarter, game_time_seconds) VALUES (14, 28, 4, 8, 3, 43);
INSERT INTO match_events (match_id, team_id, person_id, event_type_id, quarter, game_time_seconds) VALUES (14, 5, 223, 6, 3, 239);
INSERT INTO match_events (match_id, team_id, person_id, event_type_id, quarter, game_time_seconds) VALUES (14, 5, 165, 11, 3, 360);
INSERT INTO match_events (match_id, team_id, person_id, event_type_id, quarter, game_time_seconds) VALUES (14, 5, 178, 8, 3, 43);
INSERT INTO match_events (match_id, team_id, person_id, event_type_id, quarter, game_time_seconds) VALUES (14, 28, 26, 3, 3, 129);
INSERT INTO match_events (match_id, team_id, person_id, event_type_id, quarter, game_time_seconds) VALUES (14, 5, 177, 6, 3, 473);
INSERT INTO match_events (match_id, team_id, person_id, event_type_id, quarter, game_time_seconds) VALUES (14, 28, 18, 6, 4, 563);
INSERT INTO match_events (match_id, team_id, person_id, event_type_id, quarter, game_time_seconds) VALUES (14, 28, 6, 2, 4, 502);
INSERT INTO match_events (match_id, team_id, person_id, event_type_id, quarter, game_time_seconds) VALUES (14, 5, 99, 6, 4, 173);
INSERT INTO match_events (match_id, team_id, person_id, event_type_id, quarter, game_time_seconds) VALUES (14, 5, 57, 10, 4, 37);
INSERT INTO match_events (match_id, team_id, person_id, event_type_id, quarter, game_time_seconds) VALUES (14, 5, 70, 10, 4, 82);
INSERT INTO match_events (match_id, team_id, person_id, event_type_id, quarter, game_time_seconds) VALUES (14, 5, 130, 1, 4, 16);
INSERT INTO match_events (match_id, team_id, person_id, event_type_id, quarter, game_time_seconds) VALUES (14, 5, 228, 5, 4, 597);
INSERT INTO match_events (match_id, team_id, person_id, event_type_id, quarter, game_time_seconds) VALUES (14, 28, 47, 5, 4, 48);
INSERT INTO match_events (match_id, team_id, person_id, event_type_id, quarter, game_time_seconds) VALUES (14, 5, 197, 1, 4, 93);
INSERT INTO match_events (match_id, team_id, person_id, event_type_id, quarter, game_time_seconds) VALUES (14, 28, 73, 9, 4, 198);
INSERT INTO match_events (match_id, team_id, person_id, event_type_id, quarter, game_time_seconds) VALUES (14, 28, 231, 3, 4, 289);
INSERT INTO match_events (match_id, team_id, person_id, event_type_id, quarter, game_time_seconds) VALUES (14, 5, 137, 11, 4, 520);
INSERT INTO match_events (match_id, team_id, person_id, event_type_id, quarter, game_time_seconds) VALUES (14, 28, 99, 7, 4, 500);
INSERT INTO match_events (match_id, team_id, person_id, event_type_id, quarter, game_time_seconds) VALUES (14, 28, 114, 8, 4, 513);
INSERT INTO match_events (match_id, team_id, person_id, event_type_id, quarter, game_time_seconds) VALUES (14, 5, 44, 2, 4, 425);
INSERT INTO match_events (match_id, team_id, person_id, event_type_id, quarter, game_time_seconds) VALUES (14, 28, 145, 8, 4, 343);
INSERT INTO matches (match_id, season_id, tournament_id, date, location, team1_id, team2_id, team1_score, team2_score) VALUES (15, 1, 1, '2025-04-18 09:00:00', 'Pool 1', 9, 18, 3, 12);
INSERT INTO match_referees (match_id, person_id, role) VALUES (15, 71, 'Referee');
INSERT INTO match_events (match_id, team_id, person_id, event_type_id, quarter, game_time_seconds) VALUES (15, 9, 119, 10, 1, 139);
INSERT INTO match_events (match_id, team_id, person_id, event_type_id, quarter, game_time_seconds) VALUES (15, 9, 153, 2, 1, 119);
INSERT INTO match_events (match_id, team_id, person_id, event_type_id, quarter, game_time_seconds) VALUES (15, 9, 32, 7, 1, 433);
INSERT INTO match_events (match_id, team_id, person_id, event_type_id, quarter, game_time_seconds) VALUES (15, 9, 162, 3, 1, 418);
INSERT INTO match_events (match_id, team_id, person_id, event_type_id, quarter, game_time_seconds) VALUES (15, 18, 100, 6, 1, 345);
INSERT INTO match_events (match_id, team_id, person_id, event_type_id, quarter, game_time_seconds) VALUES (15, 9, 68, 8, 1, 591);
INSERT INTO match_events (match_id, team_id, person_id, event_type_id, quarter, game_time_seconds) VALUES (15, 18, 68, 1, 1, 400);
INSERT INTO match_events (match_id, team_id, person_id, event_type_id, quarter, game_time_seconds) VALUES (15, 18, 124, 4, 1, 313);
INSERT INTO match_events (match_id, team_id, person_id, event_type_id, quarter, game_time_seconds) VALUES (15, 9, 76, 7, 1, 516);
INSERT INTO match_events (match_id, team_id, person_id, event_type_id, quarter, game_time_seconds) VALUES (15, 9, 55, 11, 1, 490);
INSERT INTO match_events (match_id, team_id, person_id, event_type_id, quarter, game_time_seconds) VALUES (15, 18, 179, 8, 1, 522);
INSERT INTO match_events (match_id, team_id, person_id, event_type_id, quarter, game_time_seconds) VALUES (15, 9, 71, 9, 1, 170);
INSERT INTO match_events (match_id, team_id, person_id, event_type_id, quarter, game_time_seconds) VALUES (15, 18, 70, 8, 1, 403);
INSERT INTO match_events (match_id, team_id, person_id, event_type_id, quarter, game_time_seconds) VALUES (15, 9, 247, 11, 1, 43);
INSERT INTO match_events (match_id, team_id, person_id, event_type_id, quarter, game_time_seconds) VALUES (15, 18, 1, 4, 1, 519);
INSERT INTO match_events (match_id, team_id, person_id, event_type_id, quarter, game_time_seconds) VALUES (15, 18, 122, 3, 1, 245);
INSERT INTO match_events (match_id, team_id, person_id, event_type_id, quarter, game_time_seconds) VALUES (15, 9, 8, 2, 1, 320);
INSERT INTO match_events (match_id, team_id, person_id, event_type_id, quarter, game_time_seconds) VALUES (15, 18, 88, 7, 2, 384);
INSERT INTO match_events (match_id, team_id, person_id, event_type_id, quarter, game_time_seconds) VALUES (15, 18, 78, 11, 2, 46);
INSERT INTO match_events (match_id, team_id, person_id, event_type_id, quarter, game_time_seconds) VALUES (15, 18, 80, 1, 2, 445);
INSERT INTO match_events (match_id, team_id, person_id, event_type_id, quarter, game_time_seconds) VALUES (15, 18, 69, 11, 2, 166);
INSERT INTO match_events (match_id, team_id, person_id, event_type_id, quarter, game_time_seconds) VALUES (15, 9, 92, 7, 2, 583);
INSERT INTO match_events (match_id, team_id, person_id, event_type_id, quarter, game_time_seconds) VALUES (15, 9, 29, 4, 2, 255);
INSERT INTO match_events (match_id, team_id, person_id, event_type_id, quarter, game_time_seconds) VALUES (15, 9, 128, 10, 2, 361);
INSERT INTO match_events (match_id, team_id, person_id, event_type_id, quarter, game_time_seconds) VALUES (15, 9, 124, 7, 2, 313);
INSERT INTO match_events (match_id, team_id, person_id, event_type_id, quarter, game_time_seconds) VALUES (15, 9, 36, 8, 2, 196);
INSERT INTO match_events (match_id, team_id, person_id, event_type_id, quarter, game_time_seconds) VALUES (15, 18, 142, 8, 2, 330);
INSERT INTO match_events (match_id, team_id, person_id, event_type_id, quarter, game_time_seconds) VALUES (15, 18, 12, 4, 2, 401);
INSERT INTO match_events (match_id, team_id, person_id, event_type_id, quarter, game_time_seconds) VALUES (15, 9, 15, 2, 2, 78);
INSERT INTO match_events (match_id, team_id, person_id, event_type_id, quarter, game_time_seconds) VALUES (15, 9, 233, 10, 2, 397);
INSERT INTO match_events (match_id, team_id, person_id, event_type_id, quarter, game_time_seconds) VALUES (15, 9, 183, 1, 2, 44);
INSERT INTO match_events (match_id, team_id, person_id, event_type_id, quarter, game_time_seconds) VALUES (15, 18, 2, 5, 2, 495);
INSERT INTO match_events (match_id, team_id, person_id, event_type_id, quarter, game_time_seconds) VALUES (15, 18, 249, 5, 2, 457);
INSERT INTO match_events (match_id, team_id, person_id, event_type_id, quarter, game_time_seconds) VALUES (15, 9, 142, 9, 2, 27);
INSERT INTO match_events (match_id, team_id, person_id, event_type_id, quarter, game_time_seconds) VALUES (15, 9, 232, 11, 3, 136);
INSERT INTO match_events (match_id, team_id, person_id, event_type_id, quarter, game_time_seconds) VALUES (15, 18, 215, 1, 3, 185);
INSERT INTO match_events (match_id, team_id, person_id, event_type_id, quarter, game_time_seconds) VALUES (15, 18, 189, 4, 3, 593);
INSERT INTO match_events (match_id, team_id, person_id, event_type_id, quarter, game_time_seconds) VALUES (15, 9, 147, 2, 3, 50);
INSERT INTO match_events (match_id, team_id, person_id, event_type_id, quarter, game_time_seconds) VALUES (15, 9, 35, 3, 3, 330);
INSERT INTO match_events (match_id, team_id, person_id, event_type_id, quarter, game_time_seconds) VALUES (15, 18, 190, 6, 3, 269);
INSERT INTO match_events (match_id, team_id, person_id, event_type_id, quarter, game_time_seconds) VALUES (15, 9, 126, 4, 3, 187);
INSERT INTO match_events (match_id, team_id, person_id, event_type_id, quarter, game_time_seconds) VALUES (15, 9, 226, 11, 3, 123);
INSERT INTO match_events (match_id, team_id, person_id, event_type_id, quarter, game_time_seconds) VALUES (15, 9, 178, 8, 3, 498);
INSERT INTO match_events (match_id, team_id, person_id, event_type_id, quarter, game_time_seconds) VALUES (15, 18, 236, 11, 3, 292);
INSERT INTO match_events (match_id, team_id, person_id, event_type_id, quarter, game_time_seconds) VALUES (15, 9, 171, 5, 3, 543);
INSERT INTO match_events (match_id, team_id, person_id, event_type_id, quarter, game_time_seconds) VALUES (15, 18, 12, 6, 3, 18);
INSERT INTO match_events (match_id, team_id, person_id, event_type_id, quarter, game_time_seconds) VALUES (15, 18, 236, 8, 3, 275);
INSERT INTO match_events (match_id, team_id, person_id, event_type_id, quarter, game_time_seconds) VALUES (15, 9, 100, 3, 3, 400);
INSERT INTO match_events (match_id, team_id, person_id, event_type_id, quarter, game_time_seconds) VALUES (15, 9, 130, 1, 3, 500);
INSERT INTO match_events (match_id, team_id, person_id, event_type_id, quarter, game_time_seconds) VALUES (15, 18, 219, 7, 3, 76);
INSERT INTO match_events (match_id, team_id, person_id, event_type_id, quarter, game_time_seconds) VALUES (15, 9, 61, 3, 3, 92);
INSERT INTO match_events (match_id, team_id, person_id, event_type_id, quarter, game_time_seconds) VALUES (15, 9, 241, 6, 4, 164);
INSERT INTO match_events (match_id, team_id, person_id, event_type_id, quarter, game_time_seconds) VALUES (15, 9, 35, 3, 4, 452);
INSERT INTO match_events (match_id, team_id, person_id, event_type_id, quarter, game_time_seconds) VALUES (15, 9, 152, 6, 4, 184);
INSERT INTO match_events (match_id, team_id, person_id, event_type_id, quarter, game_time_seconds) VALUES (15, 9, 236, 3, 4, 333);
INSERT INTO match_events (match_id, team_id, person_id, event_type_id, quarter, game_time_seconds) VALUES (15, 18, 36, 5, 4, 69);
INSERT INTO match_events (match_id, team_id, person_id, event_type_id, quarter, game_time_seconds) VALUES (15, 9, 139, 6, 4, 173);
INSERT INTO match_events (match_id, team_id, person_id, event_type_id, quarter, game_time_seconds) VALUES (15, 18, 63, 7, 4, 238);
INSERT INTO match_events (match_id, team_id, person_id, event_type_id, quarter, game_time_seconds) VALUES (15, 9, 74, 5, 4, 502);
INSERT INTO match_events (match_id, team_id, person_id, event_type_id, quarter, game_time_seconds) VALUES (15, 9, 158, 6, 4, 449);
INSERT INTO match_events (match_id, team_id, person_id, event_type_id, quarter, game_time_seconds) VALUES (15, 18, 148, 4, 4, 337);
INSERT INTO match_events (match_id, team_id, person_id, event_type_id, quarter, game_time_seconds) VALUES (15, 9, 235, 7, 4, 14);
INSERT INTO match_events (match_id, team_id, person_id, event_type_id, quarter, game_time_seconds) VALUES (15, 9, 247, 3, 4, 327);
INSERT INTO match_events (match_id, team_id, person_id, event_type_id, quarter, game_time_seconds) VALUES (15, 18, 183, 11, 4, 551);
INSERT INTO match_events (match_id, team_id, person_id, event_type_id, quarter, game_time_seconds) VALUES (15, 18, 109, 1, 4, 76);
INSERT INTO match_events (match_id, team_id, person_id, event_type_id, quarter, game_time_seconds) VALUES (15, 18, 59, 2, 4, 129);
INSERT INTO match_events (match_id, team_id, person_id, event_type_id, quarter, game_time_seconds) VALUES (15, 9, 84, 9, 4, 331);
INSERT INTO match_events (match_id, team_id, person_id, event_type_id, quarter, game_time_seconds) VALUES (15, 9, 16, 6, 4, 406);
INSERT INTO matches (match_id, season_id, tournament_id, date, location, team1_id, team2_id, team1_score, team2_score) VALUES (16, 1, 1, '2025-04-21 18:00:00', 'Pool 5', 6, 28, 7, 10);
INSERT INTO match_referees (match_id, person_id, role) VALUES (16, 195, 'Referee');
INSERT INTO match_events (match_id, team_id, person_id, event_type_id, quarter, game_time_seconds) VALUES (16, 28, 131, 1, 1, 409);
INSERT INTO match_events (match_id, team_id, person_id, event_type_id, quarter, game_time_seconds) VALUES (16, 6, 101, 4, 1, 211);
INSERT INTO match_events (match_id, team_id, person_id, event_type_id, quarter, game_time_seconds) VALUES (16, 6, 132, 3, 1, 96);
INSERT INTO match_events (match_id, team_id, person_id, event_type_id, quarter, game_time_seconds) VALUES (16, 6, 160, 5, 1, 275);
INSERT INTO match_events (match_id, team_id, person_id, event_type_id, quarter, game_time_seconds) VALUES (16, 6, 236, 2, 1, 590);
INSERT INTO match_events (match_id, team_id, person_id, event_type_id, quarter, game_time_seconds) VALUES (16, 6, 118, 2, 1, 123);
INSERT INTO match_events (match_id, team_id, person_id, event_type_id, quarter, game_time_seconds) VALUES (16, 28, 21, 7, 1, 264);
INSERT INTO match_events (match_id, team_id, person_id, event_type_id, quarter, game_time_seconds) VALUES (16, 6, 112, 1, 1, 306);
INSERT INTO match_events (match_id, team_id, person_id, event_type_id, quarter, game_time_seconds) VALUES (16, 6, 194, 8, 1, 380);
INSERT INTO match_events (match_id, team_id, person_id, event_type_id, quarter, game_time_seconds) VALUES (16, 28, 173, 9, 1, 182);
INSERT INTO match_events (match_id, team_id, person_id, event_type_id, quarter, game_time_seconds) VALUES (16, 6, 74, 5, 1, 45);
INSERT INTO match_events (match_id, team_id, person_id, event_type_id, quarter, game_time_seconds) VALUES (16, 28, 126, 6, 1, 124);
INSERT INTO match_events (match_id, team_id, person_id, event_type_id, quarter, game_time_seconds) VALUES (16, 6, 211, 1, 1, 449);
INSERT INTO match_events (match_id, team_id, person_id, event_type_id, quarter, game_time_seconds) VALUES (16, 6, 210, 7, 1, 94);
INSERT INTO match_events (match_id, team_id, person_id, event_type_id, quarter, game_time_seconds) VALUES (16, 28, 58, 2, 1, 501);
INSERT INTO match_events (match_id, team_id, person_id, event_type_id, quarter, game_time_seconds) VALUES (16, 6, 246, 4, 2, 389);
INSERT INTO match_events (match_id, team_id, person_id, event_type_id, quarter, game_time_seconds) VALUES (16, 6, 44, 4, 2, 563);
INSERT INTO match_events (match_id, team_id, person_id, event_type_id, quarter, game_time_seconds) VALUES (16, 28, 152, 5, 2, 58);
INSERT INTO match_events (match_id, team_id, person_id, event_type_id, quarter, game_time_seconds) VALUES (16, 6, 243, 8, 2, 151);
INSERT INTO match_events (match_id, team_id, person_id, event_type_id, quarter, game_time_seconds) VALUES (16, 28, 77, 2, 2, 529);
INSERT INTO match_events (match_id, team_id, person_id, event_type_id, quarter, game_time_seconds) VALUES (16, 28, 55, 4, 2, 491);
INSERT INTO match_events (match_id, team_id, person_id, event_type_id, quarter, game_time_seconds) VALUES (16, 28, 8, 10, 2, 33);
INSERT INTO match_events (match_id, team_id, person_id, event_type_id, quarter, game_time_seconds) VALUES (16, 28, 92, 7, 2, 557);
INSERT INTO match_events (match_id, team_id, person_id, event_type_id, quarter, game_time_seconds) VALUES (16, 28, 68, 1, 2, 382);
INSERT INTO match_events (match_id, team_id, person_id, event_type_id, quarter, game_time_seconds) VALUES (16, 28, 90, 11, 2, 178);
INSERT INTO match_events (match_id, team_id, person_id, event_type_id, quarter, game_time_seconds) VALUES (16, 28, 23, 2, 2, 23);
INSERT INTO match_events (match_id, team_id, person_id, event_type_id, quarter, game_time_seconds) VALUES (16, 6, 202, 11, 2, 527);
INSERT INTO match_events (match_id, team_id, person_id, event_type_id, quarter, game_time_seconds) VALUES (16, 28, 188, 6, 2, 77);
INSERT INTO match_events (match_id, team_id, person_id, event_type_id, quarter, game_time_seconds) VALUES (16, 6, 178, 3, 2, 543);
INSERT INTO match_events (match_id, team_id, person_id, event_type_id, quarter, game_time_seconds) VALUES (16, 6, 208, 4, 2, 490);
INSERT INTO match_events (match_id, team_id, person_id, event_type_id, quarter, game_time_seconds) VALUES (16, 28, 40, 4, 3, 363);
INSERT INTO match_events (match_id, team_id, person_id, event_type_id, quarter, game_time_seconds) VALUES (16, 6, 144, 5, 3, 141);
INSERT INTO match_events (match_id, team_id, person_id, event_type_id, quarter, game_time_seconds) VALUES (16, 28, 38, 11, 3, 297);
INSERT INTO match_events (match_id, team_id, person_id, event_type_id, quarter, game_time_seconds) VALUES (16, 28, 150, 6, 3, 456);
INSERT INTO match_events (match_id, team_id, person_id, event_type_id, quarter, game_time_seconds) VALUES (16, 6, 191, 2, 3, 194);
INSERT INTO match_events (match_id, team_id, person_id, event_type_id, quarter, game_time_seconds) VALUES (16, 6, 242, 7, 3, 470);
INSERT INTO match_events (match_id, team_id, person_id, event_type_id, quarter, game_time_seconds) VALUES (16, 28, 130, 9, 3, 579);
INSERT INTO match_events (match_id, team_id, person_id, event_type_id, quarter, game_time_seconds) VALUES (16, 28, 145, 10, 3, 191);
INSERT INTO match_events (match_id, team_id, person_id, event_type_id, quarter, game_time_seconds) VALUES (16, 6, 215, 4, 3, 502);
INSERT INTO match_events (match_id, team_id, person_id, event_type_id, quarter, game_time_seconds) VALUES (16, 28, 97, 2, 3, 216);
INSERT INTO match_events (match_id, team_id, person_id, event_type_id, quarter, game_time_seconds) VALUES (16, 6, 81, 10, 3, 387);
INSERT INTO match_events (match_id, team_id, person_id, event_type_id, quarter, game_time_seconds) VALUES (16, 28, 182, 10, 3, 335);
INSERT INTO match_events (match_id, team_id, person_id, event_type_id, quarter, game_time_seconds) VALUES (16, 28, 210, 11, 3, 375);
INSERT INTO match_events (match_id, team_id, person_id, event_type_id, quarter, game_time_seconds) VALUES (16, 28, 131, 10, 3, 482);
INSERT INTO match_events (match_id, team_id, person_id, event_type_id, quarter, game_time_seconds) VALUES (16, 28, 45, 10, 3, 509);
INSERT INTO match_events (match_id, team_id, person_id, event_type_id, quarter, game_time_seconds) VALUES (16, 6, 182, 10, 4, 423);
INSERT INTO match_events (match_id, team_id, person_id, event_type_id, quarter, game_time_seconds) VALUES (16, 28, 154, 3, 4, 482);
INSERT INTO match_events (match_id, team_id, person_id, event_type_id, quarter, game_time_seconds) VALUES (16, 6, 146, 8, 4, 501);
INSERT INTO match_events (match_id, team_id, person_id, event_type_id, quarter, game_time_seconds) VALUES (16, 28, 39, 6, 4, 538);
INSERT INTO match_events (match_id, team_id, person_id, event_type_id, quarter, game_time_seconds) VALUES (16, 28, 3, 6, 4, 475);
INSERT INTO match_events (match_id, team_id, person_id, event_type_id, quarter, game_time_seconds) VALUES (16, 6, 72, 10, 4, 292);
INSERT INTO match_events (match_id, team_id, person_id, event_type_id, quarter, game_time_seconds) VALUES (16, 6, 236, 6, 4, 75);
INSERT INTO match_events (match_id, team_id, person_id, event_type_id, quarter, game_time_seconds) VALUES (16, 28, 218, 8, 4, 13);
INSERT INTO match_events (match_id, team_id, person_id, event_type_id, quarter, game_time_seconds) VALUES (16, 28, 115, 7, 4, 430);
INSERT INTO match_events (match_id, team_id, person_id, event_type_id, quarter, game_time_seconds) VALUES (16, 6, 35, 3, 4, 354);
INSERT INTO match_events (match_id, team_id, person_id, event_type_id, quarter, game_time_seconds) VALUES (16, 6, 171, 3, 4, 294);
INSERT INTO match_events (match_id, team_id, person_id, event_type_id, quarter, game_time_seconds) VALUES (16, 6, 81, 3, 4, 44);
INSERT INTO match_events (match_id, team_id, person_id, event_type_id, quarter, game_time_seconds) VALUES (16, 28, 156, 9, 4, 11);
INSERT INTO match_events (match_id, team_id, person_id, event_type_id, quarter, game_time_seconds) VALUES (16, 6, 208, 7, 4, 36);
INSERT INTO match_events (match_id, team_id, person_id, event_type_id, quarter, game_time_seconds) VALUES (16, 28, 91, 9, 4, 321);
INSERT INTO matches (match_id, season_id, tournament_id, date, location, team1_id, team2_id, team1_score, team2_score) VALUES (17, 1, 1, '2025-04-21 15:00:00', 'Pool 2', 14, 21, 9, 7);
INSERT INTO match_referees (match_id, person_id, role) VALUES (17, 205, 'Referee');
INSERT INTO match_events (match_id, team_id, person_id, event_type_id, quarter, game_time_seconds) VALUES (17, 21, 73, 5, 1, 50);
INSERT INTO match_events (match_id, team_id, person_id, event_type_id, quarter, game_time_seconds) VALUES (17, 14, 180, 9, 1, 86);
INSERT INTO match_events (match_id, team_id, person_id, event_type_id, quarter, game_time_seconds) VALUES (17, 21, 216, 2, 1, 246);
INSERT INTO match_events (match_id, team_id, person_id, event_type_id, quarter, game_time_seconds) VALUES (17, 21, 89, 2, 1, 588);
INSERT INTO match_events (match_id, team_id, person_id, event_type_id, quarter, game_time_seconds) VALUES (17, 14, 69, 8, 1, 32);
INSERT INTO match_events (match_id, team_id, person_id, event_type_id, quarter, game_time_seconds) VALUES (17, 21, 134, 4, 1, 68);
INSERT INTO match_events (match_id, team_id, person_id, event_type_id, quarter, game_time_seconds) VALUES (17, 14, 168, 2, 1, 232);
INSERT INTO match_events (match_id, team_id, person_id, event_type_id, quarter, game_time_seconds) VALUES (17, 14, 210, 9, 1, 40);
INSERT INTO match_events (match_id, team_id, person_id, event_type_id, quarter, game_time_seconds) VALUES (17, 14, 198, 10, 1, 525);
INSERT INTO match_events (match_id, team_id, person_id, event_type_id, quarter, game_time_seconds) VALUES (17, 21, 45, 3, 1, 348);
INSERT INTO match_events (match_id, team_id, person_id, event_type_id, quarter, game_time_seconds) VALUES (17, 14, 20, 7, 1, 424);
INSERT INTO match_events (match_id, team_id, person_id, event_type_id, quarter, game_time_seconds) VALUES (17, 21, 180, 4, 1, 557);
INSERT INTO match_events (match_id, team_id, person_id, event_type_id, quarter, game_time_seconds) VALUES (17, 14, 176, 11, 1, 221);
INSERT INTO match_events (match_id, team_id, person_id, event_type_id, quarter, game_time_seconds) VALUES (17, 14, 20, 3, 1, 321);
INSERT INTO match_events (match_id, team_id, person_id, event_type_id, quarter, game_time_seconds) VALUES (17, 21, 218, 6, 2, 464);
INSERT INTO match_events (match_id, team_id, person_id, event_type_id, quarter, game_time_seconds) VALUES (17, 14, 62, 11, 2, 293);
INSERT INTO match_events (match_id, team_id, person_id, event_type_id, quarter, game_time_seconds) VALUES (17, 21, 81, 10, 2, 91);
INSERT INTO match_events (match_id, team_id, person_id, event_type_id, quarter, game_time_seconds) VALUES (17, 14, 148, 3, 2, 440);
INSERT INTO match_events (match_id, team_id, person_id, event_type_id, quarter, game_time_seconds) VALUES (17, 14, 229, 9, 2, 334);
INSERT INTO match_events (match_id, team_id, person_id, event_type_id, quarter, game_time_seconds) VALUES (17, 14, 125, 1, 2, 573);
INSERT INTO match_events (match_id, team_id, person_id, event_type_id, quarter, game_time_seconds) VALUES (17, 21, 159, 4, 2, 159);
INSERT INTO match_events (match_id, team_id, person_id, event_type_id, quarter, game_time_seconds) VALUES (17, 14, 85, 7, 2, 512);
INSERT INTO match_events (match_id, team_id, person_id, event_type_id, quarter, game_time_seconds) VALUES (17, 14, 56, 3, 2, 178);
INSERT INTO match_events (match_id, team_id, person_id, event_type_id, quarter, game_time_seconds) VALUES (17, 21, 13, 2, 2, 19);
INSERT INTO match_events (match_id, team_id, person_id, event_type_id, quarter, game_time_seconds) VALUES (17, 21, 180, 6, 2, 461);
INSERT INTO match_events (match_id, team_id, person_id, event_type_id, quarter, game_time_seconds) VALUES (17, 14, 144, 8, 2, 254);
INSERT INTO match_events (match_id, team_id, person_id, event_type_id, quarter, game_time_seconds) VALUES (17, 14, 235, 4, 2, 47);
INSERT INTO match_events (match_id, team_id, person_id, event_type_id, quarter, game_time_seconds) VALUES (17, 21, 172, 10, 2, 24);
INSERT INTO match_events (match_id, team_id, person_id, event_type_id, quarter, game_time_seconds) VALUES (17, 21, 203, 11, 3, 112);
INSERT INTO match_events (match_id, team_id, person_id, event_type_id, quarter, game_time_seconds) VALUES (17, 14, 243, 3, 3, 226);
INSERT INTO match_events (match_id, team_id, person_id, event_type_id, quarter, game_time_seconds) VALUES (17, 21, 40, 9, 3, 92);
INSERT INTO match_events (match_id, team_id, person_id, event_type_id, quarter, game_time_seconds) VALUES (17, 21, 82, 1, 3, 64);
INSERT INTO match_events (match_id, team_id, person_id, event_type_id, quarter, game_time_seconds) VALUES (17, 14, 157, 1, 3, 552);
INSERT INTO match_events (match_id, team_id, person_id, event_type_id, quarter, game_time_seconds) VALUES (17, 21, 150, 2, 3, 597);
INSERT INTO match_events (match_id, team_id, person_id, event_type_id, quarter, game_time_seconds) VALUES (17, 14, 145, 7, 3, 21);
INSERT INTO match_events (match_id, team_id, person_id, event_type_id, quarter, game_time_seconds) VALUES (17, 14, 226, 8, 3, 355);
INSERT INTO match_events (match_id, team_id, person_id, event_type_id, quarter, game_time_seconds) VALUES (17, 21, 47, 9, 3, 462);
INSERT INTO match_events (match_id, team_id, person_id, event_type_id, quarter, game_time_seconds) VALUES (17, 14, 210, 8, 3, 223);
INSERT INTO match_events (match_id, team_id, person_id, event_type_id, quarter, game_time_seconds) VALUES (17, 14, 223, 9, 3, 332);
INSERT INTO match_events (match_id, team_id, person_id, event_type_id, quarter, game_time_seconds) VALUES (17, 14, 240, 11, 3, 279);
INSERT INTO match_events (match_id, team_id, person_id, event_type_id, quarter, game_time_seconds) VALUES (17, 21, 177, 7, 3, 580);
INSERT INTO match_events (match_id, team_id, person_id, event_type_id, quarter, game_time_seconds) VALUES (17, 21, 228, 4, 3, 280);
INSERT INTO match_events (match_id, team_id, person_id, event_type_id, quarter, game_time_seconds) VALUES (17, 21, 54, 5, 4, 594);
INSERT INTO match_events (match_id, team_id, person_id, event_type_id, quarter, game_time_seconds) VALUES (17, 21, 11, 4, 4, 398);
INSERT INTO match_events (match_id, team_id, person_id, event_type_id, quarter, game_time_seconds) VALUES (17, 14, 4, 8, 4, 103);
INSERT INTO match_events (match_id, team_id, person_id, event_type_id, quarter, game_time_seconds) VALUES (17, 14, 16, 5, 4, 52);
INSERT INTO match_events (match_id, team_id, person_id, event_type_id, quarter, game_time_seconds) VALUES (17, 21, 120, 2, 4, 336);
INSERT INTO match_events (match_id, team_id, person_id, event_type_id, quarter, game_time_seconds) VALUES (17, 14, 150, 7, 4, 381);
INSERT INTO match_events (match_id, team_id, person_id, event_type_id, quarter, game_time_seconds) VALUES (17, 14, 44, 11, 4, 21);
INSERT INTO match_events (match_id, team_id, person_id, event_type_id, quarter, game_time_seconds) VALUES (17, 14, 233, 6, 4, 239);
INSERT INTO match_events (match_id, team_id, person_id, event_type_id, quarter, game_time_seconds) VALUES (17, 14, 215, 1, 4, 496);
INSERT INTO match_events (match_id, team_id, person_id, event_type_id, quarter, game_time_seconds) VALUES (17, 14, 226, 6, 4, 75);
INSERT INTO match_events (match_id, team_id, person_id, event_type_id, quarter, game_time_seconds) VALUES (17, 14, 55, 11, 4, 0);
INSERT INTO match_events (match_id, team_id, person_id, event_type_id, quarter, game_time_seconds) VALUES (17, 21, 49, 9, 4, 106);
INSERT INTO match_events (match_id, team_id, person_id, event_type_id, quarter, game_time_seconds) VALUES (17, 14, 215, 1, 4, 428);
INSERT INTO match_events (match_id, team_id, person_id, event_type_id, quarter, game_time_seconds) VALUES (17, 21, 191, 2, 4, 512);
INSERT INTO matches (match_id, season_id, tournament_id, date, location, team1_id, team2_id, team1_score, team2_score) VALUES (18, 1, 1, '2025-04-23 17:00:00', 'Pool 2', 29, 25, 2, 5);
INSERT INTO match_referees (match_id, person_id, role) VALUES (18, 108, 'Referee');
INSERT INTO match_events (match_id, team_id, person_id, event_type_id, quarter, game_time_seconds) VALUES (18, 25, 109, 7, 1, 224);
INSERT INTO match_events (match_id, team_id, person_id, event_type_id, quarter, game_time_seconds) VALUES (18, 29, 26, 3, 1, 314);
INSERT INTO match_events (match_id, team_id, person_id, event_type_id, quarter, game_time_seconds) VALUES (18, 25, 45, 3, 1, 335);
INSERT INTO match_events (match_id, team_id, person_id, event_type_id, quarter, game_time_seconds) VALUES (18, 29, 54, 9, 1, 291);
INSERT INTO match_events (match_id, team_id, person_id, event_type_id, quarter, game_time_seconds) VALUES (18, 25, 78, 9, 1, 159);
INSERT INTO match_events (match_id, team_id, person_id, event_type_id, quarter, game_time_seconds) VALUES (18, 25, 44, 10, 1, 493);
INSERT INTO match_events (match_id, team_id, person_id, event_type_id, quarter, game_time_seconds) VALUES (18, 29, 102, 3, 1, 362);
INSERT INTO match_events (match_id, team_id, person_id, event_type_id, quarter, game_time_seconds) VALUES (18, 25, 45, 8, 1, 524);
INSERT INTO match_events (match_id, team_id, person_id, event_type_id, quarter, game_time_seconds) VALUES (18, 25, 130, 1, 1, 420);
INSERT INTO match_events (match_id, team_id, person_id, event_type_id, quarter, game_time_seconds) VALUES (18, 25, 182, 5, 1, 334);
INSERT INTO match_events (match_id, team_id, person_id, event_type_id, quarter, game_time_seconds) VALUES (18, 29, 27, 8, 2, 385);
INSERT INTO match_events (match_id, team_id, person_id, event_type_id, quarter, game_time_seconds) VALUES (18, 25, 102, 6, 2, 420);
INSERT INTO match_events (match_id, team_id, person_id, event_type_id, quarter, game_time_seconds) VALUES (18, 25, 201, 5, 2, 542);
INSERT INTO match_events (match_id, team_id, person_id, event_type_id, quarter, game_time_seconds) VALUES (18, 29, 178, 6, 2, 114);
INSERT INTO match_events (match_id, team_id, person_id, event_type_id, quarter, game_time_seconds) VALUES (18, 25, 202, 10, 2, 381);
INSERT INTO match_events (match_id, team_id, person_id, event_type_id, quarter, game_time_seconds) VALUES (18, 29, 195, 11, 2, 56);
INSERT INTO match_events (match_id, team_id, person_id, event_type_id, quarter, game_time_seconds) VALUES (18, 25, 104, 1, 2, 209);
INSERT INTO match_events (match_id, team_id, person_id, event_type_id, quarter, game_time_seconds) VALUES (18, 25, 225, 7, 2, 383);
INSERT INTO match_events (match_id, team_id, person_id, event_type_id, quarter, game_time_seconds) VALUES (18, 25, 183, 11, 2, 46);
INSERT INTO match_events (match_id, team_id, person_id, event_type_id, quarter, game_time_seconds) VALUES (18, 29, 32, 9, 2, 368);
INSERT INTO match_events (match_id, team_id, person_id, event_type_id, quarter, game_time_seconds) VALUES (18, 29, 50, 1, 3, 171);
INSERT INTO match_events (match_id, team_id, person_id, event_type_id, quarter, game_time_seconds) VALUES (18, 29, 226, 6, 3, 496);
INSERT INTO match_events (match_id, team_id, person_id, event_type_id, quarter, game_time_seconds) VALUES (18, 29, 34, 5, 3, 81);
INSERT INTO match_events (match_id, team_id, person_id, event_type_id, quarter, game_time_seconds) VALUES (18, 25, 35, 4, 3, 103);
INSERT INTO match_events (match_id, team_id, person_id, event_type_id, quarter, game_time_seconds) VALUES (18, 25, 122, 9, 3, 71);
INSERT INTO match_events (match_id, team_id, person_id, event_type_id, quarter, game_time_seconds) VALUES (18, 29, 141, 6, 3, 301);
INSERT INTO match_events (match_id, team_id, person_id, event_type_id, quarter, game_time_seconds) VALUES (18, 25, 55, 1, 3, 54);
INSERT INTO match_events (match_id, team_id, person_id, event_type_id, quarter, game_time_seconds) VALUES (18, 25, 109, 11, 3, 4);
INSERT INTO match_events (match_id, team_id, person_id, event_type_id, quarter, game_time_seconds) VALUES (18, 29, 137, 4, 3, 379);
INSERT INTO match_events (match_id, team_id, person_id, event_type_id, quarter, game_time_seconds) VALUES (18, 25, 120, 8, 3, 317);
INSERT INTO match_events (match_id, team_id, person_id, event_type_id, quarter, game_time_seconds) VALUES (18, 29, 202, 11, 4, 523);
INSERT INTO match_events (match_id, team_id, person_id, event_type_id, quarter, game_time_seconds) VALUES (18, 29, 250, 10, 4, 226);
INSERT INTO match_events (match_id, team_id, person_id, event_type_id, quarter, game_time_seconds) VALUES (18, 25, 69, 6, 4, 263);
INSERT INTO match_events (match_id, team_id, person_id, event_type_id, quarter, game_time_seconds) VALUES (18, 25, 146, 7, 4, 348);
INSERT INTO match_events (match_id, team_id, person_id, event_type_id, quarter, game_time_seconds) VALUES (18, 29, 31, 5, 4, 153);
INSERT INTO match_events (match_id, team_id, person_id, event_type_id, quarter, game_time_seconds) VALUES (18, 25, 74, 9, 4, 382);
INSERT INTO match_events (match_id, team_id, person_id, event_type_id, quarter, game_time_seconds) VALUES (18, 29, 43, 9, 4, 416);
INSERT INTO match_events (match_id, team_id, person_id, event_type_id, quarter, game_time_seconds) VALUES (18, 29, 188, 5, 4, 108);
INSERT INTO match_events (match_id, team_id, person_id, event_type_id, quarter, game_time_seconds) VALUES (18, 29, 100, 2, 4, 318);
INSERT INTO match_events (match_id, team_id, person_id, event_type_id, quarter, game_time_seconds) VALUES (18, 25, 215, 8, 4, 235);
INSERT INTO matches (match_id, season_id, tournament_id, date, location, team1_id, team2_id, team1_score, team2_score) VALUES (19, 1, 1, '2025-04-11 09:00:00', 'Pool 1', 8, 19, 2, 0);
INSERT INTO match_referees (match_id, person_id, role) VALUES (19, 66, 'Referee');
INSERT INTO match_events (match_id, team_id, person_id, event_type_id, quarter, game_time_seconds) VALUES (19, 8, 224, 10, 1, 28);
INSERT INTO match_events (match_id, team_id, person_id, event_type_id, quarter, game_time_seconds) VALUES (19, 19, 129, 3, 1, 30);
INSERT INTO match_events (match_id, team_id, person_id, event_type_id, quarter, game_time_seconds) VALUES (19, 8, 176, 5, 1, 381);
INSERT INTO match_events (match_id, team_id, person_id, event_type_id, quarter, game_time_seconds) VALUES (19, 19, 190, 2, 1, 383);
INSERT INTO match_events (match_id, team_id, person_id, event_type_id, quarter, game_time_seconds) VALUES (19, 8, 36, 3, 1, 567);
INSERT INTO match_events (match_id, team_id, person_id, event_type_id, quarter, game_time_seconds) VALUES (19, 19, 162, 4, 1, 289);
INSERT INTO match_events (match_id, team_id, person_id, event_type_id, quarter, game_time_seconds) VALUES (19, 8, 72, 10, 1, 454);
INSERT INTO match_events (match_id, team_id, person_id, event_type_id, quarter, game_time_seconds) VALUES (19, 19, 62, 1, 2, 48);
INSERT INTO match_events (match_id, team_id, person_id, event_type_id, quarter, game_time_seconds) VALUES (19, 19, 52, 1, 2, 85);
INSERT INTO match_events (match_id, team_id, person_id, event_type_id, quarter, game_time_seconds) VALUES (19, 19, 215, 4, 2, 271);
INSERT INTO match_events (match_id, team_id, person_id, event_type_id, quarter, game_time_seconds) VALUES (19, 8, 19, 6, 2, 134);
INSERT INTO match_events (match_id, team_id, person_id, event_type_id, quarter, game_time_seconds) VALUES (19, 8, 4, 10, 2, 411);
INSERT INTO match_events (match_id, team_id, person_id, event_type_id, quarter, game_time_seconds) VALUES (19, 8, 44, 9, 2, 586);
INSERT INTO match_events (match_id, team_id, person_id, event_type_id, quarter, game_time_seconds) VALUES (19, 19, 63, 9, 2, 171);
INSERT INTO match_events (match_id, team_id, person_id, event_type_id, quarter, game_time_seconds) VALUES (19, 19, 60, 3, 3, 361);
INSERT INTO match_events (match_id, team_id, person_id, event_type_id, quarter, game_time_seconds) VALUES (19, 19, 189, 11, 3, 264);
INSERT INTO match_events (match_id, team_id, person_id, event_type_id, quarter, game_time_seconds) VALUES (19, 19, 129, 8, 3, 45);
INSERT INTO match_events (match_id, team_id, person_id, event_type_id, quarter, game_time_seconds) VALUES (19, 8, 211, 10, 3, 168);
INSERT INTO match_events (match_id, team_id, person_id, event_type_id, quarter, game_time_seconds) VALUES (19, 8, 48, 9, 3, 316);
INSERT INTO match_events (match_id, team_id, person_id, event_type_id, quarter, game_time_seconds) VALUES (19, 8, 121, 10, 3, 68);
INSERT INTO match_events (match_id, team_id, person_id, event_type_id, quarter, game_time_seconds) VALUES (19, 8, 7, 2, 3, 173);
INSERT INTO match_events (match_id, team_id, person_id, event_type_id, quarter, game_time_seconds) VALUES (19, 19, 239, 2, 4, 100);
INSERT INTO match_events (match_id, team_id, person_id, event_type_id, quarter, game_time_seconds) VALUES (19, 19, 104, 7, 4, 539);
INSERT INTO match_events (match_id, team_id, person_id, event_type_id, quarter, game_time_seconds) VALUES (19, 8, 192, 2, 4, 478);
INSERT INTO match_events (match_id, team_id, person_id, event_type_id, quarter, game_time_seconds) VALUES (19, 8, 158, 4, 4, 283);
INSERT INTO match_events (match_id, team_id, person_id, event_type_id, quarter, game_time_seconds) VALUES (19, 8, 196, 1, 4, 301);
INSERT INTO match_events (match_id, team_id, person_id, event_type_id, quarter, game_time_seconds) VALUES (19, 19, 103, 10, 4, 246);
INSERT INTO match_events (match_id, team_id, person_id, event_type_id, quarter, game_time_seconds) VALUES (19, 19, 70, 4, 4, 17);
INSERT INTO matches (match_id, season_id, tournament_id, date, location, team1_id, team2_id, team1_score, team2_score) VALUES (20, 1, 1, '2025-04-14 18:00:00', 'Pool 4', 3, 8, 5, 15);
INSERT INTO match_referees (match_id, person_id, role) VALUES (20, 217, 'Referee');
INSERT INTO match_events (match_id, team_id, person_id, event_type_id, quarter, game_time_seconds) VALUES (20, 3, 162, 6, 1, 225);
INSERT INTO match_events (match_id, team_id, person_id, event_type_id, quarter, game_time_seconds) VALUES (20, 8, 219, 2, 1, 514);
INSERT INTO match_events (match_id, team_id, person_id, event_type_id, quarter, game_time_seconds) VALUES (20, 8, 234, 3, 1, 474);
INSERT INTO match_events (match_id, team_id, person_id, event_type_id, quarter, game_time_seconds) VALUES (20, 3, 210, 3, 1, 73);
INSERT INTO match_events (match_id, team_id, person_id, event_type_id, quarter, game_time_seconds) VALUES (20, 3, 144, 8, 1, 381);
INSERT INTO match_events (match_id, team_id, person_id, event_type_id, quarter, game_time_seconds) VALUES (20, 8, 155, 6, 1, 267);
INSERT INTO match_events (match_id, team_id, person_id, event_type_id, quarter, game_time_seconds) VALUES (20, 3, 64, 4, 1, 522);
INSERT INTO match_events (match_id, team_id, person_id, event_type_id, quarter, game_time_seconds) VALUES (20, 8, 50, 2, 1, 204);
INSERT INTO match_events (match_id, team_id, person_id, event_type_id, quarter, game_time_seconds) VALUES (20, 3, 210, 10, 1, 112);
INSERT INTO match_events (match_id, team_id, person_id, event_type_id, quarter, game_time_seconds) VALUES (20, 3, 192, 11, 1, 0);
INSERT INTO match_events (match_id, team_id, person_id, event_type_id, quarter, game_time_seconds) VALUES (20, 3, 105, 8, 1, 546);
INSERT INTO match_events (match_id, team_id, person_id, event_type_id, quarter, game_time_seconds) VALUES (20, 8, 92, 1, 1, 65);
INSERT INTO match_events (match_id, team_id, person_id, event_type_id, quarter, game_time_seconds) VALUES (20, 8, 65, 2, 1, 379);
INSERT INTO match_events (match_id, team_id, person_id, event_type_id, quarter, game_time_seconds) VALUES (20, 3, 4, 1, 1, 139);
INSERT INTO match_events (match_id, team_id, person_id, event_type_id, quarter, game_time_seconds) VALUES (20, 8, 53, 9, 1, 550);
INSERT INTO match_events (match_id, team_id, person_id, event_type_id, quarter, game_time_seconds) VALUES (20, 3, 27, 8, 1, 375);
INSERT INTO match_events (match_id, team_id, person_id, event_type_id, quarter, game_time_seconds) VALUES (20, 8, 103, 11, 1, 444);
INSERT INTO match_events (match_id, team_id, person_id, event_type_id, quarter, game_time_seconds) VALUES (20, 3, 114, 6, 1, 336);
INSERT INTO match_events (match_id, team_id, person_id, event_type_id, quarter, game_time_seconds) VALUES (20, 8, 108, 9, 1, 222);
INSERT INTO match_events (match_id, team_id, person_id, event_type_id, quarter, game_time_seconds) VALUES (20, 3, 12, 4, 1, 174);
INSERT INTO match_events (match_id, team_id, person_id, event_type_id, quarter, game_time_seconds) VALUES (20, 8, 181, 11, 2, 316);
INSERT INTO match_events (match_id, team_id, person_id, event_type_id, quarter, game_time_seconds) VALUES (20, 3, 239, 8, 2, 168);
INSERT INTO match_events (match_id, team_id, person_id, event_type_id, quarter, game_time_seconds) VALUES (20, 8, 216, 8, 2, 38);
INSERT INTO match_events (match_id, team_id, person_id, event_type_id, quarter, game_time_seconds) VALUES (20, 8, 214, 1, 2, 54);
INSERT INTO match_events (match_id, team_id, person_id, event_type_id, quarter, game_time_seconds) VALUES (20, 8, 138, 6, 2, 374);
INSERT INTO match_events (match_id, team_id, person_id, event_type_id, quarter, game_time_seconds) VALUES (20, 3, 22, 5, 2, 251);
INSERT INTO match_events (match_id, team_id, person_id, event_type_id, quarter, game_time_seconds) VALUES (20, 8, 132, 4, 2, 438);
INSERT INTO match_events (match_id, team_id, person_id, event_type_id, quarter, game_time_seconds) VALUES (20, 8, 136, 8, 2, 177);
INSERT INTO match_events (match_id, team_id, person_id, event_type_id, quarter, game_time_seconds) VALUES (20, 3, 156, 4, 2, 448);
INSERT INTO match_events (match_id, team_id, person_id, event_type_id, quarter, game_time_seconds) VALUES (20, 3, 28, 1, 2, 350);
INSERT INTO match_events (match_id, team_id, person_id, event_type_id, quarter, game_time_seconds) VALUES (20, 8, 32, 10, 2, 458);
INSERT INTO match_events (match_id, team_id, person_id, event_type_id, quarter, game_time_seconds) VALUES (20, 8, 216, 4, 2, 556);
INSERT INTO match_events (match_id, team_id, person_id, event_type_id, quarter, game_time_seconds) VALUES (20, 3, 155, 2, 2, 71);
INSERT INTO match_events (match_id, team_id, person_id, event_type_id, quarter, game_time_seconds) VALUES (20, 3, 204, 9, 2, 210);
INSERT INTO match_events (match_id, team_id, person_id, event_type_id, quarter, game_time_seconds) VALUES (20, 8, 175, 10, 2, 15);
INSERT INTO match_events (match_id, team_id, person_id, event_type_id, quarter, game_time_seconds) VALUES (20, 8, 45, 4, 2, 374);
INSERT INTO match_events (match_id, team_id, person_id, event_type_id, quarter, game_time_seconds) VALUES (20, 3, 114, 11, 2, 193);
INSERT INTO match_events (match_id, team_id, person_id, event_type_id, quarter, game_time_seconds) VALUES (20, 8, 68, 7, 2, 183);
INSERT INTO match_events (match_id, team_id, person_id, event_type_id, quarter, game_time_seconds) VALUES (20, 8, 201, 2, 2, 483);
INSERT INTO match_events (match_id, team_id, person_id, event_type_id, quarter, game_time_seconds) VALUES (20, 8, 109, 1, 2, 309);
INSERT INTO match_events (match_id, team_id, person_id, event_type_id, quarter, game_time_seconds) VALUES (20, 8, 154, 7, 3, 518);
INSERT INTO match_events (match_id, team_id, person_id, event_type_id, quarter, game_time_seconds) VALUES (20, 3, 107, 5, 3, 578);
INSERT INTO match_events (match_id, team_id, person_id, event_type_id, quarter, game_time_seconds) VALUES (20, 8, 50, 1, 3, 349);
INSERT INTO match_events (match_id, team_id, person_id, event_type_id, quarter, game_time_seconds) VALUES (20, 3, 50, 7, 3, 82);
INSERT INTO match_events (match_id, team_id, person_id, event_type_id, quarter, game_time_seconds) VALUES (20, 3, 126, 7, 3, 561);
INSERT INTO match_events (match_id, team_id, person_id, event_type_id, quarter, game_time_seconds) VALUES (20, 3, 174, 6, 3, 94);
INSERT INTO match_events (match_id, team_id, person_id, event_type_id, quarter, game_time_seconds) VALUES (20, 8, 166, 9, 3, 98);
INSERT INTO match_events (match_id, team_id, person_id, event_type_id, quarter, game_time_seconds) VALUES (20, 3, 111, 1, 3, 148);
INSERT INTO match_events (match_id, team_id, person_id, event_type_id, quarter, game_time_seconds) VALUES (20, 8, 34, 3, 3, 392);
INSERT INTO match_events (match_id, team_id, person_id, event_type_id, quarter, game_time_seconds) VALUES (20, 3, 43, 2, 3, 143);
INSERT INTO match_events (match_id, team_id, person_id, event_type_id, quarter, game_time_seconds) VALUES (20, 3, 57, 1, 3, 557);
INSERT INTO match_events (match_id, team_id, person_id, event_type_id, quarter, game_time_seconds) VALUES (20, 3, 1, 3, 3, 297);
INSERT INTO match_events (match_id, team_id, person_id, event_type_id, quarter, game_time_seconds) VALUES (20, 3, 157, 2, 3, 283);
INSERT INTO match_events (match_id, team_id, person_id, event_type_id, quarter, game_time_seconds) VALUES (20, 3, 75, 6, 3, 523);
INSERT INTO match_events (match_id, team_id, person_id, event_type_id, quarter, game_time_seconds) VALUES (20, 3, 212, 7, 3, 28);
INSERT INTO match_events (match_id, team_id, person_id, event_type_id, quarter, game_time_seconds) VALUES (20, 3, 165, 2, 3, 55);
INSERT INTO match_events (match_id, team_id, person_id, event_type_id, quarter, game_time_seconds) VALUES (20, 8, 163, 2, 3, 192);
INSERT INTO match_events (match_id, team_id, person_id, event_type_id, quarter, game_time_seconds) VALUES (20, 8, 172, 1, 3, 439);
INSERT INTO match_events (match_id, team_id, person_id, event_type_id, quarter, game_time_seconds) VALUES (20, 3, 111, 10, 3, 180);
INSERT INTO match_events (match_id, team_id, person_id, event_type_id, quarter, game_time_seconds) VALUES (20, 8, 200, 2, 3, 447);
INSERT INTO match_events (match_id, team_id, person_id, event_type_id, quarter, game_time_seconds) VALUES (20, 3, 70, 4, 4, 104);
INSERT INTO match_events (match_id, team_id, person_id, event_type_id, quarter, game_time_seconds) VALUES (20, 8, 3, 10, 4, 286);
INSERT INTO match_events (match_id, team_id, person_id, event_type_id, quarter, game_time_seconds) VALUES (20, 8, 7, 8, 4, 120);
INSERT INTO match_events (match_id, team_id, person_id, event_type_id, quarter, game_time_seconds) VALUES (20, 8, 149, 6, 4, 440);
INSERT INTO match_events (match_id, team_id, person_id, event_type_id, quarter, game_time_seconds) VALUES (20, 3, 223, 3, 4, 518);
INSERT INTO match_events (match_id, team_id, person_id, event_type_id, quarter, game_time_seconds) VALUES (20, 3, 169, 11, 4, 406);
INSERT INTO match_events (match_id, team_id, person_id, event_type_id, quarter, game_time_seconds) VALUES (20, 3, 71, 7, 4, 102);
INSERT INTO match_events (match_id, team_id, person_id, event_type_id, quarter, game_time_seconds) VALUES (20, 8, 76, 2, 4, 429);
INSERT INTO match_events (match_id, team_id, person_id, event_type_id, quarter, game_time_seconds) VALUES (20, 3, 52, 7, 4, 337);
INSERT INTO match_events (match_id, team_id, person_id, event_type_id, quarter, game_time_seconds) VALUES (20, 3, 78, 1, 4, 473);
INSERT INTO match_events (match_id, team_id, person_id, event_type_id, quarter, game_time_seconds) VALUES (20, 8, 157, 8, 4, 185);
INSERT INTO match_events (match_id, team_id, person_id, event_type_id, quarter, game_time_seconds) VALUES (20, 3, 200, 4, 4, 479);
INSERT INTO match_events (match_id, team_id, person_id, event_type_id, quarter, game_time_seconds) VALUES (20, 8, 188, 9, 4, 200);
INSERT INTO match_events (match_id, team_id, person_id, event_type_id, quarter, game_time_seconds) VALUES (20, 8, 81, 7, 4, 278);
INSERT INTO match_events (match_id, team_id, person_id, event_type_id, quarter, game_time_seconds) VALUES (20, 8, 129, 7, 4, 508);
INSERT INTO match_events (match_id, team_id, person_id, event_type_id, quarter, game_time_seconds) VALUES (20, 3, 44, 5, 4, 560);
INSERT INTO match_events (match_id, team_id, person_id, event_type_id, quarter, game_time_seconds) VALUES (20, 8, 30, 10, 4, 105);
INSERT INTO match_events (match_id, team_id, person_id, event_type_id, quarter, game_time_seconds) VALUES (20, 3, 13, 2, 4, 252);
INSERT INTO match_events (match_id, team_id, person_id, event_type_id, quarter, game_time_seconds) VALUES (20, 8, 137, 8, 4, 123);
INSERT INTO match_events (match_id, team_id, person_id, event_type_id, quarter, game_time_seconds) VALUES (20, 8, 115, 8, 4, 164);
INSERT INTO matches (match_id, season_id, tournament_id, date, location, team1_id, team2_id, team1_score, team2_score) VALUES (21, 1, 1, '2025-04-18 23:00:00', 'Pool 4', 11, 4, 9, 10);
INSERT INTO match_referees (match_id, person_id, role) VALUES (21, 104, 'Referee');
INSERT INTO match_events (match_id, team_id, person_id, event_type_id, quarter, game_time_seconds) VALUES (21, 11, 107, 8, 1, 37);
INSERT INTO match_events (match_id, team_id, person_id, event_type_id, quarter, game_time_seconds) VALUES (21, 4, 46, 9, 1, 15);
INSERT INTO match_events (match_id, team_id, person_id, event_type_id, quarter, game_time_seconds) VALUES (21, 4, 68, 6, 1, 198);
INSERT INTO match_events (match_id, team_id, person_id, event_type_id, quarter, game_time_seconds) VALUES (21, 11, 1, 8, 1, 173);
INSERT INTO match_events (match_id, team_id, person_id, event_type_id, quarter, game_time_seconds) VALUES (21, 11, 103, 5, 1, 327);
INSERT INTO match_events (match_id, team_id, person_id, event_type_id, quarter, game_time_seconds) VALUES (21, 4, 173, 10, 1, 355);
INSERT INTO match_events (match_id, team_id, person_id, event_type_id, quarter, game_time_seconds) VALUES (21, 11, 67, 8, 1, 362);
INSERT INTO match_events (match_id, team_id, person_id, event_type_id, quarter, game_time_seconds) VALUES (21, 4, 149, 5, 1, 511);
INSERT INTO match_events (match_id, team_id, person_id, event_type_id, quarter, game_time_seconds) VALUES (21, 11, 152, 11, 1, 182);
INSERT INTO match_events (match_id, team_id, person_id, event_type_id, quarter, game_time_seconds) VALUES (21, 11, 214, 7, 1, 113);
INSERT INTO match_events (match_id, team_id, person_id, event_type_id, quarter, game_time_seconds) VALUES (21, 11, 113, 4, 1, 523);
INSERT INTO match_events (match_id, team_id, person_id, event_type_id, quarter, game_time_seconds) VALUES (21, 4, 176, 10, 1, 493);
INSERT INTO match_events (match_id, team_id, person_id, event_type_id, quarter, game_time_seconds) VALUES (21, 11, 31, 3, 1, 487);
INSERT INTO match_events (match_id, team_id, person_id, event_type_id, quarter, game_time_seconds) VALUES (21, 11, 243, 10, 1, 297);
INSERT INTO match_events (match_id, team_id, person_id, event_type_id, quarter, game_time_seconds) VALUES (21, 11, 130, 11, 1, 192);
INSERT INTO match_events (match_id, team_id, person_id, event_type_id, quarter, game_time_seconds) VALUES (21, 11, 76, 6, 2, 140);
INSERT INTO match_events (match_id, team_id, person_id, event_type_id, quarter, game_time_seconds) VALUES (21, 11, 81, 10, 2, 600);
INSERT INTO match_events (match_id, team_id, person_id, event_type_id, quarter, game_time_seconds) VALUES (21, 11, 221, 8, 2, 364);
INSERT INTO match_events (match_id, team_id, person_id, event_type_id, quarter, game_time_seconds) VALUES (21, 11, 78, 3, 2, 330);
INSERT INTO match_events (match_id, team_id, person_id, event_type_id, quarter, game_time_seconds) VALUES (21, 4, 171, 4, 2, 470);
INSERT INTO match_events (match_id, team_id, person_id, event_type_id, quarter, game_time_seconds) VALUES (21, 11, 203, 2, 2, 285);
INSERT INTO match_events (match_id, team_id, person_id, event_type_id, quarter, game_time_seconds) VALUES (21, 11, 111, 5, 2, 402);
INSERT INTO match_events (match_id, team_id, person_id, event_type_id, quarter, game_time_seconds) VALUES (21, 11, 140, 8, 2, 440);
INSERT INTO match_events (match_id, team_id, person_id, event_type_id, quarter, game_time_seconds) VALUES (21, 11, 246, 7, 2, 179);
INSERT INTO match_events (match_id, team_id, person_id, event_type_id, quarter, game_time_seconds) VALUES (21, 4, 55, 2, 2, 372);
INSERT INTO match_events (match_id, team_id, person_id, event_type_id, quarter, game_time_seconds) VALUES (21, 11, 19, 9, 2, 545);
INSERT INTO match_events (match_id, team_id, person_id, event_type_id, quarter, game_time_seconds) VALUES (21, 4, 47, 3, 2, 373);
INSERT INTO match_events (match_id, team_id, person_id, event_type_id, quarter, game_time_seconds) VALUES (21, 11, 144, 9, 2, 9);
INSERT INTO match_events (match_id, team_id, person_id, event_type_id, quarter, game_time_seconds) VALUES (21, 11, 86, 6, 2, 588);
INSERT INTO match_events (match_id, team_id, person_id, event_type_id, quarter, game_time_seconds) VALUES (21, 11, 216, 6, 2, 362);
INSERT INTO match_events (match_id, team_id, person_id, event_type_id, quarter, game_time_seconds) VALUES (21, 11, 224, 3, 3, 184);
INSERT INTO match_events (match_id, team_id, person_id, event_type_id, quarter, game_time_seconds) VALUES (21, 4, 112, 7, 3, 336);
INSERT INTO match_events (match_id, team_id, person_id, event_type_id, quarter, game_time_seconds) VALUES (21, 11, 200, 5, 3, 394);
INSERT INTO match_events (match_id, team_id, person_id, event_type_id, quarter, game_time_seconds) VALUES (21, 11, 230, 5, 3, 355);
INSERT INTO match_events (match_id, team_id, person_id, event_type_id, quarter, game_time_seconds) VALUES (21, 11, 186, 7, 3, 459);
INSERT INTO match_events (match_id, team_id, person_id, event_type_id, quarter, game_time_seconds) VALUES (21, 4, 247, 4, 3, 14);
INSERT INTO match_events (match_id, team_id, person_id, event_type_id, quarter, game_time_seconds) VALUES (21, 4, 54, 3, 3, 372);
INSERT INTO match_events (match_id, team_id, person_id, event_type_id, quarter, game_time_seconds) VALUES (21, 4, 205, 3, 3, 439);
INSERT INTO match_events (match_id, team_id, person_id, event_type_id, quarter, game_time_seconds) VALUES (21, 11, 122, 5, 3, 510);
INSERT INTO match_events (match_id, team_id, person_id, event_type_id, quarter, game_time_seconds) VALUES (21, 11, 51, 7, 3, 313);
INSERT INTO match_events (match_id, team_id, person_id, event_type_id, quarter, game_time_seconds) VALUES (21, 4, 166, 2, 3, 144);
INSERT INTO match_events (match_id, team_id, person_id, event_type_id, quarter, game_time_seconds) VALUES (21, 4, 132, 8, 3, 346);
INSERT INTO match_events (match_id, team_id, person_id, event_type_id, quarter, game_time_seconds) VALUES (21, 4, 223, 3, 3, 112);
INSERT INTO match_events (match_id, team_id, person_id, event_type_id, quarter, game_time_seconds) VALUES (21, 4, 246, 3, 3, 203);
INSERT INTO match_events (match_id, team_id, person_id, event_type_id, quarter, game_time_seconds) VALUES (21, 11, 181, 1, 3, 576);
INSERT INTO match_events (match_id, team_id, person_id, event_type_id, quarter, game_time_seconds) VALUES (21, 4, 224, 8, 4, 128);
INSERT INTO match_events (match_id, team_id, person_id, event_type_id, quarter, game_time_seconds) VALUES (21, 11, 192, 6, 4, 192);
INSERT INTO match_events (match_id, team_id, person_id, event_type_id, quarter, game_time_seconds) VALUES (21, 11, 8, 2, 4, 206);
INSERT INTO match_events (match_id, team_id, person_id, event_type_id, quarter, game_time_seconds) VALUES (21, 11, 111, 1, 4, 226);
INSERT INTO match_events (match_id, team_id, person_id, event_type_id, quarter, game_time_seconds) VALUES (21, 4, 45, 4, 4, 238);
INSERT INTO match_events (match_id, team_id, person_id, event_type_id, quarter, game_time_seconds) VALUES (21, 4, 198, 10, 4, 375);
INSERT INTO match_events (match_id, team_id, person_id, event_type_id, quarter, game_time_seconds) VALUES (21, 4, 227, 2, 4, 513);
INSERT INTO match_events (match_id, team_id, person_id, event_type_id, quarter, game_time_seconds) VALUES (21, 4, 122, 11, 4, 431);
INSERT INTO match_events (match_id, team_id, person_id, event_type_id, quarter, game_time_seconds) VALUES (21, 4, 167, 11, 4, 391);
INSERT INTO match_events (match_id, team_id, person_id, event_type_id, quarter, game_time_seconds) VALUES (21, 11, 76, 1, 4, 274);
INSERT INTO match_events (match_id, team_id, person_id, event_type_id, quarter, game_time_seconds) VALUES (21, 4, 41, 9, 4, 224);
INSERT INTO match_events (match_id, team_id, person_id, event_type_id, quarter, game_time_seconds) VALUES (21, 4, 242, 9, 4, 21);
INSERT INTO match_events (match_id, team_id, person_id, event_type_id, quarter, game_time_seconds) VALUES (21, 4, 176, 11, 4, 515);
INSERT INTO match_events (match_id, team_id, person_id, event_type_id, quarter, game_time_seconds) VALUES (21, 4, 94, 5, 4, 140);
INSERT INTO match_events (match_id, team_id, person_id, event_type_id, quarter, game_time_seconds) VALUES (21, 11, 13, 8, 4, 67);
INSERT INTO matches (match_id, season_id, tournament_id, date, location, team1_id, team2_id, team1_score, team2_score) VALUES (22, 1, 1, '2025-04-16 23:00:00', 'Pool 4', 14, 9, 15, 4);
INSERT INTO match_referees (match_id, person_id, role) VALUES (22, 149, 'Referee');
INSERT INTO match_events (match_id, team_id, person_id, event_type_id, quarter, game_time_seconds) VALUES (22, 14, 61, 9, 1, 578);
INSERT INTO match_events (match_id, team_id, person_id, event_type_id, quarter, game_time_seconds) VALUES (22, 14, 3, 6, 1, 256);
INSERT INTO match_events (match_id, team_id, person_id, event_type_id, quarter, game_time_seconds) VALUES (22, 14, 203, 1, 1, 591);
INSERT INTO match_events (match_id, team_id, person_id, event_type_id, quarter, game_time_seconds) VALUES (22, 14, 226, 8, 1, 569);
INSERT INTO match_events (match_id, team_id, person_id, event_type_id, quarter, game_time_seconds) VALUES (22, 9, 97, 9, 1, 372);
INSERT INTO match_events (match_id, team_id, person_id, event_type_id, quarter, game_time_seconds) VALUES (22, 14, 70, 10, 1, 423);
INSERT INTO match_events (match_id, team_id, person_id, event_type_id, quarter, game_time_seconds) VALUES (22, 9, 85, 7, 1, 484);
INSERT INTO match_events (match_id, team_id, person_id, event_type_id, quarter, game_time_seconds) VALUES (22, 14, 95, 3, 1, 326);
INSERT INTO match_events (match_id, team_id, person_id, event_type_id, quarter, game_time_seconds) VALUES (22, 9, 97, 5, 1, 183);
INSERT INTO match_events (match_id, team_id, person_id, event_type_id, quarter, game_time_seconds) VALUES (22, 9, 167, 1, 1, 356);
INSERT INTO match_events (match_id, team_id, person_id, event_type_id, quarter, game_time_seconds) VALUES (22, 9, 193, 11, 1, 492);
INSERT INTO match_events (match_id, team_id, person_id, event_type_id, quarter, game_time_seconds) VALUES (22, 14, 211, 11, 1, 424);
INSERT INTO match_events (match_id, team_id, person_id, event_type_id, quarter, game_time_seconds) VALUES (22, 14, 136, 11, 1, 507);
INSERT INTO match_events (match_id, team_id, person_id, event_type_id, quarter, game_time_seconds) VALUES (22, 14, 54, 1, 1, 131);
INSERT INTO match_events (match_id, team_id, person_id, event_type_id, quarter, game_time_seconds) VALUES (22, 14, 144, 10, 1, 201);
INSERT INTO match_events (match_id, team_id, person_id, event_type_id, quarter, game_time_seconds) VALUES (22, 9, 227, 10, 1, 163);
INSERT INTO match_events (match_id, team_id, person_id, event_type_id, quarter, game_time_seconds) VALUES (22, 14, 2, 4, 1, 486);
INSERT INTO match_events (match_id, team_id, person_id, event_type_id, quarter, game_time_seconds) VALUES (22, 14, 81, 11, 1, 36);
INSERT INTO match_events (match_id, team_id, person_id, event_type_id, quarter, game_time_seconds) VALUES (22, 9, 14, 10, 1, 435);
INSERT INTO match_events (match_id, team_id, person_id, event_type_id, quarter, game_time_seconds) VALUES (22, 14, 65, 8, 1, 487);
INSERT INTO match_events (match_id, team_id, person_id, event_type_id, quarter, game_time_seconds) VALUES (22, 14, 238, 5, 2, 443);
INSERT INTO match_events (match_id, team_id, person_id, event_type_id, quarter, game_time_seconds) VALUES (22, 14, 114, 2, 2, 413);
INSERT INTO match_events (match_id, team_id, person_id, event_type_id, quarter, game_time_seconds) VALUES (22, 14, 172, 6, 2, 118);
INSERT INTO match_events (match_id, team_id, person_id, event_type_id, quarter, game_time_seconds) VALUES (22, 9, 114, 1, 2, 490);
INSERT INTO match_events (match_id, team_id, person_id, event_type_id, quarter, game_time_seconds) VALUES (22, 14, 169, 8, 2, 303);
INSERT INTO match_events (match_id, team_id, person_id, event_type_id, quarter, game_time_seconds) VALUES (22, 14, 248, 10, 2, 461);
INSERT INTO match_events (match_id, team_id, person_id, event_type_id, quarter, game_time_seconds) VALUES (22, 9, 206, 7, 2, 198);
INSERT INTO match_events (match_id, team_id, person_id, event_type_id, quarter, game_time_seconds) VALUES (22, 9, 68, 7, 2, 96);
INSERT INTO match_events (match_id, team_id, person_id, event_type_id, quarter, game_time_seconds) VALUES (22, 14, 163, 5, 2, 244);
INSERT INTO match_events (match_id, team_id, person_id, event_type_id, quarter, game_time_seconds) VALUES (22, 9, 141, 2, 2, 584);
INSERT INTO match_events (match_id, team_id, person_id, event_type_id, quarter, game_time_seconds) VALUES (22, 14, 27, 11, 2, 563);
INSERT INTO match_events (match_id, team_id, person_id, event_type_id, quarter, game_time_seconds) VALUES (22, 14, 95, 2, 2, 504);
INSERT INTO match_events (match_id, team_id, person_id, event_type_id, quarter, game_time_seconds) VALUES (22, 9, 46, 5, 2, 503);
INSERT INTO match_events (match_id, team_id, person_id, event_type_id, quarter, game_time_seconds) VALUES (22, 9, 95, 9, 2, 393);
INSERT INTO match_events (match_id, team_id, person_id, event_type_id, quarter, game_time_seconds) VALUES (22, 14, 52, 1, 2, 196);
INSERT INTO match_events (match_id, team_id, person_id, event_type_id, quarter, game_time_seconds) VALUES (22, 9, 206, 10, 2, 74);
INSERT INTO match_events (match_id, team_id, person_id, event_type_id, quarter, game_time_seconds) VALUES (22, 9, 179, 10, 2, 438);
INSERT INTO match_events (match_id, team_id, person_id, event_type_id, quarter, game_time_seconds) VALUES (22, 14, 211, 5, 2, 413);
INSERT INTO match_events (match_id, team_id, person_id, event_type_id, quarter, game_time_seconds) VALUES (22, 9, 179, 10, 2, 556);
INSERT INTO match_events (match_id, team_id, person_id, event_type_id, quarter, game_time_seconds) VALUES (22, 14, 1, 9, 2, 484);
INSERT INTO match_events (match_id, team_id, person_id, event_type_id, quarter, game_time_seconds) VALUES (22, 9, 200, 6, 3, 277);
INSERT INTO match_events (match_id, team_id, person_id, event_type_id, quarter, game_time_seconds) VALUES (22, 9, 182, 5, 3, 159);
INSERT INTO match_events (match_id, team_id, person_id, event_type_id, quarter, game_time_seconds) VALUES (22, 14, 199, 1, 3, 420);
INSERT INTO match_events (match_id, team_id, person_id, event_type_id, quarter, game_time_seconds) VALUES (22, 9, 108, 1, 3, 290);
INSERT INTO match_events (match_id, team_id, person_id, event_type_id, quarter, game_time_seconds) VALUES (22, 9, 157, 9, 3, 509);
INSERT INTO match_events (match_id, team_id, person_id, event_type_id, quarter, game_time_seconds) VALUES (22, 14, 107, 1, 3, 175);
INSERT INTO match_events (match_id, team_id, person_id, event_type_id, quarter, game_time_seconds) VALUES (22, 9, 117, 4, 3, 463);
INSERT INTO match_events (match_id, team_id, person_id, event_type_id, quarter, game_time_seconds) VALUES (22, 9, 124, 5, 3, 156);
INSERT INTO match_events (match_id, team_id, person_id, event_type_id, quarter, game_time_seconds) VALUES (22, 9, 156, 10, 3, 53);
INSERT INTO match_events (match_id, team_id, person_id, event_type_id, quarter, game_time_seconds) VALUES (22, 9, 136, 10, 3, 292);
INSERT INTO match_events (match_id, team_id, person_id, event_type_id, quarter, game_time_seconds) VALUES (22, 14, 105, 6, 3, 148);
INSERT INTO match_events (match_id, team_id, person_id, event_type_id, quarter, game_time_seconds) VALUES (22, 9, 73, 4, 3, 399);
INSERT INTO match_events (match_id, team_id, person_id, event_type_id, quarter, game_time_seconds) VALUES (22, 9, 128, 7, 3, 367);
INSERT INTO match_events (match_id, team_id, person_id, event_type_id, quarter, game_time_seconds) VALUES (22, 9, 203, 7, 3, 30);
INSERT INTO match_events (match_id, team_id, person_id, event_type_id, quarter, game_time_seconds) VALUES (22, 9, 104, 6, 3, 513);
INSERT INTO match_events (match_id, team_id, person_id, event_type_id, quarter, game_time_seconds) VALUES (22, 14, 61, 1, 3, 181);
INSERT INTO match_events (match_id, team_id, person_id, event_type_id, quarter, game_time_seconds) VALUES (22, 9, 187, 2, 3, 105);
INSERT INTO match_events (match_id, team_id, person_id, event_type_id, quarter, game_time_seconds) VALUES (22, 9, 47, 9, 3, 135);
INSERT INTO match_events (match_id, team_id, person_id, event_type_id, quarter, game_time_seconds) VALUES (22, 14, 236, 11, 3, 283);
INSERT INTO match_events (match_id, team_id, person_id, event_type_id, quarter, game_time_seconds) VALUES (22, 9, 197, 1, 3, 9);
INSERT INTO match_events (match_id, team_id, person_id, event_type_id, quarter, game_time_seconds) VALUES (22, 14, 200, 6, 4, 47);
INSERT INTO match_events (match_id, team_id, person_id, event_type_id, quarter, game_time_seconds) VALUES (22, 9, 240, 11, 4, 43);
INSERT INTO match_events (match_id, team_id, person_id, event_type_id, quarter, game_time_seconds) VALUES (22, 9, 184, 6, 4, 8);
INSERT INTO match_events (match_id, team_id, person_id, event_type_id, quarter, game_time_seconds) VALUES (22, 14, 227, 3, 4, 271);
INSERT INTO match_events (match_id, team_id, person_id, event_type_id, quarter, game_time_seconds) VALUES (22, 14, 7, 3, 4, 71);
INSERT INTO match_events (match_id, team_id, person_id, event_type_id, quarter, game_time_seconds) VALUES (22, 9, 96, 9, 4, 257);
INSERT INTO match_events (match_id, team_id, person_id, event_type_id, quarter, game_time_seconds) VALUES (22, 14, 202, 1, 4, 91);
INSERT INTO match_events (match_id, team_id, person_id, event_type_id, quarter, game_time_seconds) VALUES (22, 9, 126, 2, 4, 393);
INSERT INTO match_events (match_id, team_id, person_id, event_type_id, quarter, game_time_seconds) VALUES (22, 9, 192, 3, 4, 73);
INSERT INTO match_events (match_id, team_id, person_id, event_type_id, quarter, game_time_seconds) VALUES (22, 9, 87, 2, 4, 142);
INSERT INTO match_events (match_id, team_id, person_id, event_type_id, quarter, game_time_seconds) VALUES (22, 9, 131, 6, 4, 550);
INSERT INTO match_events (match_id, team_id, person_id, event_type_id, quarter, game_time_seconds) VALUES (22, 9, 57, 10, 4, 119);
INSERT INTO match_events (match_id, team_id, person_id, event_type_id, quarter, game_time_seconds) VALUES (22, 14, 241, 5, 4, 534);
INSERT INTO match_events (match_id, team_id, person_id, event_type_id, quarter, game_time_seconds) VALUES (22, 9, 18, 11, 4, 273);
INSERT INTO match_events (match_id, team_id, person_id, event_type_id, quarter, game_time_seconds) VALUES (22, 14, 247, 3, 4, 285);
INSERT INTO match_events (match_id, team_id, person_id, event_type_id, quarter, game_time_seconds) VALUES (22, 9, 195, 5, 4, 476);
INSERT INTO match_events (match_id, team_id, person_id, event_type_id, quarter, game_time_seconds) VALUES (22, 9, 2, 10, 4, 132);
INSERT INTO match_events (match_id, team_id, person_id, event_type_id, quarter, game_time_seconds) VALUES (22, 9, 57, 4, 4, 179);
INSERT INTO match_events (match_id, team_id, person_id, event_type_id, quarter, game_time_seconds) VALUES (22, 14, 230, 6, 4, 262);
INSERT INTO match_events (match_id, team_id, person_id, event_type_id, quarter, game_time_seconds) VALUES (22, 14, 115, 9, 4, 562);
INSERT INTO matches (match_id, season_id, tournament_id, date, location, team1_id, team2_id, team1_score, team2_score) VALUES (23, 1, 1, '2025-04-12 17:00:00', 'Pool 3', 3, 5, 11, 5);
INSERT INTO match_referees (match_id, person_id, role) VALUES (23, 62, 'Referee');
INSERT INTO match_events (match_id, team_id, person_id, event_type_id, quarter, game_time_seconds) VALUES (23, 3, 46, 1, 1, 355);
INSERT INTO match_events (match_id, team_id, person_id, event_type_id, quarter, game_time_seconds) VALUES (23, 3, 234, 4, 1, 154);
INSERT INTO match_events (match_id, team_id, person_id, event_type_id, quarter, game_time_seconds) VALUES (23, 3, 236, 8, 1, 488);
INSERT INTO match_events (match_id, team_id, person_id, event_type_id, quarter, game_time_seconds) VALUES (23, 3, 128, 11, 1, 459);
INSERT INTO match_events (match_id, team_id, person_id, event_type_id, quarter, game_time_seconds) VALUES (23, 5, 66, 1, 1, 242);
INSERT INTO match_events (match_id, team_id, person_id, event_type_id, quarter, game_time_seconds) VALUES (23, 3, 189, 1, 1, 287);
INSERT INTO match_events (match_id, team_id, person_id, event_type_id, quarter, game_time_seconds) VALUES (23, 3, 10, 11, 1, 45);
INSERT INTO match_events (match_id, team_id, person_id, event_type_id, quarter, game_time_seconds) VALUES (23, 5, 187, 5, 1, 425);
INSERT INTO match_events (match_id, team_id, person_id, event_type_id, quarter, game_time_seconds) VALUES (23, 3, 181, 5, 1, 274);
INSERT INTO match_events (match_id, team_id, person_id, event_type_id, quarter, game_time_seconds) VALUES (23, 5, 21, 11, 1, 220);
INSERT INTO match_events (match_id, team_id, person_id, event_type_id, quarter, game_time_seconds) VALUES (23, 5, 74, 7, 1, 489);
INSERT INTO match_events (match_id, team_id, person_id, event_type_id, quarter, game_time_seconds) VALUES (23, 5, 63, 8, 1, 20);
INSERT INTO match_events (match_id, team_id, person_id, event_type_id, quarter, game_time_seconds) VALUES (23, 3, 89, 11, 1, 33);
INSERT INTO match_events (match_id, team_id, person_id, event_type_id, quarter, game_time_seconds) VALUES (23, 5, 119, 1, 1, 216);
INSERT INTO match_events (match_id, team_id, person_id, event_type_id, quarter, game_time_seconds) VALUES (23, 3, 243, 2, 1, 561);
INSERT INTO match_events (match_id, team_id, person_id, event_type_id, quarter, game_time_seconds) VALUES (23, 3, 144, 7, 1, 473);
INSERT INTO match_events (match_id, team_id, person_id, event_type_id, quarter, game_time_seconds) VALUES (23, 3, 100, 10, 2, 421);
INSERT INTO match_events (match_id, team_id, person_id, event_type_id, quarter, game_time_seconds) VALUES (23, 3, 141, 5, 2, 479);
INSERT INTO match_events (match_id, team_id, person_id, event_type_id, quarter, game_time_seconds) VALUES (23, 3, 1, 6, 2, 438);
INSERT INTO match_events (match_id, team_id, person_id, event_type_id, quarter, game_time_seconds) VALUES (23, 3, 223, 8, 2, 70);
INSERT INTO match_events (match_id, team_id, person_id, event_type_id, quarter, game_time_seconds) VALUES (23, 3, 185, 1, 2, 526);
INSERT INTO match_events (match_id, team_id, person_id, event_type_id, quarter, game_time_seconds) VALUES (23, 5, 1, 9, 2, 573);
INSERT INTO match_events (match_id, team_id, person_id, event_type_id, quarter, game_time_seconds) VALUES (23, 3, 192, 11, 2, 329);
INSERT INTO match_events (match_id, team_id, person_id, event_type_id, quarter, game_time_seconds) VALUES (23, 3, 111, 4, 2, 390);
INSERT INTO match_events (match_id, team_id, person_id, event_type_id, quarter, game_time_seconds) VALUES (23, 3, 225, 10, 2, 556);
INSERT INTO match_events (match_id, team_id, person_id, event_type_id, quarter, game_time_seconds) VALUES (23, 5, 13, 6, 2, 525);
INSERT INTO match_events (match_id, team_id, person_id, event_type_id, quarter, game_time_seconds) VALUES (23, 5, 132, 11, 2, 160);
INSERT INTO match_events (match_id, team_id, person_id, event_type_id, quarter, game_time_seconds) VALUES (23, 3, 104, 8, 2, 371);
INSERT INTO match_events (match_id, team_id, person_id, event_type_id, quarter, game_time_seconds) VALUES (23, 3, 77, 10, 2, 374);
INSERT INTO match_events (match_id, team_id, person_id, event_type_id, quarter, game_time_seconds) VALUES (23, 3, 213, 6, 2, 64);
INSERT INTO match_events (match_id, team_id, person_id, event_type_id, quarter, game_time_seconds) VALUES (23, 5, 219, 4, 2, 54);
INSERT INTO match_events (match_id, team_id, person_id, event_type_id, quarter, game_time_seconds) VALUES (23, 5, 219, 7, 2, 203);
INSERT INTO match_events (match_id, team_id, person_id, event_type_id, quarter, game_time_seconds) VALUES (23, 3, 82, 10, 3, 414);
INSERT INTO match_events (match_id, team_id, person_id, event_type_id, quarter, game_time_seconds) VALUES (23, 3, 178, 9, 3, 67);
INSERT INTO match_events (match_id, team_id, person_id, event_type_id, quarter, game_time_seconds) VALUES (23, 3, 176, 2, 3, 86);
INSERT INTO match_events (match_id, team_id, person_id, event_type_id, quarter, game_time_seconds) VALUES (23, 5, 141, 11, 3, 111);
INSERT INTO match_events (match_id, team_id, person_id, event_type_id, quarter, game_time_seconds) VALUES (23, 3, 14, 7, 3, 322);
INSERT INTO match_events (match_id, team_id, person_id, event_type_id, quarter, game_time_seconds) VALUES (23, 3, 121, 10, 3, 175);
INSERT INTO match_events (match_id, team_id, person_id, event_type_id, quarter, game_time_seconds) VALUES (23, 3, 9, 8, 3, 423);
INSERT INTO match_events (match_id, team_id, person_id, event_type_id, quarter, game_time_seconds) VALUES (23, 5, 102, 7, 3, 379);
INSERT INTO match_events (match_id, team_id, person_id, event_type_id, quarter, game_time_seconds) VALUES (23, 3, 134, 10, 3, 224);
INSERT INTO match_events (match_id, team_id, person_id, event_type_id, quarter, game_time_seconds) VALUES (23, 5, 60, 3, 3, 462);
INSERT INTO match_events (match_id, team_id, person_id, event_type_id, quarter, game_time_seconds) VALUES (23, 3, 140, 3, 3, 305);
INSERT INTO match_events (match_id, team_id, person_id, event_type_id, quarter, game_time_seconds) VALUES (23, 5, 26, 7, 3, 46);
INSERT INTO match_events (match_id, team_id, person_id, event_type_id, quarter, game_time_seconds) VALUES (23, 3, 235, 10, 3, 278);
INSERT INTO match_events (match_id, team_id, person_id, event_type_id, quarter, game_time_seconds) VALUES (23, 5, 188, 3, 3, 364);
INSERT INTO match_events (match_id, team_id, person_id, event_type_id, quarter, game_time_seconds) VALUES (23, 5, 6, 7, 3, 591);
INSERT INTO match_events (match_id, team_id, person_id, event_type_id, quarter, game_time_seconds) VALUES (23, 5, 229, 8, 3, 502);
INSERT INTO match_events (match_id, team_id, person_id, event_type_id, quarter, game_time_seconds) VALUES (23, 5, 193, 2, 4, 234);
INSERT INTO match_events (match_id, team_id, person_id, event_type_id, quarter, game_time_seconds) VALUES (23, 3, 230, 2, 4, 483);
INSERT INTO match_events (match_id, team_id, person_id, event_type_id, quarter, game_time_seconds) VALUES (23, 5, 23, 4, 4, 24);
INSERT INTO match_events (match_id, team_id, person_id, event_type_id, quarter, game_time_seconds) VALUES (23, 3, 83, 3, 4, 259);
INSERT INTO match_events (match_id, team_id, person_id, event_type_id, quarter, game_time_seconds) VALUES (23, 3, 133, 3, 4, 275);
INSERT INTO match_events (match_id, team_id, person_id, event_type_id, quarter, game_time_seconds) VALUES (23, 3, 211, 11, 4, 170);
INSERT INTO match_events (match_id, team_id, person_id, event_type_id, quarter, game_time_seconds) VALUES (23, 5, 36, 11, 4, 46);
INSERT INTO match_events (match_id, team_id, person_id, event_type_id, quarter, game_time_seconds) VALUES (23, 3, 186, 4, 4, 494);
INSERT INTO match_events (match_id, team_id, person_id, event_type_id, quarter, game_time_seconds) VALUES (23, 5, 240, 11, 4, 305);
INSERT INTO match_events (match_id, team_id, person_id, event_type_id, quarter, game_time_seconds) VALUES (23, 3, 23, 2, 4, 226);
INSERT INTO match_events (match_id, team_id, person_id, event_type_id, quarter, game_time_seconds) VALUES (23, 3, 45, 9, 4, 424);
INSERT INTO match_events (match_id, team_id, person_id, event_type_id, quarter, game_time_seconds) VALUES (23, 3, 180, 3, 4, 542);
INSERT INTO match_events (match_id, team_id, person_id, event_type_id, quarter, game_time_seconds) VALUES (23, 5, 63, 3, 4, 327);
INSERT INTO match_events (match_id, team_id, person_id, event_type_id, quarter, game_time_seconds) VALUES (23, 3, 11, 2, 4, 72);
INSERT INTO match_events (match_id, team_id, person_id, event_type_id, quarter, game_time_seconds) VALUES (23, 3, 204, 3, 4, 476);
INSERT INTO match_events (match_id, team_id, person_id, event_type_id, quarter, game_time_seconds) VALUES (23, 3, 172, 5, 4, 104);
INSERT INTO matches (match_id, season_id, tournament_id, date, location, team1_id, team2_id, team1_score, team2_score) VALUES (24, 1, 1, '2025-04-16 18:00:00', 'Pool 2', 30, 7, 12, 4);
INSERT INTO match_referees (match_id, person_id, role) VALUES (24, 17, 'Referee');
INSERT INTO match_events (match_id, team_id, person_id, event_type_id, quarter, game_time_seconds) VALUES (24, 30, 97, 3, 1, 45);
INSERT INTO match_events (match_id, team_id, person_id, event_type_id, quarter, game_time_seconds) VALUES (24, 7, 123, 10, 1, 285);
INSERT INTO match_events (match_id, team_id, person_id, event_type_id, quarter, game_time_seconds) VALUES (24, 7, 103, 11, 1, 530);
INSERT INTO match_events (match_id, team_id, person_id, event_type_id, quarter, game_time_seconds) VALUES (24, 30, 12, 7, 1, 98);
INSERT INTO match_events (match_id, team_id, person_id, event_type_id, quarter, game_time_seconds) VALUES (24, 7, 145, 2, 1, 146);
INSERT INTO match_events (match_id, team_id, person_id, event_type_id, quarter, game_time_seconds) VALUES (24, 30, 199, 10, 1, 140);
INSERT INTO match_events (match_id, team_id, person_id, event_type_id, quarter, game_time_seconds) VALUES (24, 7, 28, 3, 1, 524);
INSERT INTO match_events (match_id, team_id, person_id, event_type_id, quarter, game_time_seconds) VALUES (24, 30, 94, 9, 1, 43);
INSERT INTO match_events (match_id, team_id, person_id, event_type_id, quarter, game_time_seconds) VALUES (24, 30, 215, 6, 1, 16);
INSERT INTO match_events (match_id, team_id, person_id, event_type_id, quarter, game_time_seconds) VALUES (24, 30, 34, 10, 1, 345);
INSERT INTO match_events (match_id, team_id, person_id, event_type_id, quarter, game_time_seconds) VALUES (24, 7, 39, 5, 1, 347);
INSERT INTO match_events (match_id, team_id, person_id, event_type_id, quarter, game_time_seconds) VALUES (24, 30, 211, 8, 1, 295);
INSERT INTO match_events (match_id, team_id, person_id, event_type_id, quarter, game_time_seconds) VALUES (24, 7, 217, 1, 1, 154);
INSERT INTO match_events (match_id, team_id, person_id, event_type_id, quarter, game_time_seconds) VALUES (24, 7, 12, 4, 1, 211);
INSERT INTO match_events (match_id, team_id, person_id, event_type_id, quarter, game_time_seconds) VALUES (24, 30, 125, 10, 1, 58);
INSERT INTO match_events (match_id, team_id, person_id, event_type_id, quarter, game_time_seconds) VALUES (24, 7, 114, 8, 1, 293);
INSERT INTO match_events (match_id, team_id, person_id, event_type_id, quarter, game_time_seconds) VALUES (24, 30, 131, 1, 1, 54);
INSERT INTO match_events (match_id, team_id, person_id, event_type_id, quarter, game_time_seconds) VALUES (24, 7, 53, 10, 2, 379);
INSERT INTO match_events (match_id, team_id, person_id, event_type_id, quarter, game_time_seconds) VALUES (24, 7, 6, 8, 2, 160);
INSERT INTO match_events (match_id, team_id, person_id, event_type_id, quarter, game_time_seconds) VALUES (24, 7, 79, 5, 2, 71);
INSERT INTO match_events (match_id, team_id, person_id, event_type_id, quarter, game_time_seconds) VALUES (24, 30, 67, 5, 2, 207);
INSERT INTO match_events (match_id, team_id, person_id, event_type_id, quarter, game_time_seconds) VALUES (24, 30, 81, 9, 2, 328);
INSERT INTO match_events (match_id, team_id, person_id, event_type_id, quarter, game_time_seconds) VALUES (24, 30, 35, 11, 2, 266);
INSERT INTO match_events (match_id, team_id, person_id, event_type_id, quarter, game_time_seconds) VALUES (24, 30, 8, 6, 2, 119);
INSERT INTO match_events (match_id, team_id, person_id, event_type_id, quarter, game_time_seconds) VALUES (24, 30, 201, 9, 2, 334);
INSERT INTO match_events (match_id, team_id, person_id, event_type_id, quarter, game_time_seconds) VALUES (24, 30, 96, 8, 2, 544);
INSERT INTO match_events (match_id, team_id, person_id, event_type_id, quarter, game_time_seconds) VALUES (24, 30, 235, 6, 2, 72);
INSERT INTO match_events (match_id, team_id, person_id, event_type_id, quarter, game_time_seconds) VALUES (24, 30, 77, 11, 2, 149);
INSERT INTO match_events (match_id, team_id, person_id, event_type_id, quarter, game_time_seconds) VALUES (24, 30, 142, 11, 2, 170);
INSERT INTO match_events (match_id, team_id, person_id, event_type_id, quarter, game_time_seconds) VALUES (24, 30, 157, 1, 2, 289);
INSERT INTO match_events (match_id, team_id, person_id, event_type_id, quarter, game_time_seconds) VALUES (24, 7, 207, 2, 2, 393);
INSERT INTO match_events (match_id, team_id, person_id, event_type_id, quarter, game_time_seconds) VALUES (24, 7, 240, 3, 2, 289);
INSERT INTO match_events (match_id, team_id, person_id, event_type_id, quarter, game_time_seconds) VALUES (24, 30, 238, 10, 2, 248);
INSERT INTO match_events (match_id, team_id, person_id, event_type_id, quarter, game_time_seconds) VALUES (24, 7, 104, 2, 2, 441);
INSERT INTO match_events (match_id, team_id, person_id, event_type_id, quarter, game_time_seconds) VALUES (24, 7, 14, 7, 3, 448);
INSERT INTO match_events (match_id, team_id, person_id, event_type_id, quarter, game_time_seconds) VALUES (24, 7, 17, 9, 3, 248);
INSERT INTO match_events (match_id, team_id, person_id, event_type_id, quarter, game_time_seconds) VALUES (24, 7, 249, 11, 3, 584);
INSERT INTO match_events (match_id, team_id, person_id, event_type_id, quarter, game_time_seconds) VALUES (24, 7, 84, 7, 3, 535);
INSERT INTO match_events (match_id, team_id, person_id, event_type_id, quarter, game_time_seconds) VALUES (24, 30, 9, 9, 3, 270);
INSERT INTO match_events (match_id, team_id, person_id, event_type_id, quarter, game_time_seconds) VALUES (24, 7, 87, 11, 3, 274);
INSERT INTO match_events (match_id, team_id, person_id, event_type_id, quarter, game_time_seconds) VALUES (24, 30, 131, 9, 3, 424);
INSERT INTO match_events (match_id, team_id, person_id, event_type_id, quarter, game_time_seconds) VALUES (24, 30, 79, 8, 3, 42);
INSERT INTO match_events (match_id, team_id, person_id, event_type_id, quarter, game_time_seconds) VALUES (24, 30, 132, 1, 3, 36);
INSERT INTO match_events (match_id, team_id, person_id, event_type_id, quarter, game_time_seconds) VALUES (24, 7, 156, 6, 3, 312);
INSERT INTO match_events (match_id, team_id, person_id, event_type_id, quarter, game_time_seconds) VALUES (24, 7, 54, 7, 3, 105);
INSERT INTO match_events (match_id, team_id, person_id, event_type_id, quarter, game_time_seconds) VALUES (24, 7, 125, 11, 3, 219);
INSERT INTO match_events (match_id, team_id, person_id, event_type_id, quarter, game_time_seconds) VALUES (24, 30, 177, 3, 3, 515);
INSERT INTO match_events (match_id, team_id, person_id, event_type_id, quarter, game_time_seconds) VALUES (24, 30, 158, 11, 3, 156);
INSERT INTO match_events (match_id, team_id, person_id, event_type_id, quarter, game_time_seconds) VALUES (24, 7, 220, 7, 3, 573);
INSERT INTO match_events (match_id, team_id, person_id, event_type_id, quarter, game_time_seconds) VALUES (24, 7, 157, 3, 3, 350);
INSERT INTO match_events (match_id, team_id, person_id, event_type_id, quarter, game_time_seconds) VALUES (24, 7, 135, 10, 3, 464);
INSERT INTO match_events (match_id, team_id, person_id, event_type_id, quarter, game_time_seconds) VALUES (24, 7, 190, 2, 4, 417);
INSERT INTO match_events (match_id, team_id, person_id, event_type_id, quarter, game_time_seconds) VALUES (24, 7, 47, 11, 4, 283);
INSERT INTO match_events (match_id, team_id, person_id, event_type_id, quarter, game_time_seconds) VALUES (24, 30, 223, 11, 4, 385);
INSERT INTO match_events (match_id, team_id, person_id, event_type_id, quarter, game_time_seconds) VALUES (24, 7, 167, 11, 4, 219);
INSERT INTO match_events (match_id, team_id, person_id, event_type_id, quarter, game_time_seconds) VALUES (24, 7, 188, 8, 4, 208);
INSERT INTO match_events (match_id, team_id, person_id, event_type_id, quarter, game_time_seconds) VALUES (24, 7, 193, 9, 4, 24);
INSERT INTO match_events (match_id, team_id, person_id, event_type_id, quarter, game_time_seconds) VALUES (24, 7, 101, 3, 4, 186);
INSERT INTO match_events (match_id, team_id, person_id, event_type_id, quarter, game_time_seconds) VALUES (24, 7, 142, 8, 4, 508);
INSERT INTO match_events (match_id, team_id, person_id, event_type_id, quarter, game_time_seconds) VALUES (24, 7, 66, 10, 4, 275);
INSERT INTO match_events (match_id, team_id, person_id, event_type_id, quarter, game_time_seconds) VALUES (24, 30, 167, 3, 4, 330);
INSERT INTO match_events (match_id, team_id, person_id, event_type_id, quarter, game_time_seconds) VALUES (24, 7, 115, 9, 4, 52);
INSERT INTO match_events (match_id, team_id, person_id, event_type_id, quarter, game_time_seconds) VALUES (24, 7, 224, 10, 4, 394);
INSERT INTO match_events (match_id, team_id, person_id, event_type_id, quarter, game_time_seconds) VALUES (24, 30, 41, 7, 4, 565);
INSERT INTO match_events (match_id, team_id, person_id, event_type_id, quarter, game_time_seconds) VALUES (24, 30, 39, 4, 4, 143);
INSERT INTO match_events (match_id, team_id, person_id, event_type_id, quarter, game_time_seconds) VALUES (24, 7, 44, 8, 4, 223);
INSERT INTO match_events (match_id, team_id, person_id, event_type_id, quarter, game_time_seconds) VALUES (24, 7, 183, 4, 4, 223);
INSERT INTO match_events (match_id, team_id, person_id, event_type_id, quarter, game_time_seconds) VALUES (24, 30, 244, 8, 4, 503);
INSERT INTO matches (match_id, season_id, tournament_id, date, location, team1_id, team2_id, team1_score, team2_score) VALUES (25, 1, 1, '2025-04-22 01:00:00', 'Pool 3', 28, 3, 7, 7);
INSERT INTO match_referees (match_id, person_id, role) VALUES (25, 49, 'Referee');
INSERT INTO match_events (match_id, team_id, person_id, event_type_id, quarter, game_time_seconds) VALUES (25, 3, 191, 7, 1, 592);
INSERT INTO match_events (match_id, team_id, person_id, event_type_id, quarter, game_time_seconds) VALUES (25, 3, 165, 1, 1, 545);
INSERT INTO match_events (match_id, team_id, person_id, event_type_id, quarter, game_time_seconds) VALUES (25, 28, 52, 8, 1, 545);
INSERT INTO match_events (match_id, team_id, person_id, event_type_id, quarter, game_time_seconds) VALUES (25, 28, 121, 6, 1, 272);
INSERT INTO match_events (match_id, team_id, person_id, event_type_id, quarter, game_time_seconds) VALUES (25, 3, 85, 1, 1, 39);
INSERT INTO match_events (match_id, team_id, person_id, event_type_id, quarter, game_time_seconds) VALUES (25, 3, 203, 1, 1, 495);
INSERT INTO match_events (match_id, team_id, person_id, event_type_id, quarter, game_time_seconds) VALUES (25, 28, 233, 1, 1, 562);
INSERT INTO match_events (match_id, team_id, person_id, event_type_id, quarter, game_time_seconds) VALUES (25, 28, 171, 9, 1, 132);
INSERT INTO match_events (match_id, team_id, person_id, event_type_id, quarter, game_time_seconds) VALUES (25, 3, 88, 8, 1, 248);
INSERT INTO match_events (match_id, team_id, person_id, event_type_id, quarter, game_time_seconds) VALUES (25, 3, 107, 10, 1, 226);
INSERT INTO match_events (match_id, team_id, person_id, event_type_id, quarter, game_time_seconds) VALUES (25, 28, 75, 6, 1, 136);
INSERT INTO match_events (match_id, team_id, person_id, event_type_id, quarter, game_time_seconds) VALUES (25, 3, 160, 3, 1, 543);
INSERT INTO match_events (match_id, team_id, person_id, event_type_id, quarter, game_time_seconds) VALUES (25, 3, 148, 9, 2, 145);
INSERT INTO match_events (match_id, team_id, person_id, event_type_id, quarter, game_time_seconds) VALUES (25, 28, 60, 6, 2, 301);
INSERT INTO match_events (match_id, team_id, person_id, event_type_id, quarter, game_time_seconds) VALUES (25, 28, 182, 11, 2, 598);
INSERT INTO match_events (match_id, team_id, person_id, event_type_id, quarter, game_time_seconds) VALUES (25, 3, 230, 7, 2, 160);
INSERT INTO match_events (match_id, team_id, person_id, event_type_id, quarter, game_time_seconds) VALUES (25, 3, 111, 11, 2, 317);
INSERT INTO match_events (match_id, team_id, person_id, event_type_id, quarter, game_time_seconds) VALUES (25, 28, 89, 9, 2, 19);
INSERT INTO match_events (match_id, team_id, person_id, event_type_id, quarter, game_time_seconds) VALUES (25, 28, 104, 2, 2, 581);
INSERT INTO match_events (match_id, team_id, person_id, event_type_id, quarter, game_time_seconds) VALUES (25, 3, 145, 10, 2, 233);
INSERT INTO match_events (match_id, team_id, person_id, event_type_id, quarter, game_time_seconds) VALUES (25, 3, 9, 10, 2, 166);
INSERT INTO match_events (match_id, team_id, person_id, event_type_id, quarter, game_time_seconds) VALUES (25, 3, 80, 9, 2, 596);
INSERT INTO match_events (match_id, team_id, person_id, event_type_id, quarter, game_time_seconds) VALUES (25, 28, 228, 9, 2, 379);
INSERT INTO match_events (match_id, team_id, person_id, event_type_id, quarter, game_time_seconds) VALUES (25, 3, 68, 8, 2, 478);
INSERT INTO match_events (match_id, team_id, person_id, event_type_id, quarter, game_time_seconds) VALUES (25, 28, 38, 5, 3, 325);
INSERT INTO match_events (match_id, team_id, person_id, event_type_id, quarter, game_time_seconds) VALUES (25, 3, 188, 11, 3, 334);
INSERT INTO match_events (match_id, team_id, person_id, event_type_id, quarter, game_time_seconds) VALUES (25, 28, 10, 7, 3, 163);
INSERT INTO match_events (match_id, team_id, person_id, event_type_id, quarter, game_time_seconds) VALUES (25, 28, 79, 11, 3, 137);
INSERT INTO match_events (match_id, team_id, person_id, event_type_id, quarter, game_time_seconds) VALUES (25, 3, 157, 11, 3, 482);
INSERT INTO match_events (match_id, team_id, person_id, event_type_id, quarter, game_time_seconds) VALUES (25, 28, 239, 4, 3, 198);
INSERT INTO match_events (match_id, team_id, person_id, event_type_id, quarter, game_time_seconds) VALUES (25, 3, 55, 3, 3, 16);
INSERT INTO match_events (match_id, team_id, person_id, event_type_id, quarter, game_time_seconds) VALUES (25, 28, 70, 5, 3, 304);
INSERT INTO match_events (match_id, team_id, person_id, event_type_id, quarter, game_time_seconds) VALUES (25, 3, 162, 4, 3, 168);
INSERT INTO match_events (match_id, team_id, person_id, event_type_id, quarter, game_time_seconds) VALUES (25, 28, 4, 1, 3, 204);
INSERT INTO match_events (match_id, team_id, person_id, event_type_id, quarter, game_time_seconds) VALUES (25, 3, 237, 8, 3, 269);
INSERT INTO match_events (match_id, team_id, person_id, event_type_id, quarter, game_time_seconds) VALUES (25, 28, 194, 1, 3, 542);
INSERT INTO match_events (match_id, team_id, person_id, event_type_id, quarter, game_time_seconds) VALUES (25, 3, 160, 10, 4, 9);
INSERT INTO match_events (match_id, team_id, person_id, event_type_id, quarter, game_time_seconds) VALUES (25, 3, 4, 9, 4, 13);
INSERT INTO match_events (match_id, team_id, person_id, event_type_id, quarter, game_time_seconds) VALUES (25, 28, 137, 10, 4, 81);
INSERT INTO match_events (match_id, team_id, person_id, event_type_id, quarter, game_time_seconds) VALUES (25, 28, 97, 1, 4, 584);
INSERT INTO match_events (match_id, team_id, person_id, event_type_id, quarter, game_time_seconds) VALUES (25, 3, 7, 6, 4, 186);
INSERT INTO match_events (match_id, team_id, person_id, event_type_id, quarter, game_time_seconds) VALUES (25, 28, 69, 6, 4, 5);
INSERT INTO match_events (match_id, team_id, person_id, event_type_id, quarter, game_time_seconds) VALUES (25, 3, 178, 4, 4, 341);
INSERT INTO match_events (match_id, team_id, person_id, event_type_id, quarter, game_time_seconds) VALUES (25, 28, 223, 3, 4, 128);
INSERT INTO match_events (match_id, team_id, person_id, event_type_id, quarter, game_time_seconds) VALUES (25, 3, 194, 8, 4, 58);
INSERT INTO match_events (match_id, team_id, person_id, event_type_id, quarter, game_time_seconds) VALUES (25, 28, 94, 7, 4, 210);
INSERT INTO match_events (match_id, team_id, person_id, event_type_id, quarter, game_time_seconds) VALUES (25, 28, 50, 6, 4, 211);
INSERT INTO match_events (match_id, team_id, person_id, event_type_id, quarter, game_time_seconds) VALUES (25, 3, 123, 7, 4, 79);
INSERT INTO lineups (match_id, team_id, person_id, quarter, in_pool) VALUES (9, 1, 134, 1, 1);
INSERT INTO lineups (match_id, team_id, person_id, quarter, in_pool) VALUES (23, 1, 20, 1, 1);
INSERT INTO lineups (match_id, team_id, person_id, quarter, in_pool) VALUES (6, 1, 202, 1, 1);
INSERT INTO lineups (match_id, team_id, person_id, quarter, in_pool) VALUES (1, 1, 236, 1, 1);
INSERT INTO lineups (match_id, team_id, person_id, quarter, in_pool) VALUES (2, 1, 140, 1, 1);
INSERT INTO lineups (match_id, team_id, person_id, quarter, in_pool) VALUES (10, 1, 174, 1, 1);
INSERT INTO lineups (match_id, team_id, person_id, quarter, in_pool) VALUES (16, 1, 16, 1, 1);
INSERT INTO lineups (match_id, team_id, person_id, quarter, in_pool) VALUES (12, 1, 26, 2, 1);
INSERT INTO lineups (match_id, team_id, person_id, quarter, in_pool) VALUES (8, 1, 176, 2, 1);
INSERT INTO lineups (match_id, team_id, person_id, quarter, in_pool) VALUES (11, 1, 247, 2, 1);
INSERT INTO lineups (match_id, team_id, person_id, quarter, in_pool) VALUES (23, 1, 200, 2, 1);
INSERT INTO lineups (match_id, team_id, person_id, quarter, in_pool) VALUES (14, 1, 16, 2, 1);
INSERT INTO lineups (match_id, team_id, person_id, quarter, in_pool) VALUES (13, 1, 27, 2, 1);
INSERT INTO lineups (match_id, team_id, person_id, quarter, in_pool) VALUES (19, 1, 229, 2, 1);
INSERT INTO lineups (match_id, team_id, person_id, quarter, in_pool) VALUES (13, 1, 169, 3, 1);
INSERT INTO lineups (match_id, team_id, person_id, quarter, in_pool) VALUES (23, 1, 84, 3, 1);
INSERT INTO lineups (match_id, team_id, person_id, quarter, in_pool) VALUES (25, 1, 157, 3, 1);
INSERT INTO lineups (match_id, team_id, person_id, quarter, in_pool) VALUES (20, 1, 136, 3, 1);
INSERT INTO lineups (match_id, team_id, person_id, quarter, in_pool) VALUES (22, 1, 228, 3, 1);
INSERT INTO lineups (match_id, team_id, person_id, quarter, in_pool) VALUES (12, 1, 148, 3, 1);
INSERT INTO lineups (match_id, team_id, person_id, quarter, in_pool) VALUES (14, 1, 94, 3, 1);
INSERT INTO lineups (match_id, team_id, person_id, quarter, in_pool) VALUES (23, 1, 85, 4, 1);
INSERT INTO lineups (match_id, team_id, person_id, quarter, in_pool) VALUES (20, 1, 66, 4, 1);
INSERT INTO lineups (match_id, team_id, person_id, quarter, in_pool) VALUES (13, 1, 97, 4, 1);
INSERT INTO lineups (match_id, team_id, person_id, quarter, in_pool) VALUES (10, 1, 9, 4, 1);
INSERT INTO lineups (match_id, team_id, person_id, quarter, in_pool) VALUES (24, 1, 122, 4, 1);
INSERT INTO lineups (match_id, team_id, person_id, quarter, in_pool) VALUES (19, 1, 86, 4, 1);
INSERT INTO lineups (match_id, team_id, person_id, quarter, in_pool) VALUES (13, 1, 242, 4, 1);
INSERT INTO lineups (match_id, team_id, person_id, quarter, in_pool) VALUES (16, 2, 202, 1, 1);
INSERT INTO lineups (match_id, team_id, person_id, quarter, in_pool) VALUES (12, 2, 59, 1, 1);
INSERT INTO lineups (match_id, team_id, person_id, quarter, in_pool) VALUES (3, 2, 140, 1, 1);
INSERT INTO lineups (match_id, team_id, person_id, quarter, in_pool) VALUES (15, 2, 93, 1, 1);
INSERT INTO lineups (match_id, team_id, person_id, quarter, in_pool) VALUES (17, 2, 174, 1, 1);
INSERT INTO lineups (match_id, team_id, person_id, quarter, in_pool) VALUES (14, 2, 230, 1, 1);
INSERT INTO lineups (match_id, team_id, person_id, quarter, in_pool) VALUES (10, 2, 14, 1, 1);
INSERT INTO lineups (match_id, team_id, person_id, quarter, in_pool) VALUES (25, 2, 159, 2, 1);
INSERT INTO lineups (match_id, team_id, person_id, quarter, in_pool) VALUES (3, 2, 217, 2, 1);
INSERT INTO lineups (match_id, team_id, person_id, quarter, in_pool) VALUES (16, 2, 11, 2, 1);
INSERT INTO lineups (match_id, team_id, person_id, quarter, in_pool) VALUES (10, 2, 36, 2, 1);
INSERT INTO lineups (match_id, team_id, person_id, quarter, in_pool) VALUES (22, 2, 110, 2, 1);
INSERT INTO lineups (match_id, team_id, person_id, quarter, in_pool) VALUES (8, 2, 231, 2, 1);
INSERT INTO lineups (match_id, team_id, person_id, quarter, in_pool) VALUES (1, 2, 153, 2, 1);
INSERT INTO lineups (match_id, team_id, person_id, quarter, in_pool) VALUES (9, 2, 250, 3, 1);
INSERT INTO lineups (match_id, team_id, person_id, quarter, in_pool) VALUES (10, 2, 34, 3, 1);
INSERT INTO lineups (match_id, team_id, person_id, quarter, in_pool) VALUES (12, 2, 9, 3, 1);
INSERT INTO lineups (match_id, team_id, person_id, quarter, in_pool) VALUES (8, 2, 221, 3, 1);
INSERT INTO lineups (match_id, team_id, person_id, quarter, in_pool) VALUES (5, 2, 77, 3, 1);
INSERT INTO lineups (match_id, team_id, person_id, quarter, in_pool) VALUES (8, 2, 229, 3, 1);
INSERT INTO lineups (match_id, team_id, person_id, quarter, in_pool) VALUES (25, 2, 106, 3, 1);
INSERT INTO lineups (match_id, team_id, person_id, quarter, in_pool) VALUES (18, 2, 78, 4, 1);
INSERT INTO lineups (match_id, team_id, person_id, quarter, in_pool) VALUES (17, 2, 75, 4, 1);
INSERT INTO lineups (match_id, team_id, person_id, quarter, in_pool) VALUES (15, 2, 174, 4, 1);
INSERT INTO lineups (match_id, team_id, person_id, quarter, in_pool) VALUES (9, 2, 4, 4, 1);
INSERT INTO lineups (match_id, team_id, person_id, quarter, in_pool) VALUES (20, 2, 35, 4, 1);
INSERT INTO lineups (match_id, team_id, person_id, quarter, in_pool) VALUES (11, 2, 165, 4, 1);
INSERT INTO lineups (match_id, team_id, person_id, quarter, in_pool) VALUES (21, 2, 8, 4, 1);
INSERT INTO lineups (match_id, team_id, person_id, quarter, in_pool) VALUES (13, 3, 150, 1, 1);
INSERT INTO lineups (match_id, team_id, person_id, quarter, in_pool) VALUES (23, 3, 88, 1, 1);
INSERT INTO lineups (match_id, team_id, person_id, quarter, in_pool) VALUES (6, 3, 45, 1, 1);
INSERT INTO lineups (match_id, team_id, person_id, quarter, in_pool) VALUES (15, 3, 3, 1, 1);
INSERT INTO lineups (match_id, team_id, person_id, quarter, in_pool) VALUES (21, 3, 175, 1, 1);
INSERT INTO lineups (match_id, team_id, person_id, quarter, in_pool) VALUES (8, 3, 37, 1, 1);
INSERT INTO lineups (match_id, team_id, person_id, quarter, in_pool) VALUES (20, 3, 185, 1, 1);
INSERT INTO lineups (match_id, team_id, person_id, quarter, in_pool) VALUES (19, 3, 139, 2, 1);
INSERT INTO lineups (match_id, team_id, person_id, quarter, in_pool) VALUES (19, 3, 144, 2, 1);
INSERT INTO lineups (match_id, team_id, person_id, quarter, in_pool) VALUES (20, 3, 185, 2, 1);
INSERT INTO lineups (match_id, team_id, person_id, quarter, in_pool) VALUES (11, 3, 210, 2, 1);
INSERT INTO lineups (match_id, team_id, person_id, quarter, in_pool) VALUES (1, 3, 70, 2, 1);
INSERT INTO lineups (match_id, team_id, person_id, quarter, in_pool) VALUES (10, 3, 43, 2, 1);
INSERT INTO lineups (match_id, team_id, person_id, quarter, in_pool) VALUES (20, 3, 96, 2, 1);
INSERT INTO lineups (match_id, team_id, person_id, quarter, in_pool) VALUES (23, 3, 240, 3, 1);
INSERT INTO lineups (match_id, team_id, person_id, quarter, in_pool) VALUES (8, 3, 244, 3, 1);
INSERT INTO lineups (match_id, team_id, person_id, quarter, in_pool) VALUES (17, 3, 133, 3, 1);
INSERT INTO lineups (match_id, team_id, person_id, quarter, in_pool) VALUES (6, 3, 195, 3, 1);
INSERT INTO lineups (match_id, team_id, person_id, quarter, in_pool) VALUES (14, 3, 139, 3, 1);
INSERT INTO lineups (match_id, team_id, person_id, quarter, in_pool) VALUES (1, 3, 89, 3, 1);
INSERT INTO lineups (match_id, team_id, person_id, quarter, in_pool) VALUES (5, 3, 69, 3, 1);
INSERT INTO lineups (match_id, team_id, person_id, quarter, in_pool) VALUES (23, 3, 225, 4, 1);
INSERT INTO lineups (match_id, team_id, person_id, quarter, in_pool) VALUES (20, 3, 173, 4, 1);
INSERT INTO lineups (match_id, team_id, person_id, quarter, in_pool) VALUES (8, 3, 87, 4, 1);
INSERT INTO lineups (match_id, team_id, person_id, quarter, in_pool) VALUES (15, 3, 128, 4, 1);
INSERT INTO lineups (match_id, team_id, person_id, quarter, in_pool) VALUES (22, 3, 129, 4, 1);
INSERT INTO lineups (match_id, team_id, person_id, quarter, in_pool) VALUES (22, 3, 71, 4, 1);
INSERT INTO lineups (match_id, team_id, person_id, quarter, in_pool) VALUES (22, 3, 114, 4, 1);
INSERT INTO lineups (match_id, team_id, person_id, quarter, in_pool) VALUES (25, 4, 27, 1, 1);
INSERT INTO lineups (match_id, team_id, person_id, quarter, in_pool) VALUES (8, 4, 205, 1, 1);
INSERT INTO lineups (match_id, team_id, person_id, quarter, in_pool) VALUES (13, 4, 78, 1, 1);
INSERT INTO lineups (match_id, team_id, person_id, quarter, in_pool) VALUES (21, 4, 50, 1, 1);
INSERT INTO lineups (match_id, team_id, person_id, quarter, in_pool) VALUES (23, 4, 68, 1, 1);
INSERT INTO lineups (match_id, team_id, person_id, quarter, in_pool) VALUES (21, 4, 138, 1, 1);
INSERT INTO lineups (match_id, team_id, person_id, quarter, in_pool) VALUES (23, 4, 44, 1, 1);
INSERT INTO lineups (match_id, team_id, person_id, quarter, in_pool) VALUES (8, 4, 243, 2, 1);
INSERT INTO lineups (match_id, team_id, person_id, quarter, in_pool) VALUES (16, 4, 86, 2, 1);
INSERT INTO lineups (match_id, team_id, person_id, quarter, in_pool) VALUES (17, 4, 57, 2, 1);
INSERT INTO lineups (match_id, team_id, person_id, quarter, in_pool) VALUES (8, 4, 197, 2, 1);
INSERT INTO lineups (match_id, team_id, person_id, quarter, in_pool) VALUES (22, 4, 131, 2, 1);
INSERT INTO lineups (match_id, team_id, person_id, quarter, in_pool) VALUES (3, 4, 47, 2, 1);
INSERT INTO lineups (match_id, team_id, person_id, quarter, in_pool) VALUES (8, 4, 71, 2, 1);
INSERT INTO lineups (match_id, team_id, person_id, quarter, in_pool) VALUES (25, 4, 150, 3, 1);
INSERT INTO lineups (match_id, team_id, person_id, quarter, in_pool) VALUES (19, 4, 247, 3, 1);
INSERT INTO lineups (match_id, team_id, person_id, quarter, in_pool) VALUES (21, 4, 244, 3, 1);
INSERT INTO lineups (match_id, team_id, person_id, quarter, in_pool) VALUES (1, 4, 164, 3, 1);
INSERT INTO lineups (match_id, team_id, person_id, quarter, in_pool) VALUES (13, 4, 57, 3, 1);
INSERT INTO lineups (match_id, team_id, person_id, quarter, in_pool) VALUES (9, 4, 192, 3, 1);
INSERT INTO lineups (match_id, team_id, person_id, quarter, in_pool) VALUES (8, 4, 60, 3, 1);
INSERT INTO lineups (match_id, team_id, person_id, quarter, in_pool) VALUES (6, 4, 7, 4, 1);
INSERT INTO lineups (match_id, team_id, person_id, quarter, in_pool) VALUES (12, 4, 107, 4, 1);
INSERT INTO lineups (match_id, team_id, person_id, quarter, in_pool) VALUES (19, 4, 130, 4, 1);
INSERT INTO lineups (match_id, team_id, person_id, quarter, in_pool) VALUES (7, 4, 170, 4, 1);
INSERT INTO lineups (match_id, team_id, person_id, quarter, in_pool) VALUES (9, 4, 141, 4, 1);
INSERT INTO lineups (match_id, team_id, person_id, quarter, in_pool) VALUES (17, 4, 126, 4, 1);
INSERT INTO lineups (match_id, team_id, person_id, quarter, in_pool) VALUES (25, 4, 121, 4, 1);
INSERT INTO lineups (match_id, team_id, person_id, quarter, in_pool) VALUES (22, 5, 167, 1, 1);
INSERT INTO lineups (match_id, team_id, person_id, quarter, in_pool) VALUES (14, 5, 231, 1, 1);
INSERT INTO lineups (match_id, team_id, person_id, quarter, in_pool) VALUES (12, 5, 151, 1, 1);
INSERT INTO lineups (match_id, team_id, person_id, quarter, in_pool) VALUES (4, 5, 179, 1, 1);
INSERT INTO lineups (match_id, team_id, person_id, quarter, in_pool) VALUES (24, 5, 127, 1, 1);
INSERT INTO lineups (match_id, team_id, person_id, quarter, in_pool) VALUES (24, 5, 56, 1, 1);
INSERT INTO lineups (match_id, team_id, person_id, quarter, in_pool) VALUES (7, 5, 25, 1, 1);
INSERT INTO lineups (match_id, team_id, person_id, quarter, in_pool) VALUES (5, 5, 105, 2, 1);
INSERT INTO lineups (match_id, team_id, person_id, quarter, in_pool) VALUES (17, 5, 219, 2, 1);
INSERT INTO lineups (match_id, team_id, person_id, quarter, in_pool) VALUES (14, 5, 215, 2, 1);
INSERT INTO lineups (match_id, team_id, person_id, quarter, in_pool) VALUES (18, 5, 184, 2, 1);
INSERT INTO lineups (match_id, team_id, person_id, quarter, in_pool) VALUES (10, 5, 131, 2, 1);
INSERT INTO lineups (match_id, team_id, person_id, quarter, in_pool) VALUES (17, 5, 98, 2, 1);
INSERT INTO lineups (match_id, team_id, person_id, quarter, in_pool) VALUES (23, 5, 69, 2, 1);
INSERT INTO lineups (match_id, team_id, person_id, quarter, in_pool) VALUES (19, 5, 69, 3, 1);
INSERT INTO lineups (match_id, team_id, person_id, quarter, in_pool) VALUES (23, 5, 174, 3, 1);
INSERT INTO lineups (match_id, team_id, person_id, quarter, in_pool) VALUES (22, 5, 203, 3, 1);
INSERT INTO lineups (match_id, team_id, person_id, quarter, in_pool) VALUES (4, 5, 43, 3, 1);
INSERT INTO lineups (match_id, team_id, person_id, quarter, in_pool) VALUES (6, 5, 31, 3, 1);
INSERT INTO lineups (match_id, team_id, person_id, quarter, in_pool) VALUES (23, 5, 201, 3, 1);
INSERT INTO lineups (match_id, team_id, person_id, quarter, in_pool) VALUES (2, 5, 173, 3, 1);
INSERT INTO lineups (match_id, team_id, person_id, quarter, in_pool) VALUES (4, 5, 159, 4, 1);
INSERT INTO lineups (match_id, team_id, person_id, quarter, in_pool) VALUES (14, 5, 130, 4, 1);
INSERT INTO lineups (match_id, team_id, person_id, quarter, in_pool) VALUES (3, 5, 205, 4, 1);
INSERT INTO lineups (match_id, team_id, person_id, quarter, in_pool) VALUES (3, 5, 71, 4, 1);
INSERT INTO lineups (match_id, team_id, person_id, quarter, in_pool) VALUES (20, 5, 41, 4, 1);
INSERT INTO lineups (match_id, team_id, person_id, quarter, in_pool) VALUES (7, 5, 88, 4, 1);
INSERT INTO lineups (match_id, team_id, person_id, quarter, in_pool) VALUES (19, 5, 26, 4, 1);
INSERT INTO lineups (match_id, team_id, person_id, quarter, in_pool) VALUES (14, 6, 212, 1, 1);
INSERT INTO lineups (match_id, team_id, person_id, quarter, in_pool) VALUES (13, 6, 170, 1, 1);
INSERT INTO lineups (match_id, team_id, person_id, quarter, in_pool) VALUES (10, 6, 56, 1, 1);
INSERT INTO lineups (match_id, team_id, person_id, quarter, in_pool) VALUES (4, 6, 165, 1, 1);
INSERT INTO lineups (match_id, team_id, person_id, quarter, in_pool) VALUES (8, 6, 6, 1, 1);
INSERT INTO lineups (match_id, team_id, person_id, quarter, in_pool) VALUES (11, 6, 214, 1, 1);
INSERT INTO lineups (match_id, team_id, person_id, quarter, in_pool) VALUES (17, 6, 243, 1, 1);
INSERT INTO lineups (match_id, team_id, person_id, quarter, in_pool) VALUES (2, 6, 204, 2, 1);
INSERT INTO lineups (match_id, team_id, person_id, quarter, in_pool) VALUES (8, 6, 15, 2, 1);
INSERT INTO lineups (match_id, team_id, person_id, quarter, in_pool) VALUES (21, 6, 229, 2, 1);
INSERT INTO lineups (match_id, team_id, person_id, quarter, in_pool) VALUES (25, 6, 11, 2, 1);
INSERT INTO lineups (match_id, team_id, person_id, quarter, in_pool) VALUES (11, 6, 49, 2, 1);
INSERT INTO lineups (match_id, team_id, person_id, quarter, in_pool) VALUES (22, 6, 40, 2, 1);
INSERT INTO lineups (match_id, team_id, person_id, quarter, in_pool) VALUES (2, 6, 149, 2, 1);
INSERT INTO lineups (match_id, team_id, person_id, quarter, in_pool) VALUES (18, 6, 173, 3, 1);
INSERT INTO lineups (match_id, team_id, person_id, quarter, in_pool) VALUES (8, 6, 139, 3, 1);
INSERT INTO lineups (match_id, team_id, person_id, quarter, in_pool) VALUES (13, 6, 234, 3, 1);
INSERT INTO lineups (match_id, team_id, person_id, quarter, in_pool) VALUES (17, 6, 68, 3, 1);
INSERT INTO lineups (match_id, team_id, person_id, quarter, in_pool) VALUES (12, 6, 118, 3, 1);
INSERT INTO lineups (match_id, team_id, person_id, quarter, in_pool) VALUES (3, 6, 209, 3, 1);
INSERT INTO lineups (match_id, team_id, person_id, quarter, in_pool) VALUES (2, 6, 195, 3, 1);
INSERT INTO lineups (match_id, team_id, person_id, quarter, in_pool) VALUES (14, 6, 54, 4, 1);
INSERT INTO lineups (match_id, team_id, person_id, quarter, in_pool) VALUES (17, 6, 138, 4, 1);
INSERT INTO lineups (match_id, team_id, person_id, quarter, in_pool) VALUES (10, 6, 139, 4, 1);
INSERT INTO lineups (match_id, team_id, person_id, quarter, in_pool) VALUES (13, 6, 87, 4, 1);
INSERT INTO lineups (match_id, team_id, person_id, quarter, in_pool) VALUES (8, 6, 201, 4, 1);
INSERT INTO lineups (match_id, team_id, person_id, quarter, in_pool) VALUES (1, 6, 78, 4, 1);
INSERT INTO lineups (match_id, team_id, person_id, quarter, in_pool) VALUES (16, 6, 143, 4, 1);
INSERT INTO lineups (match_id, team_id, person_id, quarter, in_pool) VALUES (16, 7, 236, 1, 1);
INSERT INTO lineups (match_id, team_id, person_id, quarter, in_pool) VALUES (23, 7, 221, 1, 1);
INSERT INTO lineups (match_id, team_id, person_id, quarter, in_pool) VALUES (3, 7, 143, 1, 1);
INSERT INTO lineups (match_id, team_id, person_id, quarter, in_pool) VALUES (4, 7, 178, 1, 1);
INSERT INTO lineups (match_id, team_id, person_id, quarter, in_pool) VALUES (23, 7, 152, 1, 1);
INSERT INTO lineups (match_id, team_id, person_id, quarter, in_pool) VALUES (5, 7, 120, 1, 1);
INSERT INTO lineups (match_id, team_id, person_id, quarter, in_pool) VALUES (23, 7, 118, 1, 1);
INSERT INTO lineups (match_id, team_id, person_id, quarter, in_pool) VALUES (11, 7, 9, 2, 1);
INSERT INTO lineups (match_id, team_id, person_id, quarter, in_pool) VALUES (5, 7, 36, 2, 1);
INSERT INTO lineups (match_id, team_id, person_id, quarter, in_pool) VALUES (20, 7, 93, 2, 1);
INSERT INTO lineups (match_id, team_id, person_id, quarter, in_pool) VALUES (9, 7, 119, 2, 1);
INSERT INTO lineups (match_id, team_id, person_id, quarter, in_pool) VALUES (2, 7, 22, 2, 1);
INSERT INTO lineups (match_id, team_id, person_id, quarter, in_pool) VALUES (18, 7, 87, 2, 1);
INSERT INTO lineups (match_id, team_id, person_id, quarter, in_pool) VALUES (10, 7, 210, 2, 1);
INSERT INTO lineups (match_id, team_id, person_id, quarter, in_pool) VALUES (2, 7, 166, 3, 1);
INSERT INTO lineups (match_id, team_id, person_id, quarter, in_pool) VALUES (23, 7, 23, 3, 1);
INSERT INTO lineups (match_id, team_id, person_id, quarter, in_pool) VALUES (11, 7, 61, 3, 1);
INSERT INTO lineups (match_id, team_id, person_id, quarter, in_pool) VALUES (9, 7, 57, 3, 1);
INSERT INTO lineups (match_id, team_id, person_id, quarter, in_pool) VALUES (11, 7, 28, 3, 1);
INSERT INTO lineups (match_id, team_id, person_id, quarter, in_pool) VALUES (3, 7, 157, 3, 1);
INSERT INTO lineups (match_id, team_id, person_id, quarter, in_pool) VALUES (15, 7, 210, 3, 1);
INSERT INTO lineups (match_id, team_id, person_id, quarter, in_pool) VALUES (7, 7, 161, 4, 1);
INSERT INTO lineups (match_id, team_id, person_id, quarter, in_pool) VALUES (10, 7, 99, 4, 1);
INSERT INTO lineups (match_id, team_id, person_id, quarter, in_pool) VALUES (13, 7, 109, 4, 1);
INSERT INTO lineups (match_id, team_id, person_id, quarter, in_pool) VALUES (15, 7, 128, 4, 1);
INSERT INTO lineups (match_id, team_id, person_id, quarter, in_pool) VALUES (4, 7, 24, 4, 1);
INSERT INTO lineups (match_id, team_id, person_id, quarter, in_pool) VALUES (23, 7, 242, 4, 1);
INSERT INTO lineups (match_id, team_id, person_id, quarter, in_pool) VALUES (23, 7, 193, 4, 1);
INSERT INTO lineups (match_id, team_id, person_id, quarter, in_pool) VALUES (14, 8, 110, 1, 1);
INSERT INTO lineups (match_id, team_id, person_id, quarter, in_pool) VALUES (25, 8, 164, 1, 1);
INSERT INTO lineups (match_id, team_id, person_id, quarter, in_pool) VALUES (19, 8, 117, 1, 1);
INSERT INTO lineups (match_id, team_id, person_id, quarter, in_pool) VALUES (2, 8, 237, 1, 1);
INSERT INTO lineups (match_id, team_id, person_id, quarter, in_pool) VALUES (15, 8, 219, 1, 1);
INSERT INTO lineups (match_id, team_id, person_id, quarter, in_pool) VALUES (13, 8, 35, 1, 1);
INSERT INTO lineups (match_id, team_id, person_id, quarter, in_pool) VALUES (22, 8, 240, 1, 1);
INSERT INTO lineups (match_id, team_id, person_id, quarter, in_pool) VALUES (4, 8, 84, 2, 1);
INSERT INTO lineups (match_id, team_id, person_id, quarter, in_pool) VALUES (11, 8, 189, 2, 1);
INSERT INTO lineups (match_id, team_id, person_id, quarter, in_pool) VALUES (17, 8, 45, 2, 1);
INSERT INTO lineups (match_id, team_id, person_id, quarter, in_pool) VALUES (17, 8, 162, 2, 1);
INSERT INTO lineups (match_id, team_id, person_id, quarter, in_pool) VALUES (18, 8, 245, 2, 1);
INSERT INTO lineups (match_id, team_id, person_id, quarter, in_pool) VALUES (15, 8, 242, 2, 1);
INSERT INTO lineups (match_id, team_id, person_id, quarter, in_pool) VALUES (10, 8, 29, 2, 1);
INSERT INTO lineups (match_id, team_id, person_id, quarter, in_pool) VALUES (25, 8, 161, 3, 1);
INSERT INTO lineups (match_id, team_id, person_id, quarter, in_pool) VALUES (7, 8, 241, 3, 1);
INSERT INTO lineups (match_id, team_id, person_id, quarter, in_pool) VALUES (17, 8, 118, 3, 1);
INSERT INTO lineups (match_id, team_id, person_id, quarter, in_pool) VALUES (13, 8, 231, 3, 1);
INSERT INTO lineups (match_id, team_id, person_id, quarter, in_pool) VALUES (21, 8, 152, 3, 1);
INSERT INTO lineups (match_id, team_id, person_id, quarter, in_pool) VALUES (18, 8, 68, 3, 1);
INSERT INTO lineups (match_id, team_id, person_id, quarter, in_pool) VALUES (24, 8, 186, 3, 1);
INSERT INTO lineups (match_id, team_id, person_id, quarter, in_pool) VALUES (17, 8, 198, 4, 1);
INSERT INTO lineups (match_id, team_id, person_id, quarter, in_pool) VALUES (16, 8, 9, 4, 1);
INSERT INTO lineups (match_id, team_id, person_id, quarter, in_pool) VALUES (8, 8, 77, 4, 1);
INSERT INTO lineups (match_id, team_id, person_id, quarter, in_pool) VALUES (18, 8, 37, 4, 1);
INSERT INTO lineups (match_id, team_id, person_id, quarter, in_pool) VALUES (21, 8, 128, 4, 1);
INSERT INTO lineups (match_id, team_id, person_id, quarter, in_pool) VALUES (1, 8, 30, 4, 1);
INSERT INTO lineups (match_id, team_id, person_id, quarter, in_pool) VALUES (4, 8, 165, 4, 1);
INSERT INTO lineups (match_id, team_id, person_id, quarter, in_pool) VALUES (9, 9, 132, 1, 1);
INSERT INTO lineups (match_id, team_id, person_id, quarter, in_pool) VALUES (5, 9, 226, 1, 1);
INSERT INTO lineups (match_id, team_id, person_id, quarter, in_pool) VALUES (11, 9, 112, 1, 1);
INSERT INTO lineups (match_id, team_id, person_id, quarter, in_pool) VALUES (11, 9, 167, 1, 1);
INSERT INTO lineups (match_id, team_id, person_id, quarter, in_pool) VALUES (3, 9, 3, 1, 1);
INSERT INTO lineups (match_id, team_id, person_id, quarter, in_pool) VALUES (4, 9, 19, 1, 1);
INSERT INTO lineups (match_id, team_id, person_id, quarter, in_pool) VALUES (2, 9, 100, 1, 1);
INSERT INTO lineups (match_id, team_id, person_id, quarter, in_pool) VALUES (8, 9, 148, 2, 1);
INSERT INTO lineups (match_id, team_id, person_id, quarter, in_pool) VALUES (20, 9, 98, 2, 1);
INSERT INTO lineups (match_id, team_id, person_id, quarter, in_pool) VALUES (17, 9, 235, 2, 1);
INSERT INTO lineups (match_id, team_id, person_id, quarter, in_pool) VALUES (5, 9, 139, 2, 1);
INSERT INTO lineups (match_id, team_id, person_id, quarter, in_pool) VALUES (24, 9, 179, 2, 1);
INSERT INTO lineups (match_id, team_id, person_id, quarter, in_pool) VALUES (8, 9, 42, 2, 1);
INSERT INTO lineups (match_id, team_id, person_id, quarter, in_pool) VALUES (6, 9, 155, 2, 1);
INSERT INTO lineups (match_id, team_id, person_id, quarter, in_pool) VALUES (3, 9, 241, 3, 1);
INSERT INTO lineups (match_id, team_id, person_id, quarter, in_pool) VALUES (10, 9, 168, 3, 1);
INSERT INTO lineups (match_id, team_id, person_id, quarter, in_pool) VALUES (3, 9, 148, 3, 1);
INSERT INTO lineups (match_id, team_id, person_id, quarter, in_pool) VALUES (14, 9, 244, 3, 1);
INSERT INTO lineups (match_id, team_id, person_id, quarter, in_pool) VALUES (15, 9, 177, 3, 1);
INSERT INTO lineups (match_id, team_id, person_id, quarter, in_pool) VALUES (14, 9, 12, 3, 1);
INSERT INTO lineups (match_id, team_id, person_id, quarter, in_pool) VALUES (5, 9, 82, 3, 1);
INSERT INTO lineups (match_id, team_id, person_id, quarter, in_pool) VALUES (4, 9, 185, 4, 1);
INSERT INTO lineups (match_id, team_id, person_id, quarter, in_pool) VALUES (5, 9, 85, 4, 1);
INSERT INTO lineups (match_id, team_id, person_id, quarter, in_pool) VALUES (6, 9, 28, 4, 1);
INSERT INTO lineups (match_id, team_id, person_id, quarter, in_pool) VALUES (14, 9, 134, 4, 1);
INSERT INTO lineups (match_id, team_id, person_id, quarter, in_pool) VALUES (6, 9, 203, 4, 1);
INSERT INTO lineups (match_id, team_id, person_id, quarter, in_pool) VALUES (13, 9, 245, 4, 1);
INSERT INTO lineups (match_id, team_id, person_id, quarter, in_pool) VALUES (9, 9, 10, 4, 1);
INSERT INTO lineups (match_id, team_id, person_id, quarter, in_pool) VALUES (23, 10, 152, 1, 1);
INSERT INTO lineups (match_id, team_id, person_id, quarter, in_pool) VALUES (11, 10, 207, 1, 1);
INSERT INTO lineups (match_id, team_id, person_id, quarter, in_pool) VALUES (24, 10, 71, 1, 1);
INSERT INTO lineups (match_id, team_id, person_id, quarter, in_pool) VALUES (11, 10, 178, 1, 1);
INSERT INTO lineups (match_id, team_id, person_id, quarter, in_pool) VALUES (11, 10, 88, 1, 1);
INSERT INTO lineups (match_id, team_id, person_id, quarter, in_pool) VALUES (9, 10, 119, 1, 1);
INSERT INTO lineups (match_id, team_id, person_id, quarter, in_pool) VALUES (25, 10, 16, 1, 1);
INSERT INTO lineups (match_id, team_id, person_id, quarter, in_pool) VALUES (22, 10, 148, 2, 1);
INSERT INTO lineups (match_id, team_id, person_id, quarter, in_pool) VALUES (16, 10, 45, 2, 1);
INSERT INTO lineups (match_id, team_id, person_id, quarter, in_pool) VALUES (15, 10, 72, 2, 1);
INSERT INTO lineups (match_id, team_id, person_id, quarter, in_pool) VALUES (12, 10, 14, 2, 1);
INSERT INTO lineups (match_id, team_id, person_id, quarter, in_pool) VALUES (20, 10, 128, 2, 1);
INSERT INTO lineups (match_id, team_id, person_id, quarter, in_pool) VALUES (10, 10, 11, 2, 1);
INSERT INTO lineups (match_id, team_id, person_id, quarter, in_pool) VALUES (1, 10, 39, 2, 1);
INSERT INTO lineups (match_id, team_id, person_id, quarter, in_pool) VALUES (18, 10, 167, 3, 1);
INSERT INTO lineups (match_id, team_id, person_id, quarter, in_pool) VALUES (11, 10, 87, 3, 1);
INSERT INTO lineups (match_id, team_id, person_id, quarter, in_pool) VALUES (14, 10, 205, 3, 1);
INSERT INTO lineups (match_id, team_id, person_id, quarter, in_pool) VALUES (23, 10, 112, 3, 1);
INSERT INTO lineups (match_id, team_id, person_id, quarter, in_pool) VALUES (16, 10, 222, 3, 1);
INSERT INTO lineups (match_id, team_id, person_id, quarter, in_pool) VALUES (13, 10, 215, 3, 1);
INSERT INTO lineups (match_id, team_id, person_id, quarter, in_pool) VALUES (18, 10, 133, 3, 1);
INSERT INTO lineups (match_id, team_id, person_id, quarter, in_pool) VALUES (1, 10, 16, 4, 1);
INSERT INTO lineups (match_id, team_id, person_id, quarter, in_pool) VALUES (16, 10, 49, 4, 1);
INSERT INTO lineups (match_id, team_id, person_id, quarter, in_pool) VALUES (1, 10, 226, 4, 1);
INSERT INTO lineups (match_id, team_id, person_id, quarter, in_pool) VALUES (24, 10, 57, 4, 1);
INSERT INTO lineups (match_id, team_id, person_id, quarter, in_pool) VALUES (12, 10, 205, 4, 1);
INSERT INTO lineups (match_id, team_id, person_id, quarter, in_pool) VALUES (15, 10, 158, 4, 1);
INSERT INTO lineups (match_id, team_id, person_id, quarter, in_pool) VALUES (12, 10, 241, 4, 1);
INSERT INTO lineups (match_id, team_id, person_id, quarter, in_pool) VALUES (18, 11, 193, 1, 1);
INSERT INTO lineups (match_id, team_id, person_id, quarter, in_pool) VALUES (12, 11, 129, 1, 1);
INSERT INTO lineups (match_id, team_id, person_id, quarter, in_pool) VALUES (20, 11, 5, 1, 1);
INSERT INTO lineups (match_id, team_id, person_id, quarter, in_pool) VALUES (1, 11, 68, 1, 1);
INSERT INTO lineups (match_id, team_id, person_id, quarter, in_pool) VALUES (24, 11, 83, 1, 1);
INSERT INTO lineups (match_id, team_id, person_id, quarter, in_pool) VALUES (16, 11, 94, 1, 1);
INSERT INTO lineups (match_id, team_id, person_id, quarter, in_pool) VALUES (13, 11, 222, 1, 1);
INSERT INTO lineups (match_id, team_id, person_id, quarter, in_pool) VALUES (24, 11, 160, 2, 1);
INSERT INTO lineups (match_id, team_id, person_id, quarter, in_pool) VALUES (8, 11, 174, 2, 1);
INSERT INTO lineups (match_id, team_id, person_id, quarter, in_pool) VALUES (11, 11, 36, 2, 1);
INSERT INTO lineups (match_id, team_id, person_id, quarter, in_pool) VALUES (3, 11, 17, 2, 1);
INSERT INTO lineups (match_id, team_id, person_id, quarter, in_pool) VALUES (17, 11, 230, 2, 1);
INSERT INTO lineups (match_id, team_id, person_id, quarter, in_pool) VALUES (22, 11, 103, 2, 1);
INSERT INTO lineups (match_id, team_id, person_id, quarter, in_pool) VALUES (6, 11, 158, 2, 1);
INSERT INTO lineups (match_id, team_id, person_id, quarter, in_pool) VALUES (25, 11, 94, 3, 1);
INSERT INTO lineups (match_id, team_id, person_id, quarter, in_pool) VALUES (21, 11, 50, 3, 1);
INSERT INTO lineups (match_id, team_id, person_id, quarter, in_pool) VALUES (12, 11, 135, 3, 1);
INSERT INTO lineups (match_id, team_id, person_id, quarter, in_pool) VALUES (21, 11, 102, 3, 1);
INSERT INTO lineups (match_id, team_id, person_id, quarter, in_pool) VALUES (18, 11, 109, 3, 1);
INSERT INTO lineups (match_id, team_id, person_id, quarter, in_pool) VALUES (9, 11, 167, 3, 1);
INSERT INTO lineups (match_id, team_id, person_id, quarter, in_pool) VALUES (10, 11, 49, 3, 1);
INSERT INTO lineups (match_id, team_id, person_id, quarter, in_pool) VALUES (18, 11, 217, 4, 1);
INSERT INTO lineups (match_id, team_id, person_id, quarter, in_pool) VALUES (13, 11, 31, 4, 1);
INSERT INTO lineups (match_id, team_id, person_id, quarter, in_pool) VALUES (25, 11, 235, 4, 1);
INSERT INTO lineups (match_id, team_id, person_id, quarter, in_pool) VALUES (13, 11, 249, 4, 1);
INSERT INTO lineups (match_id, team_id, person_id, quarter, in_pool) VALUES (22, 11, 187, 4, 1);
INSERT INTO lineups (match_id, team_id, person_id, quarter, in_pool) VALUES (5, 11, 11, 4, 1);
INSERT INTO lineups (match_id, team_id, person_id, quarter, in_pool) VALUES (9, 11, 91, 4, 1);
INSERT INTO lineups (match_id, team_id, person_id, quarter, in_pool) VALUES (24, 12, 174, 1, 1);
INSERT INTO lineups (match_id, team_id, person_id, quarter, in_pool) VALUES (25, 12, 88, 1, 1);
INSERT INTO lineups (match_id, team_id, person_id, quarter, in_pool) VALUES (19, 12, 25, 1, 1);
INSERT INTO lineups (match_id, team_id, person_id, quarter, in_pool) VALUES (13, 12, 189, 1, 1);
INSERT INTO lineups (match_id, team_id, person_id, quarter, in_pool) VALUES (13, 12, 225, 1, 1);
INSERT INTO lineups (match_id, team_id, person_id, quarter, in_pool) VALUES (4, 12, 233, 1, 1);
INSERT INTO lineups (match_id, team_id, person_id, quarter, in_pool) VALUES (23, 12, 188, 1, 1);
INSERT INTO lineups (match_id, team_id, person_id, quarter, in_pool) VALUES (16, 12, 98, 2, 1);
INSERT INTO lineups (match_id, team_id, person_id, quarter, in_pool) VALUES (22, 12, 100, 2, 1);
INSERT INTO lineups (match_id, team_id, person_id, quarter, in_pool) VALUES (11, 12, 77, 2, 1);
INSERT INTO lineups (match_id, team_id, person_id, quarter, in_pool) VALUES (17, 12, 176, 2, 1);
INSERT INTO lineups (match_id, team_id, person_id, quarter, in_pool) VALUES (2, 12, 240, 2, 1);
INSERT INTO lineups (match_id, team_id, person_id, quarter, in_pool) VALUES (8, 12, 159, 2, 1);
INSERT INTO lineups (match_id, team_id, person_id, quarter, in_pool) VALUES (21, 12, 245, 2, 1);
INSERT INTO lineups (match_id, team_id, person_id, quarter, in_pool) VALUES (12, 12, 20, 3, 1);
INSERT INTO lineups (match_id, team_id, person_id, quarter, in_pool) VALUES (6, 12, 245, 3, 1);
INSERT INTO lineups (match_id, team_id, person_id, quarter, in_pool) VALUES (3, 12, 205, 3, 1);
INSERT INTO lineups (match_id, team_id, person_id, quarter, in_pool) VALUES (16, 12, 4, 3, 1);
INSERT INTO lineups (match_id, team_id, person_id, quarter, in_pool) VALUES (13, 12, 204, 3, 1);
INSERT INTO lineups (match_id, team_id, person_id, quarter, in_pool) VALUES (17, 12, 92, 3, 1);
INSERT INTO lineups (match_id, team_id, person_id, quarter, in_pool) VALUES (24, 12, 219, 3, 1);
INSERT INTO lineups (match_id, team_id, person_id, quarter, in_pool) VALUES (14, 12, 94, 4, 1);
INSERT INTO lineups (match_id, team_id, person_id, quarter, in_pool) VALUES (21, 12, 107, 4, 1);
INSERT INTO lineups (match_id, team_id, person_id, quarter, in_pool) VALUES (11, 12, 78, 4, 1);
INSERT INTO lineups (match_id, team_id, person_id, quarter, in_pool) VALUES (5, 12, 162, 4, 1);
INSERT INTO lineups (match_id, team_id, person_id, quarter, in_pool) VALUES (16, 12, 169, 4, 1);
INSERT INTO lineups (match_id, team_id, person_id, quarter, in_pool) VALUES (12, 12, 157, 4, 1);
INSERT INTO lineups (match_id, team_id, person_id, quarter, in_pool) VALUES (3, 12, 209, 4, 1);
INSERT INTO lineups (match_id, team_id, person_id, quarter, in_pool) VALUES (2, 13, 243, 1, 1);
INSERT INTO lineups (match_id, team_id, person_id, quarter, in_pool) VALUES (2, 13, 190, 1, 1);
INSERT INTO lineups (match_id, team_id, person_id, quarter, in_pool) VALUES (5, 13, 65, 1, 1);
INSERT INTO lineups (match_id, team_id, person_id, quarter, in_pool) VALUES (5, 13, 145, 1, 1);
INSERT INTO lineups (match_id, team_id, person_id, quarter, in_pool) VALUES (25, 13, 239, 1, 1);
INSERT INTO lineups (match_id, team_id, person_id, quarter, in_pool) VALUES (10, 13, 200, 1, 1);
INSERT INTO lineups (match_id, team_id, person_id, quarter, in_pool) VALUES (4, 13, 104, 1, 1);
INSERT INTO lineups (match_id, team_id, person_id, quarter, in_pool) VALUES (14, 13, 231, 2, 1);
INSERT INTO lineups (match_id, team_id, person_id, quarter, in_pool) VALUES (22, 13, 114, 2, 1);
INSERT INTO lineups (match_id, team_id, person_id, quarter, in_pool) VALUES (10, 13, 136, 2, 1);
INSERT INTO lineups (match_id, team_id, person_id, quarter, in_pool) VALUES (3, 13, 239, 2, 1);
INSERT INTO lineups (match_id, team_id, person_id, quarter, in_pool) VALUES (15, 13, 96, 2, 1);
INSERT INTO lineups (match_id, team_id, person_id, quarter, in_pool) VALUES (17, 13, 241, 2, 1);
INSERT INTO lineups (match_id, team_id, person_id, quarter, in_pool) VALUES (12, 13, 63, 2, 1);
INSERT INTO lineups (match_id, team_id, person_id, quarter, in_pool) VALUES (22, 13, 3, 3, 1);
INSERT INTO lineups (match_id, team_id, person_id, quarter, in_pool) VALUES (5, 13, 116, 3, 1);
INSERT INTO lineups (match_id, team_id, person_id, quarter, in_pool) VALUES (23, 13, 14, 3, 1);
INSERT INTO lineups (match_id, team_id, person_id, quarter, in_pool) VALUES (9, 13, 98, 3, 1);
INSERT INTO lineups (match_id, team_id, person_id, quarter, in_pool) VALUES (12, 13, 237, 3, 1);
INSERT INTO lineups (match_id, team_id, person_id, quarter, in_pool) VALUES (1, 13, 85, 3, 1);
INSERT INTO lineups (match_id, team_id, person_id, quarter, in_pool) VALUES (22, 13, 224, 3, 1);
INSERT INTO lineups (match_id, team_id, person_id, quarter, in_pool) VALUES (6, 13, 4, 4, 1);
INSERT INTO lineups (match_id, team_id, person_id, quarter, in_pool) VALUES (5, 13, 35, 4, 1);
INSERT INTO lineups (match_id, team_id, person_id, quarter, in_pool) VALUES (6, 13, 116, 4, 1);
INSERT INTO lineups (match_id, team_id, person_id, quarter, in_pool) VALUES (15, 13, 227, 4, 1);
INSERT INTO lineups (match_id, team_id, person_id, quarter, in_pool) VALUES (15, 13, 189, 4, 1);
INSERT INTO lineups (match_id, team_id, person_id, quarter, in_pool) VALUES (18, 13, 55, 4, 1);
INSERT INTO lineups (match_id, team_id, person_id, quarter, in_pool) VALUES (15, 13, 146, 4, 1);
INSERT INTO lineups (match_id, team_id, person_id, quarter, in_pool) VALUES (15, 14, 158, 1, 1);
INSERT INTO lineups (match_id, team_id, person_id, quarter, in_pool) VALUES (20, 14, 22, 1, 1);
INSERT INTO lineups (match_id, team_id, person_id, quarter, in_pool) VALUES (16, 14, 34, 1, 1);
INSERT INTO lineups (match_id, team_id, person_id, quarter, in_pool) VALUES (17, 14, 183, 1, 1);
INSERT INTO lineups (match_id, team_id, person_id, quarter, in_pool) VALUES (8, 14, 226, 1, 1);
INSERT INTO lineups (match_id, team_id, person_id, quarter, in_pool) VALUES (24, 14, 171, 1, 1);
INSERT INTO lineups (match_id, team_id, person_id, quarter, in_pool) VALUES (19, 14, 249, 1, 1);
INSERT INTO lineups (match_id, team_id, person_id, quarter, in_pool) VALUES (22, 14, 94, 2, 1);
INSERT INTO lineups (match_id, team_id, person_id, quarter, in_pool) VALUES (21, 14, 78, 2, 1);
INSERT INTO lineups (match_id, team_id, person_id, quarter, in_pool) VALUES (19, 14, 223, 2, 1);
INSERT INTO lineups (match_id, team_id, person_id, quarter, in_pool) VALUES (16, 14, 179, 2, 1);
INSERT INTO lineups (match_id, team_id, person_id, quarter, in_pool) VALUES (19, 14, 190, 2, 1);
INSERT INTO lineups (match_id, team_id, person_id, quarter, in_pool) VALUES (13, 14, 126, 2, 1);
INSERT INTO lineups (match_id, team_id, person_id, quarter, in_pool) VALUES (7, 14, 217, 2, 1);
INSERT INTO lineups (match_id, team_id, person_id, quarter, in_pool) VALUES (3, 14, 45, 3, 1);
INSERT INTO lineups (match_id, team_id, person_id, quarter, in_pool) VALUES (6, 14, 225, 3, 1);
INSERT INTO lineups (match_id, team_id, person_id, quarter, in_pool) VALUES (2, 14, 67, 3, 1);
INSERT INTO lineups (match_id, team_id, person_id, quarter, in_pool) VALUES (13, 14, 73, 3, 1);
INSERT INTO lineups (match_id, team_id, person_id, quarter, in_pool) VALUES (11, 14, 1, 3, 1);
INSERT INTO lineups (match_id, team_id, person_id, quarter, in_pool) VALUES (8, 14, 35, 3, 1);
INSERT INTO lineups (match_id, team_id, person_id, quarter, in_pool) VALUES (4, 14, 72, 3, 1);
INSERT INTO lineups (match_id, team_id, person_id, quarter, in_pool) VALUES (15, 14, 192, 4, 1);
INSERT INTO lineups (match_id, team_id, person_id, quarter, in_pool) VALUES (6, 14, 132, 4, 1);
INSERT INTO lineups (match_id, team_id, person_id, quarter, in_pool) VALUES (1, 14, 127, 4, 1);
INSERT INTO lineups (match_id, team_id, person_id, quarter, in_pool) VALUES (16, 14, 193, 4, 1);
INSERT INTO lineups (match_id, team_id, person_id, quarter, in_pool) VALUES (20, 14, 31, 4, 1);
INSERT INTO lineups (match_id, team_id, person_id, quarter, in_pool) VALUES (4, 14, 80, 4, 1);
INSERT INTO lineups (match_id, team_id, person_id, quarter, in_pool) VALUES (16, 14, 248, 4, 1);
INSERT INTO lineups (match_id, team_id, person_id, quarter, in_pool) VALUES (2, 15, 175, 1, 1);
INSERT INTO lineups (match_id, team_id, person_id, quarter, in_pool) VALUES (1, 15, 228, 1, 1);
INSERT INTO lineups (match_id, team_id, person_id, quarter, in_pool) VALUES (13, 15, 128, 1, 1);
INSERT INTO lineups (match_id, team_id, person_id, quarter, in_pool) VALUES (8, 15, 218, 1, 1);
INSERT INTO lineups (match_id, team_id, person_id, quarter, in_pool) VALUES (8, 15, 13, 1, 1);
INSERT INTO lineups (match_id, team_id, person_id, quarter, in_pool) VALUES (16, 15, 164, 1, 1);
INSERT INTO lineups (match_id, team_id, person_id, quarter, in_pool) VALUES (22, 15, 166, 1, 1);
INSERT INTO lineups (match_id, team_id, person_id, quarter, in_pool) VALUES (11, 15, 170, 2, 1);
INSERT INTO lineups (match_id, team_id, person_id, quarter, in_pool) VALUES (5, 15, 205, 2, 1);
INSERT INTO lineups (match_id, team_id, person_id, quarter, in_pool) VALUES (18, 15, 217, 2, 1);
INSERT INTO lineups (match_id, team_id, person_id, quarter, in_pool) VALUES (24, 15, 135, 2, 1);
INSERT INTO lineups (match_id, team_id, person_id, quarter, in_pool) VALUES (2, 15, 245, 2, 1);
INSERT INTO lineups (match_id, team_id, person_id, quarter, in_pool) VALUES (22, 15, 202, 2, 1);
INSERT INTO lineups (match_id, team_id, person_id, quarter, in_pool) VALUES (17, 15, 141, 2, 1);
INSERT INTO lineups (match_id, team_id, person_id, quarter, in_pool) VALUES (6, 15, 151, 3, 1);
INSERT INTO lineups (match_id, team_id, person_id, quarter, in_pool) VALUES (10, 15, 26, 3, 1);
INSERT INTO lineups (match_id, team_id, person_id, quarter, in_pool) VALUES (9, 15, 194, 3, 1);
INSERT INTO lineups (match_id, team_id, person_id, quarter, in_pool) VALUES (23, 15, 136, 3, 1);
INSERT INTO lineups (match_id, team_id, person_id, quarter, in_pool) VALUES (5, 15, 19, 3, 1);
INSERT INTO lineups (match_id, team_id, person_id, quarter, in_pool) VALUES (3, 15, 12, 3, 1);
INSERT INTO lineups (match_id, team_id, person_id, quarter, in_pool) VALUES (21, 15, 2, 3, 1);
INSERT INTO lineups (match_id, team_id, person_id, quarter, in_pool) VALUES (5, 15, 223, 4, 1);
INSERT INTO lineups (match_id, team_id, person_id, quarter, in_pool) VALUES (12, 15, 19, 4, 1);
INSERT INTO lineups (match_id, team_id, person_id, quarter, in_pool) VALUES (24, 15, 60, 4, 1);
INSERT INTO lineups (match_id, team_id, person_id, quarter, in_pool) VALUES (23, 15, 141, 4, 1);
INSERT INTO lineups (match_id, team_id, person_id, quarter, in_pool) VALUES (22, 15, 115, 4, 1);
INSERT INTO lineups (match_id, team_id, person_id, quarter, in_pool) VALUES (3, 15, 217, 4, 1);
INSERT INTO lineups (match_id, team_id, person_id, quarter, in_pool) VALUES (21, 15, 24, 4, 1);
INSERT INTO lineups (match_id, team_id, person_id, quarter, in_pool) VALUES (4, 16, 80, 1, 1);
INSERT INTO lineups (match_id, team_id, person_id, quarter, in_pool) VALUES (20, 16, 87, 1, 1);
INSERT INTO lineups (match_id, team_id, person_id, quarter, in_pool) VALUES (17, 16, 26, 1, 1);
INSERT INTO lineups (match_id, team_id, person_id, quarter, in_pool) VALUES (22, 16, 186, 1, 1);
INSERT INTO lineups (match_id, team_id, person_id, quarter, in_pool) VALUES (3, 16, 93, 1, 1);
INSERT INTO lineups (match_id, team_id, person_id, quarter, in_pool) VALUES (11, 16, 193, 1, 1);
INSERT INTO lineups (match_id, team_id, person_id, quarter, in_pool) VALUES (15, 16, 202, 1, 1);
INSERT INTO lineups (match_id, team_id, person_id, quarter, in_pool) VALUES (13, 16, 35, 2, 1);
INSERT INTO lineups (match_id, team_id, person_id, quarter, in_pool) VALUES (6, 16, 213, 2, 1);
INSERT INTO lineups (match_id, team_id, person_id, quarter, in_pool) VALUES (23, 16, 205, 2, 1);
INSERT INTO lineups (match_id, team_id, person_id, quarter, in_pool) VALUES (11, 16, 84, 2, 1);
INSERT INTO lineups (match_id, team_id, person_id, quarter, in_pool) VALUES (2, 16, 238, 2, 1);
INSERT INTO lineups (match_id, team_id, person_id, quarter, in_pool) VALUES (11, 16, 133, 2, 1);
INSERT INTO lineups (match_id, team_id, person_id, quarter, in_pool) VALUES (19, 16, 188, 2, 1);
INSERT INTO lineups (match_id, team_id, person_id, quarter, in_pool) VALUES (19, 16, 193, 3, 1);
INSERT INTO lineups (match_id, team_id, person_id, quarter, in_pool) VALUES (10, 16, 121, 3, 1);
INSERT INTO lineups (match_id, team_id, person_id, quarter, in_pool) VALUES (25, 16, 125, 3, 1);
INSERT INTO lineups (match_id, team_id, person_id, quarter, in_pool) VALUES (4, 16, 163, 3, 1);
INSERT INTO lineups (match_id, team_id, person_id, quarter, in_pool) VALUES (10, 16, 94, 3, 1);
INSERT INTO lineups (match_id, team_id, person_id, quarter, in_pool) VALUES (13, 16, 24, 3, 1);
INSERT INTO lineups (match_id, team_id, person_id, quarter, in_pool) VALUES (12, 16, 69, 3, 1);
INSERT INTO lineups (match_id, team_id, person_id, quarter, in_pool) VALUES (14, 16, 102, 4, 1);
INSERT INTO lineups (match_id, team_id, person_id, quarter, in_pool) VALUES (12, 16, 237, 4, 1);
INSERT INTO lineups (match_id, team_id, person_id, quarter, in_pool) VALUES (8, 16, 77, 4, 1);
INSERT INTO lineups (match_id, team_id, person_id, quarter, in_pool) VALUES (25, 16, 138, 4, 1);
INSERT INTO lineups (match_id, team_id, person_id, quarter, in_pool) VALUES (2, 16, 204, 4, 1);
INSERT INTO lineups (match_id, team_id, person_id, quarter, in_pool) VALUES (11, 16, 159, 4, 1);
INSERT INTO lineups (match_id, team_id, person_id, quarter, in_pool) VALUES (16, 16, 67, 4, 1);
INSERT INTO lineups (match_id, team_id, person_id, quarter, in_pool) VALUES (3, 17, 12, 1, 1);
INSERT INTO lineups (match_id, team_id, person_id, quarter, in_pool) VALUES (19, 17, 34, 1, 1);
INSERT INTO lineups (match_id, team_id, person_id, quarter, in_pool) VALUES (2, 17, 97, 1, 1);
INSERT INTO lineups (match_id, team_id, person_id, quarter, in_pool) VALUES (1, 17, 189, 1, 1);
INSERT INTO lineups (match_id, team_id, person_id, quarter, in_pool) VALUES (7, 17, 68, 1, 1);
INSERT INTO lineups (match_id, team_id, person_id, quarter, in_pool) VALUES (15, 17, 227, 1, 1);
INSERT INTO lineups (match_id, team_id, person_id, quarter, in_pool) VALUES (25, 17, 21, 1, 1);
INSERT INTO lineups (match_id, team_id, person_id, quarter, in_pool) VALUES (6, 17, 104, 2, 1);
INSERT INTO lineups (match_id, team_id, person_id, quarter, in_pool) VALUES (2, 17, 247, 2, 1);
INSERT INTO lineups (match_id, team_id, person_id, quarter, in_pool) VALUES (10, 17, 21, 2, 1);
INSERT INTO lineups (match_id, team_id, person_id, quarter, in_pool) VALUES (7, 17, 161, 2, 1);
INSERT INTO lineups (match_id, team_id, person_id, quarter, in_pool) VALUES (23, 17, 8, 2, 1);
INSERT INTO lineups (match_id, team_id, person_id, quarter, in_pool) VALUES (13, 17, 60, 2, 1);
INSERT INTO lineups (match_id, team_id, person_id, quarter, in_pool) VALUES (11, 17, 65, 2, 1);
INSERT INTO lineups (match_id, team_id, person_id, quarter, in_pool) VALUES (22, 17, 25, 3, 1);
INSERT INTO lineups (match_id, team_id, person_id, quarter, in_pool) VALUES (23, 17, 102, 3, 1);
INSERT INTO lineups (match_id, team_id, person_id, quarter, in_pool) VALUES (23, 17, 51, 3, 1);
INSERT INTO lineups (match_id, team_id, person_id, quarter, in_pool) VALUES (2, 17, 69, 3, 1);
INSERT INTO lineups (match_id, team_id, person_id, quarter, in_pool) VALUES (24, 17, 126, 3, 1);
INSERT INTO lineups (match_id, team_id, person_id, quarter, in_pool) VALUES (22, 17, 171, 3, 1);
INSERT INTO lineups (match_id, team_id, person_id, quarter, in_pool) VALUES (15, 17, 40, 3, 1);
INSERT INTO lineups (match_id, team_id, person_id, quarter, in_pool) VALUES (17, 17, 133, 4, 1);
INSERT INTO lineups (match_id, team_id, person_id, quarter, in_pool) VALUES (7, 17, 233, 4, 1);
INSERT INTO lineups (match_id, team_id, person_id, quarter, in_pool) VALUES (8, 17, 113, 4, 1);
INSERT INTO lineups (match_id, team_id, person_id, quarter, in_pool) VALUES (3, 17, 77, 4, 1);
INSERT INTO lineups (match_id, team_id, person_id, quarter, in_pool) VALUES (20, 17, 40, 4, 1);
INSERT INTO lineups (match_id, team_id, person_id, quarter, in_pool) VALUES (19, 17, 57, 4, 1);
INSERT INTO lineups (match_id, team_id, person_id, quarter, in_pool) VALUES (17, 17, 195, 4, 1);
INSERT INTO lineups (match_id, team_id, person_id, quarter, in_pool) VALUES (25, 18, 14, 1, 1);
INSERT INTO lineups (match_id, team_id, person_id, quarter, in_pool) VALUES (13, 18, 244, 1, 1);
INSERT INTO lineups (match_id, team_id, person_id, quarter, in_pool) VALUES (18, 18, 200, 1, 1);
INSERT INTO lineups (match_id, team_id, person_id, quarter, in_pool) VALUES (9, 18, 50, 1, 1);
INSERT INTO lineups (match_id, team_id, person_id, quarter, in_pool) VALUES (14, 18, 15, 1, 1);
INSERT INTO lineups (match_id, team_id, person_id, quarter, in_pool) VALUES (16, 18, 83, 1, 1);
INSERT INTO lineups (match_id, team_id, person_id, quarter, in_pool) VALUES (18, 18, 169, 1, 1);
INSERT INTO lineups (match_id, team_id, person_id, quarter, in_pool) VALUES (7, 18, 190, 2, 1);
INSERT INTO lineups (match_id, team_id, person_id, quarter, in_pool) VALUES (12, 18, 222, 2, 1);
INSERT INTO lineups (match_id, team_id, person_id, quarter, in_pool) VALUES (18, 18, 91, 2, 1);
INSERT INTO lineups (match_id, team_id, person_id, quarter, in_pool) VALUES (17, 18, 177, 2, 1);
INSERT INTO lineups (match_id, team_id, person_id, quarter, in_pool) VALUES (14, 18, 116, 2, 1);
INSERT INTO lineups (match_id, team_id, person_id, quarter, in_pool) VALUES (12, 18, 92, 2, 1);
INSERT INTO lineups (match_id, team_id, person_id, quarter, in_pool) VALUES (1, 18, 64, 2, 1);
INSERT INTO lineups (match_id, team_id, person_id, quarter, in_pool) VALUES (1, 18, 47, 3, 1);
INSERT INTO lineups (match_id, team_id, person_id, quarter, in_pool) VALUES (14, 18, 123, 3, 1);
INSERT INTO lineups (match_id, team_id, person_id, quarter, in_pool) VALUES (23, 18, 52, 3, 1);
INSERT INTO lineups (match_id, team_id, person_id, quarter, in_pool) VALUES (25, 18, 237, 3, 1);
INSERT INTO lineups (match_id, team_id, person_id, quarter, in_pool) VALUES (8, 18, 222, 3, 1);
INSERT INTO lineups (match_id, team_id, person_id, quarter, in_pool) VALUES (16, 18, 61, 3, 1);
INSERT INTO lineups (match_id, team_id, person_id, quarter, in_pool) VALUES (18, 18, 238, 3, 1);
INSERT INTO lineups (match_id, team_id, person_id, quarter, in_pool) VALUES (15, 18, 49, 4, 1);
INSERT INTO lineups (match_id, team_id, person_id, quarter, in_pool) VALUES (22, 18, 46, 4, 1);
INSERT INTO lineups (match_id, team_id, person_id, quarter, in_pool) VALUES (12, 18, 141, 4, 1);
INSERT INTO lineups (match_id, team_id, person_id, quarter, in_pool) VALUES (14, 18, 149, 4, 1);
INSERT INTO lineups (match_id, team_id, person_id, quarter, in_pool) VALUES (2, 18, 155, 4, 1);
INSERT INTO lineups (match_id, team_id, person_id, quarter, in_pool) VALUES (25, 18, 165, 4, 1);
INSERT INTO lineups (match_id, team_id, person_id, quarter, in_pool) VALUES (23, 18, 190, 4, 1);
INSERT INTO lineups (match_id, team_id, person_id, quarter, in_pool) VALUES (9, 19, 150, 1, 1);
INSERT INTO lineups (match_id, team_id, person_id, quarter, in_pool) VALUES (8, 19, 247, 1, 1);
INSERT INTO lineups (match_id, team_id, person_id, quarter, in_pool) VALUES (24, 19, 12, 1, 1);
INSERT INTO lineups (match_id, team_id, person_id, quarter, in_pool) VALUES (8, 19, 164, 1, 1);
INSERT INTO lineups (match_id, team_id, person_id, quarter, in_pool) VALUES (7, 19, 176, 1, 1);
INSERT INTO lineups (match_id, team_id, person_id, quarter, in_pool) VALUES (16, 19, 171, 1, 1);
INSERT INTO lineups (match_id, team_id, person_id, quarter, in_pool) VALUES (19, 19, 111, 1, 1);
INSERT INTO lineups (match_id, team_id, person_id, quarter, in_pool) VALUES (9, 19, 152, 2, 1);
INSERT INTO lineups (match_id, team_id, person_id, quarter, in_pool) VALUES (20, 19, 215, 2, 1);
INSERT INTO lineups (match_id, team_id, person_id, quarter, in_pool) VALUES (25, 19, 75, 2, 1);
INSERT INTO lineups (match_id, team_id, person_id, quarter, in_pool) VALUES (24, 19, 48, 2, 1);
INSERT INTO lineups (match_id, team_id, person_id, quarter, in_pool) VALUES (15, 19, 150, 2, 1);
INSERT INTO lineups (match_id, team_id, person_id, quarter, in_pool) VALUES (11, 19, 148, 2, 1);
INSERT INTO lineups (match_id, team_id, person_id, quarter, in_pool) VALUES (3, 19, 247, 2, 1);
INSERT INTO lineups (match_id, team_id, person_id, quarter, in_pool) VALUES (11, 19, 116, 3, 1);
INSERT INTO lineups (match_id, team_id, person_id, quarter, in_pool) VALUES (23, 19, 143, 3, 1);
INSERT INTO lineups (match_id, team_id, person_id, quarter, in_pool) VALUES (6, 19, 207, 3, 1);
INSERT INTO lineups (match_id, team_id, person_id, quarter, in_pool) VALUES (6, 19, 101, 3, 1);
INSERT INTO lineups (match_id, team_id, person_id, quarter, in_pool) VALUES (14, 19, 63, 3, 1);
INSERT INTO lineups (match_id, team_id, person_id, quarter, in_pool) VALUES (9, 19, 216, 3, 1);
INSERT INTO lineups (match_id, team_id, person_id, quarter, in_pool) VALUES (25, 19, 43, 3, 1);
INSERT INTO lineups (match_id, team_id, person_id, quarter, in_pool) VALUES (10, 19, 175, 4, 1);
INSERT INTO lineups (match_id, team_id, person_id, quarter, in_pool) VALUES (17, 19, 87, 4, 1);
INSERT INTO lineups (match_id, team_id, person_id, quarter, in_pool) VALUES (17, 19, 148, 4, 1);
INSERT INTO lineups (match_id, team_id, person_id, quarter, in_pool) VALUES (19, 19, 128, 4, 1);
INSERT INTO lineups (match_id, team_id, person_id, quarter, in_pool) VALUES (16, 19, 38, 4, 1);
INSERT INTO lineups (match_id, team_id, person_id, quarter, in_pool) VALUES (5, 19, 183, 4, 1);
INSERT INTO lineups (match_id, team_id, person_id, quarter, in_pool) VALUES (12, 19, 66, 4, 1);
INSERT INTO lineups (match_id, team_id, person_id, quarter, in_pool) VALUES (5, 20, 45, 1, 1);
INSERT INTO lineups (match_id, team_id, person_id, quarter, in_pool) VALUES (3, 20, 156, 1, 1);
INSERT INTO lineups (match_id, team_id, person_id, quarter, in_pool) VALUES (8, 20, 201, 1, 1);
INSERT INTO lineups (match_id, team_id, person_id, quarter, in_pool) VALUES (9, 20, 166, 1, 1);
INSERT INTO lineups (match_id, team_id, person_id, quarter, in_pool) VALUES (23, 20, 128, 1, 1);
INSERT INTO lineups (match_id, team_id, person_id, quarter, in_pool) VALUES (21, 20, 209, 1, 1);
INSERT INTO lineups (match_id, team_id, person_id, quarter, in_pool) VALUES (21, 20, 138, 1, 1);
INSERT INTO lineups (match_id, team_id, person_id, quarter, in_pool) VALUES (23, 20, 176, 2, 1);
INSERT INTO lineups (match_id, team_id, person_id, quarter, in_pool) VALUES (10, 20, 33, 2, 1);
INSERT INTO lineups (match_id, team_id, person_id, quarter, in_pool) VALUES (16, 20, 120, 2, 1);
INSERT INTO lineups (match_id, team_id, person_id, quarter, in_pool) VALUES (2, 20, 217, 2, 1);
INSERT INTO lineups (match_id, team_id, person_id, quarter, in_pool) VALUES (4, 20, 187, 2, 1);
INSERT INTO lineups (match_id, team_id, person_id, quarter, in_pool) VALUES (7, 20, 11, 2, 1);
INSERT INTO lineups (match_id, team_id, person_id, quarter, in_pool) VALUES (6, 20, 27, 2, 1);
INSERT INTO lineups (match_id, team_id, person_id, quarter, in_pool) VALUES (17, 20, 213, 3, 1);
INSERT INTO lineups (match_id, team_id, person_id, quarter, in_pool) VALUES (5, 20, 17, 3, 1);
INSERT INTO lineups (match_id, team_id, person_id, quarter, in_pool) VALUES (23, 20, 156, 3, 1);
INSERT INTO lineups (match_id, team_id, person_id, quarter, in_pool) VALUES (23, 20, 10, 3, 1);
INSERT INTO lineups (match_id, team_id, person_id, quarter, in_pool) VALUES (2, 20, 199, 3, 1);
INSERT INTO lineups (match_id, team_id, person_id, quarter, in_pool) VALUES (19, 20, 78, 3, 1);
INSERT INTO lineups (match_id, team_id, person_id, quarter, in_pool) VALUES (25, 20, 52, 3, 1);
INSERT INTO lineups (match_id, team_id, person_id, quarter, in_pool) VALUES (6, 20, 198, 4, 1);
INSERT INTO lineups (match_id, team_id, person_id, quarter, in_pool) VALUES (20, 20, 20, 4, 1);
INSERT INTO lineups (match_id, team_id, person_id, quarter, in_pool) VALUES (4, 20, 27, 4, 1);
INSERT INTO lineups (match_id, team_id, person_id, quarter, in_pool) VALUES (4, 20, 120, 4, 1);
INSERT INTO lineups (match_id, team_id, person_id, quarter, in_pool) VALUES (25, 20, 246, 4, 1);
INSERT INTO lineups (match_id, team_id, person_id, quarter, in_pool) VALUES (18, 20, 90, 4, 1);
INSERT INTO lineups (match_id, team_id, person_id, quarter, in_pool) VALUES (2, 20, 78, 4, 1);
INSERT INTO lineups (match_id, team_id, person_id, quarter, in_pool) VALUES (9, 21, 225, 1, 1);
INSERT INTO lineups (match_id, team_id, person_id, quarter, in_pool) VALUES (21, 21, 10, 1, 1);
INSERT INTO lineups (match_id, team_id, person_id, quarter, in_pool) VALUES (19, 21, 91, 1, 1);
INSERT INTO lineups (match_id, team_id, person_id, quarter, in_pool) VALUES (12, 21, 208, 1, 1);
INSERT INTO lineups (match_id, team_id, person_id, quarter, in_pool) VALUES (25, 21, 93, 1, 1);
INSERT INTO lineups (match_id, team_id, person_id, quarter, in_pool) VALUES (6, 21, 153, 1, 1);
INSERT INTO lineups (match_id, team_id, person_id, quarter, in_pool) VALUES (18, 21, 152, 1, 1);
INSERT INTO lineups (match_id, team_id, person_id, quarter, in_pool) VALUES (6, 21, 124, 2, 1);
INSERT INTO lineups (match_id, team_id, person_id, quarter, in_pool) VALUES (3, 21, 91, 2, 1);
INSERT INTO lineups (match_id, team_id, person_id, quarter, in_pool) VALUES (22, 21, 168, 2, 1);
INSERT INTO lineups (match_id, team_id, person_id, quarter, in_pool) VALUES (13, 21, 129, 2, 1);
INSERT INTO lineups (match_id, team_id, person_id, quarter, in_pool) VALUES (15, 21, 164, 2, 1);
INSERT INTO lineups (match_id, team_id, person_id, quarter, in_pool) VALUES (20, 21, 196, 2, 1);
INSERT INTO lineups (match_id, team_id, person_id, quarter, in_pool) VALUES (13, 21, 186, 2, 1);
INSERT INTO lineups (match_id, team_id, person_id, quarter, in_pool) VALUES (15, 21, 250, 3, 1);
INSERT INTO lineups (match_id, team_id, person_id, quarter, in_pool) VALUES (20, 21, 199, 3, 1);
INSERT INTO lineups (match_id, team_id, person_id, quarter, in_pool) VALUES (3, 21, 24, 3, 1);
INSERT INTO lineups (match_id, team_id, person_id, quarter, in_pool) VALUES (6, 21, 14, 3, 1);
INSERT INTO lineups (match_id, team_id, person_id, quarter, in_pool) VALUES (21, 21, 9, 3, 1);
INSERT INTO lineups (match_id, team_id, person_id, quarter, in_pool) VALUES (24, 21, 37, 3, 1);
INSERT INTO lineups (match_id, team_id, person_id, quarter, in_pool) VALUES (12, 21, 241, 3, 1);
INSERT INTO lineups (match_id, team_id, person_id, quarter, in_pool) VALUES (18, 21, 107, 4, 1);
INSERT INTO lineups (match_id, team_id, person_id, quarter, in_pool) VALUES (4, 21, 123, 4, 1);
INSERT INTO lineups (match_id, team_id, person_id, quarter, in_pool) VALUES (17, 21, 92, 4, 1);
INSERT INTO lineups (match_id, team_id, person_id, quarter, in_pool) VALUES (17, 21, 137, 4, 1);
INSERT INTO lineups (match_id, team_id, person_id, quarter, in_pool) VALUES (6, 21, 33, 4, 1);
INSERT INTO lineups (match_id, team_id, person_id, quarter, in_pool) VALUES (10, 21, 66, 4, 1);
INSERT INTO lineups (match_id, team_id, person_id, quarter, in_pool) VALUES (4, 21, 30, 4, 1);
INSERT INTO lineups (match_id, team_id, person_id, quarter, in_pool) VALUES (16, 22, 116, 1, 1);
INSERT INTO lineups (match_id, team_id, person_id, quarter, in_pool) VALUES (16, 22, 200, 1, 1);
INSERT INTO lineups (match_id, team_id, person_id, quarter, in_pool) VALUES (1, 22, 59, 1, 1);
INSERT INTO lineups (match_id, team_id, person_id, quarter, in_pool) VALUES (15, 22, 60, 1, 1);
INSERT INTO lineups (match_id, team_id, person_id, quarter, in_pool) VALUES (11, 22, 155, 1, 1);
INSERT INTO lineups (match_id, team_id, person_id, quarter, in_pool) VALUES (11, 22, 207, 1, 1);
INSERT INTO lineups (match_id, team_id, person_id, quarter, in_pool) VALUES (21, 22, 174, 1, 1);
INSERT INTO lineups (match_id, team_id, person_id, quarter, in_pool) VALUES (9, 22, 28, 2, 1);
INSERT INTO lineups (match_id, team_id, person_id, quarter, in_pool) VALUES (4, 22, 180, 2, 1);
INSERT INTO lineups (match_id, team_id, person_id, quarter, in_pool) VALUES (6, 22, 169, 2, 1);
INSERT INTO lineups (match_id, team_id, person_id, quarter, in_pool) VALUES (5, 22, 226, 2, 1);
INSERT INTO lineups (match_id, team_id, person_id, quarter, in_pool) VALUES (15, 22, 236, 2, 1);
INSERT INTO lineups (match_id, team_id, person_id, quarter, in_pool) VALUES (4, 22, 40, 2, 1);
INSERT INTO lineups (match_id, team_id, person_id, quarter, in_pool) VALUES (19, 22, 111, 2, 1);
INSERT INTO lineups (match_id, team_id, person_id, quarter, in_pool) VALUES (1, 22, 106, 3, 1);
INSERT INTO lineups (match_id, team_id, person_id, quarter, in_pool) VALUES (19, 22, 195, 3, 1);
INSERT INTO lineups (match_id, team_id, person_id, quarter, in_pool) VALUES (17, 22, 159, 3, 1);
INSERT INTO lineups (match_id, team_id, person_id, quarter, in_pool) VALUES (8, 22, 196, 3, 1);
INSERT INTO lineups (match_id, team_id, person_id, quarter, in_pool) VALUES (1, 22, 225, 3, 1);
INSERT INTO lineups (match_id, team_id, person_id, quarter, in_pool) VALUES (24, 22, 165, 3, 1);
INSERT INTO lineups (match_id, team_id, person_id, quarter, in_pool) VALUES (22, 22, 190, 3, 1);
INSERT INTO lineups (match_id, team_id, person_id, quarter, in_pool) VALUES (17, 22, 180, 4, 1);
INSERT INTO lineups (match_id, team_id, person_id, quarter, in_pool) VALUES (7, 22, 202, 4, 1);
INSERT INTO lineups (match_id, team_id, person_id, quarter, in_pool) VALUES (25, 22, 191, 4, 1);
INSERT INTO lineups (match_id, team_id, person_id, quarter, in_pool) VALUES (4, 22, 23, 4, 1);
INSERT INTO lineups (match_id, team_id, person_id, quarter, in_pool) VALUES (21, 22, 60, 4, 1);
INSERT INTO lineups (match_id, team_id, person_id, quarter, in_pool) VALUES (16, 22, 137, 4, 1);
INSERT INTO lineups (match_id, team_id, person_id, quarter, in_pool) VALUES (2, 22, 177, 4, 1);
INSERT INTO lineups (match_id, team_id, person_id, quarter, in_pool) VALUES (17, 23, 92, 1, 1);
INSERT INTO lineups (match_id, team_id, person_id, quarter, in_pool) VALUES (23, 23, 114, 1, 1);
INSERT INTO lineups (match_id, team_id, person_id, quarter, in_pool) VALUES (25, 23, 155, 1, 1);
INSERT INTO lineups (match_id, team_id, person_id, quarter, in_pool) VALUES (20, 23, 228, 1, 1);
INSERT INTO lineups (match_id, team_id, person_id, quarter, in_pool) VALUES (13, 23, 145, 1, 1);
INSERT INTO lineups (match_id, team_id, person_id, quarter, in_pool) VALUES (11, 23, 58, 1, 1);
INSERT INTO lineups (match_id, team_id, person_id, quarter, in_pool) VALUES (25, 23, 142, 1, 1);
INSERT INTO lineups (match_id, team_id, person_id, quarter, in_pool) VALUES (13, 23, 28, 2, 1);
INSERT INTO lineups (match_id, team_id, person_id, quarter, in_pool) VALUES (6, 23, 225, 2, 1);
INSERT INTO lineups (match_id, team_id, person_id, quarter, in_pool) VALUES (6, 23, 192, 2, 1);
INSERT INTO lineups (match_id, team_id, person_id, quarter, in_pool) VALUES (17, 23, 107, 2, 1);
INSERT INTO lineups (match_id, team_id, person_id, quarter, in_pool) VALUES (14, 23, 176, 2, 1);
INSERT INTO lineups (match_id, team_id, person_id, quarter, in_pool) VALUES (20, 23, 111, 2, 1);
INSERT INTO lineups (match_id, team_id, person_id, quarter, in_pool) VALUES (7, 23, 97, 2, 1);
INSERT INTO lineups (match_id, team_id, person_id, quarter, in_pool) VALUES (23, 23, 88, 3, 1);
INSERT INTO lineups (match_id, team_id, person_id, quarter, in_pool) VALUES (8, 23, 207, 3, 1);
INSERT INTO lineups (match_id, team_id, person_id, quarter, in_pool) VALUES (17, 23, 241, 3, 1);
INSERT INTO lineups (match_id, team_id, person_id, quarter, in_pool) VALUES (15, 23, 66, 3, 1);
INSERT INTO lineups (match_id, team_id, person_id, quarter, in_pool) VALUES (1, 23, 197, 3, 1);
INSERT INTO lineups (match_id, team_id, person_id, quarter, in_pool) VALUES (6, 23, 84, 3, 1);
INSERT INTO lineups (match_id, team_id, person_id, quarter, in_pool) VALUES (25, 23, 75, 3, 1);
INSERT INTO lineups (match_id, team_id, person_id, quarter, in_pool) VALUES (2, 23, 223, 4, 1);
INSERT INTO lineups (match_id, team_id, person_id, quarter, in_pool) VALUES (6, 23, 222, 4, 1);
INSERT INTO lineups (match_id, team_id, person_id, quarter, in_pool) VALUES (19, 23, 144, 4, 1);
INSERT INTO lineups (match_id, team_id, person_id, quarter, in_pool) VALUES (13, 23, 169, 4, 1);
INSERT INTO lineups (match_id, team_id, person_id, quarter, in_pool) VALUES (9, 23, 43, 4, 1);
INSERT INTO lineups (match_id, team_id, person_id, quarter, in_pool) VALUES (18, 23, 30, 4, 1);
INSERT INTO lineups (match_id, team_id, person_id, quarter, in_pool) VALUES (24, 23, 78, 4, 1);
INSERT INTO lineups (match_id, team_id, person_id, quarter, in_pool) VALUES (8, 24, 50, 1, 1);
INSERT INTO lineups (match_id, team_id, person_id, quarter, in_pool) VALUES (12, 24, 157, 1, 1);
INSERT INTO lineups (match_id, team_id, person_id, quarter, in_pool) VALUES (25, 24, 233, 1, 1);
INSERT INTO lineups (match_id, team_id, person_id, quarter, in_pool) VALUES (2, 24, 119, 1, 1);
INSERT INTO lineups (match_id, team_id, person_id, quarter, in_pool) VALUES (4, 24, 64, 1, 1);
INSERT INTO lineups (match_id, team_id, person_id, quarter, in_pool) VALUES (24, 24, 21, 1, 1);
INSERT INTO lineups (match_id, team_id, person_id, quarter, in_pool) VALUES (6, 24, 224, 1, 1);
INSERT INTO lineups (match_id, team_id, person_id, quarter, in_pool) VALUES (12, 24, 82, 2, 1);
INSERT INTO lineups (match_id, team_id, person_id, quarter, in_pool) VALUES (24, 24, 76, 2, 1);
INSERT INTO lineups (match_id, team_id, person_id, quarter, in_pool) VALUES (25, 24, 81, 2, 1);
INSERT INTO lineups (match_id, team_id, person_id, quarter, in_pool) VALUES (4, 24, 23, 2, 1);
INSERT INTO lineups (match_id, team_id, person_id, quarter, in_pool) VALUES (18, 24, 24, 2, 1);
INSERT INTO lineups (match_id, team_id, person_id, quarter, in_pool) VALUES (14, 24, 201, 2, 1);
INSERT INTO lineups (match_id, team_id, person_id, quarter, in_pool) VALUES (15, 24, 66, 2, 1);
INSERT INTO lineups (match_id, team_id, person_id, quarter, in_pool) VALUES (7, 24, 178, 3, 1);
INSERT INTO lineups (match_id, team_id, person_id, quarter, in_pool) VALUES (14, 24, 173, 3, 1);
INSERT INTO lineups (match_id, team_id, person_id, quarter, in_pool) VALUES (20, 24, 95, 3, 1);
INSERT INTO lineups (match_id, team_id, person_id, quarter, in_pool) VALUES (11, 24, 49, 3, 1);
INSERT INTO lineups (match_id, team_id, person_id, quarter, in_pool) VALUES (22, 24, 1, 3, 1);
INSERT INTO lineups (match_id, team_id, person_id, quarter, in_pool) VALUES (19, 24, 242, 3, 1);
INSERT INTO lineups (match_id, team_id, person_id, quarter, in_pool) VALUES (19, 24, 81, 3, 1);
INSERT INTO lineups (match_id, team_id, person_id, quarter, in_pool) VALUES (17, 24, 116, 4, 1);
INSERT INTO lineups (match_id, team_id, person_id, quarter, in_pool) VALUES (25, 24, 121, 4, 1);
INSERT INTO lineups (match_id, team_id, person_id, quarter, in_pool) VALUES (10, 24, 247, 4, 1);
INSERT INTO lineups (match_id, team_id, person_id, quarter, in_pool) VALUES (2, 24, 163, 4, 1);
INSERT INTO lineups (match_id, team_id, person_id, quarter, in_pool) VALUES (3, 24, 29, 4, 1);
INSERT INTO lineups (match_id, team_id, person_id, quarter, in_pool) VALUES (5, 24, 97, 4, 1);
INSERT INTO lineups (match_id, team_id, person_id, quarter, in_pool) VALUES (19, 24, 168, 4, 1);
INSERT INTO lineups (match_id, team_id, person_id, quarter, in_pool) VALUES (17, 25, 206, 1, 1);
INSERT INTO lineups (match_id, team_id, person_id, quarter, in_pool) VALUES (18, 25, 47, 1, 1);
INSERT INTO lineups (match_id, team_id, person_id, quarter, in_pool) VALUES (11, 25, 202, 1, 1);
INSERT INTO lineups (match_id, team_id, person_id, quarter, in_pool) VALUES (4, 25, 168, 1, 1);
INSERT INTO lineups (match_id, team_id, person_id, quarter, in_pool) VALUES (10, 25, 72, 1, 1);
INSERT INTO lineups (match_id, team_id, person_id, quarter, in_pool) VALUES (25, 25, 125, 1, 1);
INSERT INTO lineups (match_id, team_id, person_id, quarter, in_pool) VALUES (15, 25, 28, 1, 1);
INSERT INTO lineups (match_id, team_id, person_id, quarter, in_pool) VALUES (4, 25, 216, 2, 1);
INSERT INTO lineups (match_id, team_id, person_id, quarter, in_pool) VALUES (10, 25, 221, 2, 1);
INSERT INTO lineups (match_id, team_id, person_id, quarter, in_pool) VALUES (1, 25, 210, 2, 1);
INSERT INTO lineups (match_id, team_id, person_id, quarter, in_pool) VALUES (4, 25, 170, 2, 1);
INSERT INTO lineups (match_id, team_id, person_id, quarter, in_pool) VALUES (19, 25, 22, 2, 1);
INSERT INTO lineups (match_id, team_id, person_id, quarter, in_pool) VALUES (1, 25, 209, 2, 1);
INSERT INTO lineups (match_id, team_id, person_id, quarter, in_pool) VALUES (9, 25, 199, 2, 1);
INSERT INTO lineups (match_id, team_id, person_id, quarter, in_pool) VALUES (14, 25, 174, 3, 1);
INSERT INTO lineups (match_id, team_id, person_id, quarter, in_pool) VALUES (25, 25, 157, 3, 1);
INSERT INTO lineups (match_id, team_id, person_id, quarter, in_pool) VALUES (10, 25, 235, 3, 1);
INSERT INTO lineups (match_id, team_id, person_id, quarter, in_pool) VALUES (21, 25, 219, 3, 1);
INSERT INTO lineups (match_id, team_id, person_id, quarter, in_pool) VALUES (6, 25, 80, 3, 1);
INSERT INTO lineups (match_id, team_id, person_id, quarter, in_pool) VALUES (24, 25, 160, 3, 1);
INSERT INTO lineups (match_id, team_id, person_id, quarter, in_pool) VALUES (10, 25, 121, 3, 1);
INSERT INTO lineups (match_id, team_id, person_id, quarter, in_pool) VALUES (14, 25, 83, 4, 1);
INSERT INTO lineups (match_id, team_id, person_id, quarter, in_pool) VALUES (14, 25, 32, 4, 1);
INSERT INTO lineups (match_id, team_id, person_id, quarter, in_pool) VALUES (21, 25, 139, 4, 1);
INSERT INTO lineups (match_id, team_id, person_id, quarter, in_pool) VALUES (22, 25, 242, 4, 1);
INSERT INTO lineups (match_id, team_id, person_id, quarter, in_pool) VALUES (8, 25, 37, 4, 1);
INSERT INTO lineups (match_id, team_id, person_id, quarter, in_pool) VALUES (4, 25, 87, 4, 1);
INSERT INTO lineups (match_id, team_id, person_id, quarter, in_pool) VALUES (9, 25, 2, 4, 1);
INSERT INTO lineups (match_id, team_id, person_id, quarter, in_pool) VALUES (15, 26, 226, 1, 1);
INSERT INTO lineups (match_id, team_id, person_id, quarter, in_pool) VALUES (5, 26, 72, 1, 1);
INSERT INTO lineups (match_id, team_id, person_id, quarter, in_pool) VALUES (6, 26, 116, 1, 1);
INSERT INTO lineups (match_id, team_id, person_id, quarter, in_pool) VALUES (19, 26, 66, 1, 1);
INSERT INTO lineups (match_id, team_id, person_id, quarter, in_pool) VALUES (18, 26, 60, 1, 1);
INSERT INTO lineups (match_id, team_id, person_id, quarter, in_pool) VALUES (1, 26, 231, 1, 1);
INSERT INTO lineups (match_id, team_id, person_id, quarter, in_pool) VALUES (13, 26, 38, 1, 1);
INSERT INTO lineups (match_id, team_id, person_id, quarter, in_pool) VALUES (17, 26, 169, 2, 1);
INSERT INTO lineups (match_id, team_id, person_id, quarter, in_pool) VALUES (13, 26, 138, 2, 1);
INSERT INTO lineups (match_id, team_id, person_id, quarter, in_pool) VALUES (11, 26, 19, 2, 1);
INSERT INTO lineups (match_id, team_id, person_id, quarter, in_pool) VALUES (9, 26, 243, 2, 1);
INSERT INTO lineups (match_id, team_id, person_id, quarter, in_pool) VALUES (7, 26, 214, 2, 1);
INSERT INTO lineups (match_id, team_id, person_id, quarter, in_pool) VALUES (17, 26, 206, 2, 1);
INSERT INTO lineups (match_id, team_id, person_id, quarter, in_pool) VALUES (15, 26, 137, 2, 1);
INSERT INTO lineups (match_id, team_id, person_id, quarter, in_pool) VALUES (9, 26, 202, 3, 1);
INSERT INTO lineups (match_id, team_id, person_id, quarter, in_pool) VALUES (7, 26, 148, 3, 1);
INSERT INTO lineups (match_id, team_id, person_id, quarter, in_pool) VALUES (12, 26, 83, 3, 1);
INSERT INTO lineups (match_id, team_id, person_id, quarter, in_pool) VALUES (21, 26, 64, 3, 1);
INSERT INTO lineups (match_id, team_id, person_id, quarter, in_pool) VALUES (3, 26, 36, 3, 1);
INSERT INTO lineups (match_id, team_id, person_id, quarter, in_pool) VALUES (23, 26, 110, 3, 1);
INSERT INTO lineups (match_id, team_id, person_id, quarter, in_pool) VALUES (21, 26, 130, 3, 1);
INSERT INTO lineups (match_id, team_id, person_id, quarter, in_pool) VALUES (4, 26, 241, 4, 1);
INSERT INTO lineups (match_id, team_id, person_id, quarter, in_pool) VALUES (25, 26, 227, 4, 1);
INSERT INTO lineups (match_id, team_id, person_id, quarter, in_pool) VALUES (22, 26, 212, 4, 1);
INSERT INTO lineups (match_id, team_id, person_id, quarter, in_pool) VALUES (25, 26, 205, 4, 1);
INSERT INTO lineups (match_id, team_id, person_id, quarter, in_pool) VALUES (25, 26, 94, 4, 1);
INSERT INTO lineups (match_id, team_id, person_id, quarter, in_pool) VALUES (10, 26, 244, 4, 1);
INSERT INTO lineups (match_id, team_id, person_id, quarter, in_pool) VALUES (16, 26, 107, 4, 1);
INSERT INTO lineups (match_id, team_id, person_id, quarter, in_pool) VALUES (14, 27, 77, 1, 1);
INSERT INTO lineups (match_id, team_id, person_id, quarter, in_pool) VALUES (4, 27, 244, 1, 1);
INSERT INTO lineups (match_id, team_id, person_id, quarter, in_pool) VALUES (13, 27, 43, 1, 1);
INSERT INTO lineups (match_id, team_id, person_id, quarter, in_pool) VALUES (18, 27, 164, 1, 1);
INSERT INTO lineups (match_id, team_id, person_id, quarter, in_pool) VALUES (2, 27, 52, 1, 1);
INSERT INTO lineups (match_id, team_id, person_id, quarter, in_pool) VALUES (22, 27, 209, 1, 1);
INSERT INTO lineups (match_id, team_id, person_id, quarter, in_pool) VALUES (3, 27, 241, 1, 1);
INSERT INTO lineups (match_id, team_id, person_id, quarter, in_pool) VALUES (15, 27, 38, 2, 1);
INSERT INTO lineups (match_id, team_id, person_id, quarter, in_pool) VALUES (17, 27, 78, 2, 1);
INSERT INTO lineups (match_id, team_id, person_id, quarter, in_pool) VALUES (7, 27, 222, 2, 1);
INSERT INTO lineups (match_id, team_id, person_id, quarter, in_pool) VALUES (25, 27, 89, 2, 1);
INSERT INTO lineups (match_id, team_id, person_id, quarter, in_pool) VALUES (15, 27, 126, 2, 1);
INSERT INTO lineups (match_id, team_id, person_id, quarter, in_pool) VALUES (12, 27, 219, 2, 1);
INSERT INTO lineups (match_id, team_id, person_id, quarter, in_pool) VALUES (11, 27, 43, 2, 1);
INSERT INTO lineups (match_id, team_id, person_id, quarter, in_pool) VALUES (18, 27, 217, 3, 1);
INSERT INTO lineups (match_id, team_id, person_id, quarter, in_pool) VALUES (8, 27, 234, 3, 1);
INSERT INTO lineups (match_id, team_id, person_id, quarter, in_pool) VALUES (4, 27, 33, 3, 1);
INSERT INTO lineups (match_id, team_id, person_id, quarter, in_pool) VALUES (22, 27, 233, 3, 1);
INSERT INTO lineups (match_id, team_id, person_id, quarter, in_pool) VALUES (21, 27, 128, 3, 1);
INSERT INTO lineups (match_id, team_id, person_id, quarter, in_pool) VALUES (6, 27, 200, 3, 1);
INSERT INTO lineups (match_id, team_id, person_id, quarter, in_pool) VALUES (10, 27, 238, 3, 1);
INSERT INTO lineups (match_id, team_id, person_id, quarter, in_pool) VALUES (17, 27, 105, 4, 1);
INSERT INTO lineups (match_id, team_id, person_id, quarter, in_pool) VALUES (5, 27, 188, 4, 1);
INSERT INTO lineups (match_id, team_id, person_id, quarter, in_pool) VALUES (3, 27, 140, 4, 1);
INSERT INTO lineups (match_id, team_id, person_id, quarter, in_pool) VALUES (5, 27, 127, 4, 1);
INSERT INTO lineups (match_id, team_id, person_id, quarter, in_pool) VALUES (3, 27, 238, 4, 1);
INSERT INTO lineups (match_id, team_id, person_id, quarter, in_pool) VALUES (5, 27, 250, 4, 1);
INSERT INTO lineups (match_id, team_id, person_id, quarter, in_pool) VALUES (9, 27, 185, 4, 1);
INSERT INTO lineups (match_id, team_id, person_id, quarter, in_pool) VALUES (14, 28, 46, 1, 1);
INSERT INTO lineups (match_id, team_id, person_id, quarter, in_pool) VALUES (4, 28, 131, 1, 1);
INSERT INTO lineups (match_id, team_id, person_id, quarter, in_pool) VALUES (19, 28, 118, 1, 1);
INSERT INTO lineups (match_id, team_id, person_id, quarter, in_pool) VALUES (4, 28, 57, 1, 1);
INSERT INTO lineups (match_id, team_id, person_id, quarter, in_pool) VALUES (11, 28, 106, 1, 1);
INSERT INTO lineups (match_id, team_id, person_id, quarter, in_pool) VALUES (17, 28, 248, 1, 1);
INSERT INTO lineups (match_id, team_id, person_id, quarter, in_pool) VALUES (7, 28, 222, 1, 1);
INSERT INTO lineups (match_id, team_id, person_id, quarter, in_pool) VALUES (10, 28, 30, 2, 1);
INSERT INTO lineups (match_id, team_id, person_id, quarter, in_pool) VALUES (4, 28, 219, 2, 1);
INSERT INTO lineups (match_id, team_id, person_id, quarter, in_pool) VALUES (3, 28, 27, 2, 1);
INSERT INTO lineups (match_id, team_id, person_id, quarter, in_pool) VALUES (17, 28, 205, 2, 1);
INSERT INTO lineups (match_id, team_id, person_id, quarter, in_pool) VALUES (1, 28, 60, 2, 1);
INSERT INTO lineups (match_id, team_id, person_id, quarter, in_pool) VALUES (19, 28, 77, 2, 1);
INSERT INTO lineups (match_id, team_id, person_id, quarter, in_pool) VALUES (14, 28, 36, 2, 1);
INSERT INTO lineups (match_id, team_id, person_id, quarter, in_pool) VALUES (13, 28, 174, 3, 1);
INSERT INTO lineups (match_id, team_id, person_id, quarter, in_pool) VALUES (1, 28, 68, 3, 1);
INSERT INTO lineups (match_id, team_id, person_id, quarter, in_pool) VALUES (5, 28, 146, 3, 1);
INSERT INTO lineups (match_id, team_id, person_id, quarter, in_pool) VALUES (17, 28, 58, 3, 1);
INSERT INTO lineups (match_id, team_id, person_id, quarter, in_pool) VALUES (7, 28, 32, 3, 1);
INSERT INTO lineups (match_id, team_id, person_id, quarter, in_pool) VALUES (7, 28, 34, 3, 1);
INSERT INTO lineups (match_id, team_id, person_id, quarter, in_pool) VALUES (19, 28, 16, 3, 1);
INSERT INTO lineups (match_id, team_id, person_id, quarter, in_pool) VALUES (16, 28, 107, 4, 1);
INSERT INTO lineups (match_id, team_id, person_id, quarter, in_pool) VALUES (17, 28, 234, 4, 1);
INSERT INTO lineups (match_id, team_id, person_id, quarter, in_pool) VALUES (22, 28, 195, 4, 1);
INSERT INTO lineups (match_id, team_id, person_id, quarter, in_pool) VALUES (10, 28, 122, 4, 1);
INSERT INTO lineups (match_id, team_id, person_id, quarter, in_pool) VALUES (24, 28, 34, 4, 1);
INSERT INTO lineups (match_id, team_id, person_id, quarter, in_pool) VALUES (18, 28, 24, 4, 1);
INSERT INTO lineups (match_id, team_id, person_id, quarter, in_pool) VALUES (11, 28, 118, 4, 1);
INSERT INTO lineups (match_id, team_id, person_id, quarter, in_pool) VALUES (6, 29, 41, 1, 1);
INSERT INTO lineups (match_id, team_id, person_id, quarter, in_pool) VALUES (10, 29, 246, 1, 1);
INSERT INTO lineups (match_id, team_id, person_id, quarter, in_pool) VALUES (5, 29, 223, 1, 1);
INSERT INTO lineups (match_id, team_id, person_id, quarter, in_pool) VALUES (10, 29, 133, 1, 1);
INSERT INTO lineups (match_id, team_id, person_id, quarter, in_pool) VALUES (10, 29, 52, 1, 1);
INSERT INTO lineups (match_id, team_id, person_id, quarter, in_pool) VALUES (20, 29, 66, 1, 1);
INSERT INTO lineups (match_id, team_id, person_id, quarter, in_pool) VALUES (6, 29, 80, 1, 1);
INSERT INTO lineups (match_id, team_id, person_id, quarter, in_pool) VALUES (1, 29, 81, 2, 1);
INSERT INTO lineups (match_id, team_id, person_id, quarter, in_pool) VALUES (14, 29, 48, 2, 1);
INSERT INTO lineups (match_id, team_id, person_id, quarter, in_pool) VALUES (1, 29, 221, 2, 1);
INSERT INTO lineups (match_id, team_id, person_id, quarter, in_pool) VALUES (19, 29, 157, 2, 1);
INSERT INTO lineups (match_id, team_id, person_id, quarter, in_pool) VALUES (23, 29, 82, 2, 1);
INSERT INTO lineups (match_id, team_id, person_id, quarter, in_pool) VALUES (15, 29, 244, 2, 1);
INSERT INTO lineups (match_id, team_id, person_id, quarter, in_pool) VALUES (18, 29, 15, 2, 1);
INSERT INTO lineups (match_id, team_id, person_id, quarter, in_pool) VALUES (22, 29, 200, 3, 1);
INSERT INTO lineups (match_id, team_id, person_id, quarter, in_pool) VALUES (22, 29, 180, 3, 1);
INSERT INTO lineups (match_id, team_id, person_id, quarter, in_pool) VALUES (18, 29, 51, 3, 1);
INSERT INTO lineups (match_id, team_id, person_id, quarter, in_pool) VALUES (23, 29, 140, 3, 1);
INSERT INTO lineups (match_id, team_id, person_id, quarter, in_pool) VALUES (18, 29, 50, 3, 1);
INSERT INTO lineups (match_id, team_id, person_id, quarter, in_pool) VALUES (18, 29, 5, 3, 1);
INSERT INTO lineups (match_id, team_id, person_id, quarter, in_pool) VALUES (14, 29, 182, 3, 1);
INSERT INTO lineups (match_id, team_id, person_id, quarter, in_pool) VALUES (21, 29, 30, 4, 1);
INSERT INTO lineups (match_id, team_id, person_id, quarter, in_pool) VALUES (6, 29, 134, 4, 1);
INSERT INTO lineups (match_id, team_id, person_id, quarter, in_pool) VALUES (22, 29, 182, 4, 1);
INSERT INTO lineups (match_id, team_id, person_id, quarter, in_pool) VALUES (5, 29, 74, 4, 1);
INSERT INTO lineups (match_id, team_id, person_id, quarter, in_pool) VALUES (1, 29, 37, 4, 1);
INSERT INTO lineups (match_id, team_id, person_id, quarter, in_pool) VALUES (2, 29, 16, 4, 1);
INSERT INTO lineups (match_id, team_id, person_id, quarter, in_pool) VALUES (18, 29, 47, 4, 1);
INSERT INTO lineups (match_id, team_id, person_id, quarter, in_pool) VALUES (17, 30, 105, 1, 1);
INSERT INTO lineups (match_id, team_id, person_id, quarter, in_pool) VALUES (20, 30, 165, 1, 1);
INSERT INTO lineups (match_id, team_id, person_id, quarter, in_pool) VALUES (21, 30, 207, 1, 1);
INSERT INTO lineups (match_id, team_id, person_id, quarter, in_pool) VALUES (20, 30, 125, 1, 1);
INSERT INTO lineups (match_id, team_id, person_id, quarter, in_pool) VALUES (6, 30, 158, 1, 1);
INSERT INTO lineups (match_id, team_id, person_id, quarter, in_pool) VALUES (22, 30, 157, 1, 1);
INSERT INTO lineups (match_id, team_id, person_id, quarter, in_pool) VALUES (4, 30, 231, 1, 1);
INSERT INTO lineups (match_id, team_id, person_id, quarter, in_pool) VALUES (14, 30, 104, 2, 1);
INSERT INTO lineups (match_id, team_id, person_id, quarter, in_pool) VALUES (23, 30, 199, 2, 1);
INSERT INTO lineups (match_id, team_id, person_id, quarter, in_pool) VALUES (6, 30, 96, 2, 1);
INSERT INTO lineups (match_id, team_id, person_id, quarter, in_pool) VALUES (20, 30, 237, 2, 1);
INSERT INTO lineups (match_id, team_id, person_id, quarter, in_pool) VALUES (9, 30, 123, 2, 1);
INSERT INTO lineups (match_id, team_id, person_id, quarter, in_pool) VALUES (19, 30, 82, 2, 1);
INSERT INTO lineups (match_id, team_id, person_id, quarter, in_pool) VALUES (24, 30, 149, 2, 1);
INSERT INTO lineups (match_id, team_id, person_id, quarter, in_pool) VALUES (24, 30, 33, 3, 1);
INSERT INTO lineups (match_id, team_id, person_id, quarter, in_pool) VALUES (9, 30, 243, 3, 1);
INSERT INTO lineups (match_id, team_id, person_id, quarter, in_pool) VALUES (14, 30, 24, 3, 1);
INSERT INTO lineups (match_id, team_id, person_id, quarter, in_pool) VALUES (23, 30, 199, 3, 1);
INSERT INTO lineups (match_id, team_id, person_id, quarter, in_pool) VALUES (5, 30, 88, 3, 1);
INSERT INTO lineups (match_id, team_id, person_id, quarter, in_pool) VALUES (18, 30, 122, 3, 1);
INSERT INTO lineups (match_id, team_id, person_id, quarter, in_pool) VALUES (1, 30, 235, 3, 1);
INSERT INTO lineups (match_id, team_id, person_id, quarter, in_pool) VALUES (7, 30, 134, 4, 1);
INSERT INTO lineups (match_id, team_id, person_id, quarter, in_pool) VALUES (21, 30, 118, 4, 1);
INSERT INTO lineups (match_id, team_id, person_id, quarter, in_pool) VALUES (3, 30, 144, 4, 1);
INSERT INTO lineups (match_id, team_id, person_id, quarter, in_pool) VALUES (2, 30, 27, 4, 1);
INSERT INTO lineups (match_id, team_id, person_id, quarter, in_pool) VALUES (14, 30, 101, 4, 1);
INSERT INTO lineups (match_id, team_id, person_id, quarter, in_pool) VALUES (22, 30, 128, 4, 1);
INSERT INTO lineups (match_id, team_id, person_id, quarter, in_pool) VALUES (14, 30, 44, 4, 1);
INSERT INTO lineups (match_id, team_id, person_id, quarter, in_pool) VALUES (19, 31, 108, 1, 1);
INSERT INTO lineups (match_id, team_id, person_id, quarter, in_pool) VALUES (18, 31, 64, 1, 1);
INSERT INTO lineups (match_id, team_id, person_id, quarter, in_pool) VALUES (4, 31, 158, 1, 1);
INSERT INTO lineups (match_id, team_id, person_id, quarter, in_pool) VALUES (3, 31, 207, 1, 1);
INSERT INTO lineups (match_id, team_id, person_id, quarter, in_pool) VALUES (11, 31, 212, 1, 1);
INSERT INTO lineups (match_id, team_id, person_id, quarter, in_pool) VALUES (11, 31, 221, 1, 1);
INSERT INTO lineups (match_id, team_id, person_id, quarter, in_pool) VALUES (5, 31, 141, 1, 1);
INSERT INTO lineups (match_id, team_id, person_id, quarter, in_pool) VALUES (14, 31, 87, 2, 1);
INSERT INTO lineups (match_id, team_id, person_id, quarter, in_pool) VALUES (7, 31, 134, 2, 1);
INSERT INTO lineups (match_id, team_id, person_id, quarter, in_pool) VALUES (3, 31, 23, 2, 1);
INSERT INTO lineups (match_id, team_id, person_id, quarter, in_pool) VALUES (2, 31, 172, 2, 1);
INSERT INTO lineups (match_id, team_id, person_id, quarter, in_pool) VALUES (2, 31, 8, 2, 1);
INSERT INTO lineups (match_id, team_id, person_id, quarter, in_pool) VALUES (17, 31, 18, 2, 1);
INSERT INTO lineups (match_id, team_id, person_id, quarter, in_pool) VALUES (6, 31, 185, 2, 1);
INSERT INTO lineups (match_id, team_id, person_id, quarter, in_pool) VALUES (22, 31, 87, 3, 1);
INSERT INTO lineups (match_id, team_id, person_id, quarter, in_pool) VALUES (13, 31, 29, 3, 1);
INSERT INTO lineups (match_id, team_id, person_id, quarter, in_pool) VALUES (13, 31, 20, 3, 1);
INSERT INTO lineups (match_id, team_id, person_id, quarter, in_pool) VALUES (23, 31, 24, 3, 1);
INSERT INTO lineups (match_id, team_id, person_id, quarter, in_pool) VALUES (12, 31, 73, 3, 1);
INSERT INTO lineups (match_id, team_id, person_id, quarter, in_pool) VALUES (20, 31, 144, 3, 1);
INSERT INTO lineups (match_id, team_id, person_id, quarter, in_pool) VALUES (18, 31, 48, 3, 1);
INSERT INTO lineups (match_id, team_id, person_id, quarter, in_pool) VALUES (3, 31, 198, 4, 1);
INSERT INTO lineups (match_id, team_id, person_id, quarter, in_pool) VALUES (8, 31, 166, 4, 1);
INSERT INTO lineups (match_id, team_id, person_id, quarter, in_pool) VALUES (18, 31, 171, 4, 1);
INSERT INTO lineups (match_id, team_id, person_id, quarter, in_pool) VALUES (19, 31, 189, 4, 1);
INSERT INTO lineups (match_id, team_id, person_id, quarter, in_pool) VALUES (6, 31, 213, 4, 1);
INSERT INTO lineups (match_id, team_id, person_id, quarter, in_pool) VALUES (25, 31, 131, 4, 1);
INSERT INTO lineups (match_id, team_id, person_id, quarter, in_pool) VALUES (14, 31, 144, 4, 1);
